0.010,0.00000,0.00000,0.00000,0.00000
0.053,0.00000,0.00000,0.00000,0.00000
0.084,0.00000,0.00000,0.00000,0.00000
0.114,0.00000,0.00000,0.00000,0.00000
0.146,0.00000,0.00000,0.00000,0.00000
0.176,0.00000,0.00000,0.00000,0.00000
0.207,0.00000,0.00000,0.00000,0.00000
0.237,0.00000,0.00000,0.00000,0.00000
0.270,0.00000,0.00000,0.00000,0.00000
0.300,0.00000,0.00000,0.00000,0.00000
0.332,0.00000,0.00000,0.00000,0.00000
0.363,0.00000,0.00000,0.00000,0.00000
0.395,0.00000,0.00000,0.00000,0.00000
0.426,0.00000,0.00000,0.00000,0.00000
0.458,0.00000,0.00000,0.00000,0.00000
0.489,0.00000,0.00000,0.00000,0.00000
0.520,0.00000,0.00000,0.00000,0.00000
0.551,0.00000,0.00000,0.00000,0.00000
0.582,0.00000,0.00000,0.00000,0.00000
0.613,0.00000,0.00000,0.00000,0.00000
0.644,0.00000,0.00000,0.00000,0.00000
0.675,0.00000,0.00000,0.00000,0.00000
0.706,0.00000,0.00000,0.00000,0.00000
0.738,0.00000,0.00000,0.00000,0.00000
0.770,0.00000,0.00000,0.00000,0.00000
0.801,0.00000,0.00000,0.00000,0.00000
0.832,0.00000,0.00000,0.00000,0.00000
0.863,0.00000,0.00000,0.00000,0.00000
0.894,0.00000,0.00000,0.00000,0.00000
0.925,0.00000,0.00000,0.00000,0.00000
0.956,0.00000,0.00000,0.00000,0.00000
0.988,0.00000,0.00000,0.00000,0.00000
1.019,0.00000,0.00000,0.00000,0.00000
1.050,0.00000,0.00000,0.00000,0.00000
1.081,0.00000,0.00000,0.00000,0.00000
1.112,0.00000,0.00000,0.00000,0.00000
1.143,0.00000,0.00000,0.00000,0.00000
1.175,0.00000,0.00000,0.00000,0.00000
1.206,0.00000,0.00000,0.00000,0.00000
1.238,0.00000,0.00000,0.00000,0.00000
1.270,0.00000,0.00000,0.00000,0.00000
1.300,0.00000,0.00000,0.00000,0.00000
1.332,0.00000,0.00000,0.00000,0.00000
1.363,0.00000,0.00000,0.00000,0.00000
1.393,0.00000,0.00000,0.00000,0.00000
1.424,0.00000,0.00000,0.00000,0.00000
1.456,0.00000,0.00000,0.00000,0.00000
1.488,0.00000,0.00000,0.00000,0.00000
1.520,0.00000,0.00000,0.00000,0.00000
1.552,0.00000,0.00000,0.00000,0.00000
1.582,0.00000,0.00000,0.00000,0.00000
1.614,0.00000,0.00000,0.00000,0.00000
1.645,0.00000,0.00000,0.00000,0.00000
1.677,0.00000,0.00000,0.00000,0.00000
1.708,0.00000,0.00000,0.00000,0.00000
1.738,0.00000,0.00000,0.00000,0.00000
1.769,0.00000,0.00000,0.00000,0.00000
1.801,0.00000,0.00000,0.00000,0.00000
1.832,0.00000,0.00000,0.00000,0.00000
1.863,0.00000,0.00000,0.00000,0.00000
1.894,0.00000,0.00000,0.00000,0.00000
1.926,0.00000,0.00000,0.00000,0.00000
1.956,0.00000,0.00000,0.00000,0.00000
1.988,0.00000,0.00000,0.00000,0.00000
2.019,0.00000,0.00000,0.00000,0.00000
2.050,0.00000,0.00000,0.00000,0.00000
2.080,0.00000,0.00000,0.00000,0.00000
2.112,0.00000,0.00000,0.00000,0.00000
2.143,0.00000,0.00000,0.00000,0.00000
2.175,0.00000,0.00000,0.00000,0.00000
2.206,0.00000,0.00000,0.00000,0.00000
2.238,0.00000,0.00000,0.00000,0.00000
2.270,0.00000,0.00000,0.00000,0.00000
2.301,0.00000,0.00000,0.00000,0.00000
2.332,0.00000,0.00000,0.00000,0.00000
2.364,0.00000,0.00000,0.00000,0.00000
2.395,0.00000,0.00000,0.00000,0.00000
2.426,0.00000,0.00000,0.00000,0.00000
2.457,0.00000,0.00000,0.00000,0.00000
2.488,0.00000,0.00000,0.00000,0.00000
2.519,0.00000,0.00000,0.00000,0.00000
2.550,0.00000,0.00000,0.00000,0.00000
2.581,0.00000,0.00000,0.00000,0.00000
2.612,0.00000,0.00000,0.00000,0.00000
2.643,0.00000,0.00000,0.00000,0.00000
2.675,0.00000,0.00000,0.00000,0.00000
2.706,0.00000,0.00000,0.00000,0.00000
2.737,0.00000,0.00000,0.00000,0.00000
2.768,0.00000,0.00000,0.00000,0.00000
2.799,0.00000,0.00000,0.00000,0.00000
2.831,0.00000,0.00000,0.00000,0.00000
2.862,0.00000,0.00000,0.00000,0.00000
2.894,0.00000,0.00000,0.00000,0.00000
2.924,0.00000,0.00000,0.00000,0.00000
2.955,0.00000,0.00000,0.00000,0.00000
2.986,0.00000,0.00000,0.00000,0.00000
3.018,0.00000,0.00000,0.00000,0.00000
3.048,0.00000,0.00000,0.00000,0.00000
3.079,0.00000,0.00000,0.00000,0.00000
3.110,0.00000,0.00000,0.00000,0.00000
3.142,0.00000,0.00000,0.00000,0.00000
3.172,0.00000,0.00000,0.00000,0.00000
3.203,0.00000,0.00000,0.00000,0.00000
3.235,0.00000,0.00000,0.00000,0.00000
3.266,0.00000,0.00000,0.00000,0.00000
3.297,0.00000,0.00000,0.00000,0.00000
3.328,0.00000,0.00000,0.00000,0.00000
3.359,0.00000,0.00000,0.00000,0.00000
3.390,0.00000,0.00000,0.00000,0.00000
3.420,0.00000,0.00000,0.00000,0.00000
3.451,0.00000,0.00000,0.00000,0.00000
3.482,0.00000,0.00000,0.00000,0.00000
3.513,0.00000,0.00000,0.00000,0.00000
3.545,0.00000,0.00000,0.00000,0.00000
3.576,0.00000,0.00000,0.00000,0.00000
3.608,0.00000,0.00000,0.00000,0.00000
3.638,0.00000,0.00000,0.00000,0.00000
3.669,0.00000,0.00000,0.00000,0.00000
3.700,0.00000,0.00000,0.00000,0.00000
3.731,0.00000,0.00000,0.00000,0.00000
3.763,0.00000,0.00000,0.00000,0.00000
3.794,0.00000,0.00000,0.00000,0.00000
3.826,0.00000,0.00000,0.00000,0.00000
3.858,0.00000,0.00000,0.00000,0.00000
3.888,0.00000,0.00000,0.00000,0.00000
3.921,0.00000,0.00000,0.00000,0.00000
3.952,0.00000,0.00000,0.00000,0.00000
3.982,0.00000,0.00000,0.00000,0.00000
4.013,0.00000,0.00000,0.00000,0.00000
4.045,0.00000,0.00000,0.00000,0.00000
4.075,0.00000,0.00000,0.00000,0.00000
4.106,0.00000,0.00000,0.00000,0.00000
4.137,0.00000,0.00000,0.00000,0.00000
4.168,0.00000,0.00000,0.00000,0.00000
4.198,0.00000,0.00000,0.00000,0.00000
4.229,0.00000,0.00000,0.00000,0.00000
4.261,0.00000,0.00000,0.00000,0.00000
4.293,0.00000,0.00000,0.00000,0.00000
4.324,0.00000,0.00000,0.00000,0.00000
4.355,0.00000,0.00000,0.00000,0.00000
4.387,0.00000,0.00000,0.00000,0.00000
4.417,0.00000,0.00000,0.00000,0.00000
4.448,0.00000,0.00000,0.00000,0.00000
4.480,0.00000,0.00000,0.00000,0.00000
4.512,0.00000,0.00000,0.00000,0.00000
4.542,0.00000,0.00000,0.00000,0.00000
4.573,0.00000,0.00000,0.00000,0.00000
4.604,0.00000,0.00000,0.00000,0.00000
4.636,0.00000,0.00000,0.00000,0.00000
4.668,0.00000,0.00000,0.00000,0.00000
4.699,0.00000,0.00000,0.00000,0.00000
4.731,0.00000,0.00000,0.00000,0.00000
4.761,0.00000,0.00000,0.00000,0.00000
4.793,0.00000,0.00000,0.00000,0.00000
4.824,0.00000,0.00000,0.00000,0.00000
4.855,0.00000,0.00000,0.00000,0.00000
4.886,0.00000,0.00000,0.00000,0.00000
4.916,0.00000,0.00000,0.00000,0.00000
4.948,0.00000,0.00000,0.00000,0.00000
4.979,0.00000,0.00000,0.00000,0.00000
5.010,0.00000,0.00000,0.00000,0.00000
5.040,0.00000,0.00000,0.00000,0.00000
5.072,0.00000,0.00000,0.00000,0.00000
5.104,0.00000,0.00000,0.00000,0.00000
5.135,0.00000,0.00000,0.00000,0.00000
5.165,0.00000,0.00000,0.00000,0.00000
5.196,0.00000,0.00000,0.00000,0.00000
5.227,0.00000,0.00000,0.00000,0.00000
5.258,0.00000,0.00000,0.00000,0.00000
5.290,0.00000,0.00000,0.00000,0.00000
5.321,0.00000,0.00000,0.00000,0.00000
5.366,0.00000,0.00000,0.00000,0.00000
5.397,0.00000,0.00000,0.00000,0.00000
5.428,0.00000,0.00000,0.00000,0.00000
5.460,0.00000,0.00000,0.00000,0.00000
5.489,0.00000,0.00000,0.00000,0.00000
5.520,0.00000,0.00000,0.00000,0.00000
5.551,0.00000,0.00000,0.00000,0.00000
5.583,0.00000,0.00000,0.00000,0.00000
5.614,0.00000,0.00000,0.00000,0.00000
5.645,0.00000,0.00000,0.00000,0.00000
5.675,0.00000,0.00000,0.00000,0.00000
5.706,0.00000,0.00000,0.00000,0.00000
5.737,0.00000,0.00000,0.00000,0.00000
5.768,0.00000,0.00000,0.00000,0.00000
5.798,0.00000,0.00000,0.00000,0.00000
5.829,0.00000,0.00000,0.00000,0.00000
5.860,0.00000,0.00000,0.00000,0.00000
5.891,0.00000,0.00000,0.00000,0.00000
5.922,0.00000,0.00000,0.00000,0.00000
5.953,0.00000,0.00000,0.00000,0.00000
5.985,0.00000,0.00000,0.00000,0.00000
6.016,0.00000,0.00000,0.00000,0.00000
6.048,0.00000,0.00000,0.00000,0.00000
6.079,0.00000,0.00000,0.00000,0.00000
6.110,0.00000,0.00000,0.00000,0.00000
6.140,0.00000,0.00000,0.00000,0.00000
6.171,0.00000,0.00000,0.00000,0.00000
6.202,0.00000,0.00000,0.00000,0.00000
6.233,0.00000,0.00000,0.00000,0.00000
6.264,0.00000,0.00000,0.00000,0.00000
6.295,0.00000,0.00000,0.00000,0.00000
6.326,0.00000,0.00000,0.00000,0.00000
6.357,0.00000,0.00000,0.00000,0.00000
6.388,0.00000,0.00000,0.00000,0.00000
6.421,0.00000,0.00000,0.00000,0.00000
6.450,0.00000,0.00000,0.00000,0.00000
6.481,0.00000,0.00000,0.00000,0.00000
6.513,0.00000,0.00000,0.00000,0.00000
6.544,0.00000,0.00000,0.00000,0.00000
6.575,0.00000,0.00000,0.00000,0.00000
6.606,0.00000,0.00000,0.00000,0.00000
6.637,0.00000,0.00000,0.00000,0.00000
6.668,0.00000,0.00000,0.00000,0.00000
6.699,0.00000,0.00000,0.00000,0.00000
6.730,0.00000,0.00000,0.00000,0.00000
6.761,0.00000,0.00000,0.00000,0.00000
6.793,0.00000,0.00000,0.00000,0.00000
6.824,0.00000,0.00000,0.00000,0.00000
6.854,0.00000,0.00000,0.00000,0.00000
6.886,0.00000,0.00000,0.00000,0.00000
6.918,0.00000,0.00000,0.00000,0.00000
6.949,0.00000,0.00000,0.00000,0.00000
6.980,0.00000,0.00000,0.00000,0.00000
7.012,0.00000,0.00000,0.00000,0.00000
7.043,0.00000,0.00000,0.00000,0.00000
7.075,0.00000,0.00000,0.00000,0.00000
7.106,0.00000,0.00000,0.00000,0.00000
7.137,0.00000,0.00000,0.00000,0.00000
7.168,0.00000,0.00000,0.00000,0.00000
7.199,0.00000,0.00000,0.00000,0.00000
7.230,0.00000,0.00000,0.00000,0.00000
7.261,0.00000,0.00000,0.00000,0.00000
7.292,0.00000,0.00000,0.00000,0.00000
7.323,0.00000,0.00000,0.00000,0.00000
7.355,0.00000,0.00000,0.00000,0.00000
7.385,0.00000,0.00000,0.00000,0.00000
7.416,0.00000,0.00000,0.00000,0.00000
7.448,0.00000,0.00000,0.00000,0.00000
7.479,0.00000,0.00000,0.00000,0.00000
7.511,0.00000,0.00000,0.00000,0.00000
7.542,0.00000,0.00000,0.00000,0.00000
7.574,0.00000,0.00000,0.00000,0.00000
7.604,0.00000,0.00000,0.00000,0.00000
7.635,0.00000,0.00000,0.00000,0.00000
7.667,0.00000,0.00000,0.00000,0.00000
7.699,0.00000,0.00000,0.00000,0.00000
7.730,0.00000,0.00000,0.00000,0.00000
7.760,0.00000,0.00000,0.00000,0.00000
7.791,0.00000,0.00000,0.00000,0.00000
7.822,0.00000,0.00000,0.00000,0.00000
7.853,0.00000,0.00000,0.00000,0.00000
7.885,0.00000,0.00000,0.00000,0.00000
7.916,0.00000,0.00000,0.00000,0.00000
7.947,0.00000,0.00000,0.00000,0.00000
7.978,0.00000,0.00000,0.00000,0.00000
8.009,0.00000,0.00000,0.00000,0.00000
8.040,0.00000,0.00000,0.00000,0.00000
8.072,0.00000,0.00000,0.00000,0.00000
8.102,0.00000,0.00000,0.00000,0.00000
8.133,0.00000,0.00000,0.00000,0.00000
8.165,0.00000,0.00000,0.00000,0.00000
8.196,0.00000,0.00000,0.00000,0.00000
8.228,0.00000,0.00000,0.00000,0.00000
8.258,0.00000,0.00000,0.00000,0.00000
8.289,0.00000,0.00000,0.00000,0.00000
8.321,0.00000,0.00000,0.00000,0.00000
8.352,0.00000,0.00000,0.00000,0.00000
8.383,0.00000,0.00000,0.00000,0.00000
8.430,0.00000,0.00000,0.00000,0.00000
8.461,0.00000,0.00000,0.00000,0.00000
8.508,0.00000,0.00000,0.00000,0.00000
8.555,0.00000,0.00000,0.00000,0.00000
8.601,0.00000,0.00000,0.00000,0.00000
8.648,0.00000,0.00000,0.00000,0.00000
8.679,0.00000,0.00000,0.00000,0.00000
8.726,0.00000,0.00000,0.00000,0.00000
8.772,0.00000,0.00000,0.00000,0.00000
8.803,0.00000,0.00000,0.00000,0.00000
8.833,0.00000,0.00000,0.00000,0.00000
8.864,0.00000,0.00000,0.00000,0.00000
8.895,0.00000,0.00000,0.00000,0.00000
8.926,0.00000,0.00000,0.00000,0.00000
8.958,0.00000,0.00000,0.00000,0.00000
8.989,0.00000,0.00000,0.00000,0.00000
9.020,0.00000,0.00000,0.00000,0.00000
9.051,0.00000,0.00000,0.00000,0.00000
9.082,0.00000,0.00000,0.00000,0.00000
9.112,0.00000,0.00000,0.00000,0.00000
9.143,0.00000,0.00000,0.00000,0.00000
9.175,0.00000,0.00000,0.00000,0.00000
9.205,0.00000,0.00000,0.00000,0.00000
9.236,0.00000,0.00000,0.00000,0.00000
9.266,0.00000,0.00000,0.00000,0.00000
9.298,0.00000,0.00000,0.00000,0.00000
9.329,0.00000,0.00000,0.00000,0.00000
9.359,0.00000,0.00000,0.00000,0.00000
9.390,0.00000,0.00000,0.00000,0.00000
9.422,0.00000,0.00000,0.00000,0.00000
9.453,0.00000,0.00000,0.00000,0.00000
9.484,0.00000,0.00000,0.00000,0.00000
9.515,0.00000,0.00000,0.00000,0.00000
9.545,0.00000,0.00000,0.00000,0.00000
9.576,0.00000,0.00000,0.00000,0.00000
9.607,0.00000,0.00000,0.00000,0.00000
9.638,0.00000,0.00000,0.00000,0.00000
9.669,0.00000,0.00000,0.00000,0.00000
9.701,0.00000,0.00000,0.00000,0.00000
9.732,0.00000,0.00000,0.00000,0.00000
9.763,0.00000,0.00000,0.00000,0.00000
9.794,0.00000,0.00000,0.00000,0.00000
9.826,0.00000,0.00000,0.00000,0.00000
9.858,0.00000,0.00000,0.00000,0.00000
9.889,0.00000,0.00000,0.00000,0.00000
9.920,0.00000,0.00000,0.00000,0.00000
9.952,0.00000,0.00000,0.00000,0.00000
9.983,0.00000,0.00000,0.00000,0.00000
10.013,0.00000,0.00000,0.00000,0.00000
10.044,0.00000,0.00000,0.00000,0.00000
10.075,0.00000,0.00000,0.00000,0.00000
10.106,0.00000,0.00000,0.00000,0.00000
10.137,0.00000,0.00000,0.00000,0.00000
10.168,0.00000,0.00000,0.00000,0.00000
10.199,0.00000,0.00000,0.00000,0.00000
10.229,0.00000,0.00000,0.00000,0.00000
10.261,0.00000,0.00000,0.00000,0.00000
10.292,0.00000,0.00000,0.00000,0.00000
10.323,0.00000,0.00000,0.00000,0.00000
10.354,0.00000,0.00000,0.00000,0.00000
10.385,0.00000,0.00000,0.00000,0.00000
10.416,0.00000,0.00000,0.00000,0.00000
10.447,0.00000,0.00000,0.00000,0.00000
10.478,0.00000,0.00000,0.00000,0.00000
10.510,0.00000,0.00000,0.00000,0.00000
10.541,0.00000,0.00000,0.00000,0.00000
10.572,0.00000,0.00000,0.00000,0.00000
10.602,0.00000,0.00000,0.00000,0.00000
10.633,0.00000,0.00000,0.00000,0.00000
10.679,0.00000,0.00000,0.00000,0.00000
10.726,0.00000,0.00000,0.00000,0.00000
10.757,0.00000,0.00000,0.00000,0.00000
10.790,0.00000,0.00000,0.00000,0.00000
10.836,0.00000,0.00000,0.00000,0.00000
10.882,0.00000,0.00000,0.00000,0.00000
10.929,0.00000,0.00000,0.00000,0.00000
10.959,0.00000,0.00000,0.00000,0.00000
10.991,0.00000,0.00000,0.00000,0.00000
11.022,0.00000,0.00000,0.00000,0.00000
11.053,0.00000,0.00000,0.00000,0.00000
11.084,0.00000,0.00000,0.00000,0.00000
11.115,0.00000,0.00000,0.00000,0.00000
11.146,0.00000,0.00000,0.00000,0.00000
11.177,0.00000,0.00000,0.00000,0.00000
11.207,0.00000,0.00000,0.00000,0.00000
11.238,0.00000,0.00000,0.00000,0.00000
11.269,0.00000,0.00000,0.00000,0.00000
11.300,0.00000,0.00000,0.00000,0.00000
11.331,0.00000,0.00000,0.00000,0.00000
11.363,0.00000,0.00000,0.00000,0.00000
11.393,0.00000,0.00000,0.00000,0.00000
11.425,0.00000,0.00000,0.00000,0.00000
11.456,0.00000,0.00000,0.00000,0.00000
11.488,0.00000,0.00000,0.00000,0.00000
11.520,0.00000,0.00000,0.00000,0.00000
11.550,0.00000,0.00000,0.00000,0.00000
11.582,0.00000,0.00000,0.00000,0.00000
11.613,0.00000,0.00000,0.00000,0.00000
11.644,0.00000,0.00000,0.00000,0.00000
11.674,0.00000,0.00000,0.00000,0.00000
11.705,0.00000,0.00000,0.00000,0.00000
11.736,0.00000,0.00000,0.00000,0.00000
11.766,0.00000,0.00000,0.00000,0.00000
11.797,0.00000,0.00000,0.00000,0.00000
11.827,0.00000,0.00000,0.00000,0.00000
11.859,0.00000,0.00000,0.00000,0.00000
11.891,0.00000,0.00000,0.00000,0.00000
11.923,0.00000,0.00000,0.00000,0.00000
11.953,0.00000,0.00000,0.00000,0.00000
11.985,0.00000,0.00000,0.00000,0.00000
12.016,0.00000,0.00000,0.00000,0.00000
12.048,0.00000,0.00000,0.00000,0.00000
12.078,0.00000,0.00000,0.00000,0.00000
12.109,0.00000,0.00000,0.00000,0.00000
12.140,0.00000,0.00000,0.00000,0.00000
12.171,0.00000,0.00000,0.00000,0.00000
12.202,0.00000,0.00000,0.00000,0.00000
12.233,0.00000,0.00000,0.00000,0.00000
12.264,0.00000,0.00000,0.00000,0.00000
12.294,0.00000,0.00000,0.00000,0.00000
12.326,0.00000,0.00000,0.00000,0.00000
12.357,0.00000,0.00000,0.00000,0.00000
12.387,0.00000,0.00000,0.00000,0.00000
12.418,0.00000,0.00000,0.00000,0.00000
12.449,0.00000,0.00000,0.00000,0.00000
12.479,0.00000,0.00000,0.00000,0.00000
12.510,0.00000,0.00000,0.00000,0.00000
12.541,0.00000,0.00000,0.00000,0.00000
12.573,0.00000,0.00000,0.00000,0.00000
12.603,0.00000,0.00000,0.00000,0.00000
12.634,0.00000,0.00000,0.00000,0.00000
12.666,0.00000,0.00000,0.00000,0.00000
12.696,0.00000,0.00000,0.00000,0.00000
12.728,0.00000,0.00000,0.00000,0.00000
12.758,0.00000,0.00000,0.00000,0.00000
12.790,0.00000,0.00000,0.00000,0.00000
12.822,0.00000,0.00000,0.00000,0.00000
12.854,0.00000,0.00000,0.00000,0.00000
12.885,0.00000,0.00000,0.00000,0.00000
12.916,0.00000,0.00000,0.00000,0.00000
12.946,0.00000,0.00000,0.00000,0.00000
12.977,0.00000,0.00000,0.00000,0.00000
13.008,0.00000,0.00000,0.00000,0.00000
13.055,0.00000,0.00000,0.00000,0.00000
13.086,0.00000,0.00000,0.00000,0.00000
13.133,0.00000,0.00000,0.00000,0.00000
13.163,0.00000,0.00000,0.00000,0.00000
13.194,0.00000,0.00000,0.00000,0.00000
13.225,0.00000,0.00000,0.00000,0.00000
13.256,0.00000,0.00000,0.00000,0.00000
13.288,0.00000,0.00000,0.00000,0.00000
13.318,0.00000,0.00000,0.00000,0.00000
13.350,0.00000,0.00000,0.00000,0.00000
13.380,0.00000,0.00000,0.00000,0.00000
13.412,0.00000,0.00000,0.00000,0.00000
13.443,0.00000,0.00000,0.00000,0.00000
13.474,0.00000,0.00000,0.00000,0.00000
13.505,0.00000,0.00000,0.00000,0.00000
13.537,0.00000,0.00000,0.00000,0.00000
13.568,0.00000,0.00000,0.00000,0.00000
13.600,0.00000,0.00000,0.00000,0.00000
13.631,0.00000,0.00000,0.00000,0.00000
13.662,0.00000,0.00000,0.00000,0.00000
13.692,0.00000,0.00000,0.00000,0.00000
13.724,0.00000,0.00000,0.00000,0.00000
13.755,0.00000,0.00000,0.00000,0.00000
13.786,0.00000,0.00000,0.00000,0.00000
13.818,0.00000,0.00000,0.00000,0.00000
13.849,0.00000,0.00000,0.00000,0.00000
13.880,0.00000,0.00000,0.00000,0.00000
13.912,0.00000,0.00000,0.00000,0.00000
13.942,0.00000,0.00000,0.00000,0.00000
13.973,0.00000,0.00000,0.00000,0.00000
14.005,0.00000,0.00000,0.00000,0.00000
14.036,0.00000,0.00000,0.00000,0.00000
14.066,0.00000,0.00000,0.00000,0.00000
14.098,0.00000,0.00000,0.00000,0.00000
14.129,0.00000,0.00000,0.00000,0.00000
14.160,0.00000,0.00000,0.00000,0.00000
14.191,0.00000,0.00000,0.00000,0.00000
14.222,0.00000,0.00000,0.00000,0.00000
14.253,0.00000,0.00000,0.00000,0.00000
14.285,0.00000,0.00000,0.00000,0.00000
14.316,0.00000,0.00000,0.00000,0.00000
14.348,0.00000,0.00000,0.00000,0.00000
14.379,0.00000,0.00000,0.00000,0.00000
14.410,0.00000,0.00000,0.00000,0.00000
14.442,0.00000,0.00000,0.00000,0.00000
14.474,0.00000,0.00000,0.00000,0.00000
14.505,0.00000,0.00000,0.00000,0.00000
14.536,0.00000,0.00000,0.00000,0.00000
14.567,0.00000,0.00000,0.00000,0.00000
14.598,0.00000,0.00000,0.00000,0.00000
14.630,0.00000,0.00000,0.00000,0.00000
14.660,0.00000,0.00000,0.00000,0.00000
14.692,0.00000,0.00000,0.00000,0.00000
14.722,0.00000,0.00000,0.00000,0.00000
14.753,0.00000,0.00000,0.00000,0.00000
14.785,0.00000,0.00000,0.00000,0.00000
14.817,0.00000,0.00000,0.00000,0.00000
14.848,0.00000,0.00000,0.00000,0.00000
14.880,0.00000,0.00000,0.00000,0.00000
14.910,0.00000,0.00000,0.00000,0.00000
14.942,0.00000,0.00000,0.00000,0.00000
14.974,0.00000,0.00000,0.00000,0.00000
15.006,0.00000,0.00000,0.00000,0.00000
15.036,0.00000,0.00000,0.00000,0.00000
15.067,0.00000,0.00000,0.00000,0.00000
15.098,0.00000,0.00000,0.00000,0.00000
15.129,0.00000,0.00000,0.00000,0.00000
15.160,0.00000,0.00000,0.00000,0.00000
15.192,0.00000,0.00000,0.00000,0.00000
15.223,0.00000,0.00000,0.00000,0.00000
15.254,0.00000,0.00000,0.00000,0.00000
15.300,0.00000,0.00000,0.00000,0.00000
15.331,0.00000,0.00000,0.00000,0.00000
15.363,0.00000,0.00000,0.00000,0.00000
15.394,0.00000,0.00000,0.00000,0.00000
15.426,0.00000,0.00000,0.00000,0.00000
15.456,0.00000,0.00000,0.00000,0.00000
15.487,0.00000,0.00000,0.00000,0.00000
15.518,0.00000,0.00000,0.00000,0.00000
15.549,0.00000,0.00000,0.00000,0.00000
15.581,0.00000,0.00000,0.00000,0.00000
15.612,0.00000,0.00000,0.00000,0.00000
15.644,0.00000,0.00000,0.00000,0.00000
15.675,0.00000,0.00000,0.00000,0.00000
15.706,0.00000,0.00000,0.00000,0.00000
15.737,0.00000,0.00000,0.00000,0.00000
15.768,0.00000,0.00000,0.00000,0.00000
15.798,0.00000,0.00000,0.00000,0.00000
15.829,0.00000,0.00000,0.00000,0.00000
15.860,0.00000,0.00000,0.00000,0.00000
15.890,0.00000,0.00000,0.00000,0.00000
15.922,0.00000,0.00000,0.00000,0.00000
15.953,0.00000,0.00000,0.00000,0.00000
15.985,0.00000,0.00000,0.00000,0.00000
16.016,0.00000,0.00000,0.00000,0.00000
16.047,0.00000,0.00000,0.00000,0.00000
16.078,0.00000,0.00000,0.00000,0.00000
16.109,0.00000,0.00000,0.00000,0.00000
16.140,0.00000,0.00000,0.00000,0.00000
16.172,0.00000,0.00000,0.00000,0.00000
16.202,0.00000,0.00000,0.00000,0.00000
16.233,0.00000,0.00000,0.00000,0.00000
16.265,0.00000,0.00000,0.00000,0.00000
16.296,0.00000,0.00000,0.00000,0.00000
16.327,0.00000,0.00000,0.00000,0.00000
16.358,0.00000,0.00000,0.00000,0.00000
16.389,0.00000,0.00000,0.00000,0.00000
16.420,0.00000,0.00000,0.00000,0.00000
16.451,0.00000,0.00000,0.00000,0.00000
16.482,0.00000,0.00000,0.00000,0.00000
16.512,0.00000,0.00000,0.00000,0.00000
16.543,0.00000,0.00000,0.00000,0.00000
16.574,0.00000,0.00000,0.00000,0.00000
16.606,0.00000,0.00000,0.00000,0.00000
16.636,0.00000,0.00000,0.00000,0.00000
16.667,0.00000,0.00000,0.00000,0.00000
16.697,0.00000,0.00000,0.00000,0.00000
16.729,0.00000,0.00000,0.00000,0.00000
16.760,0.00000,0.00000,0.00000,0.00000
16.791,0.00000,0.00000,0.00000,0.00000
16.821,0.00000,0.00000,0.00000,0.00000
16.852,0.00000,0.00000,0.00000,0.00000
16.898,0.00000,0.00000,0.00000,0.00000
16.945,0.00000,0.00000,0.00000,0.00000
16.976,0.00000,0.00000,0.00000,0.00000
17.007,0.00000,0.00000,0.00000,0.00000
17.053,0.00000,0.00000,0.00000,0.00000
17.084,0.00000,0.00000,0.00000,0.00000
17.115,0.00000,0.00000,0.00000,0.00000
17.147,0.00000,0.00000,0.00000,0.00000
17.178,0.00000,0.00000,0.00000,0.00000
17.209,0.00000,0.00000,0.00000,0.00000
17.240,0.00000,0.00000,0.00000,0.00000
17.271,0.00000,0.00000,0.00000,0.00000
17.301,0.00000,0.00000,0.00000,0.00000
17.332,0.00000,0.00000,0.00000,0.00000
17.363,0.00000,0.00000,0.00000,0.00000
17.395,0.00000,0.00000,0.00000,0.00000
17.426,0.00000,0.00000,0.00000,0.00000
17.457,0.00000,0.00000,0.00000,0.00000
17.488,0.00000,0.00000,0.00000,0.00000
17.519,0.00000,0.00000,0.00000,0.00000
17.551,0.00000,0.00000,0.00000,0.00000
17.582,0.00000,0.00000,0.00000,0.00000
17.613,0.00000,0.00000,0.00000,0.00000
17.643,0.00000,0.00000,0.00000,0.00000
17.675,0.00000,0.00000,0.00000,0.00000
17.705,0.00000,0.00000,0.00000,0.00000
17.736,0.00000,0.00000,0.00000,0.00000
17.767,0.00000,0.00000,0.00000,0.00000
17.798,0.00000,0.00000,0.00000,0.00000
17.830,0.00000,0.00000,0.00000,0.00000
17.862,0.00000,0.00000,0.00000,0.00000
17.893,0.00000,0.00000,0.00000,0.00000
17.925,0.00000,0.00000,0.02315,0.02301
17.956,0.00000,0.00000,0.97417,0.96816
17.987,0.00000,0.00000,1.00000,1.00000
18.018,0.00000,0.00000,1.00000,1.00000
18.049,0.00000,0.00000,1.00000,1.00000
18.081,0.00000,0.00000,1.00000,1.00000
18.111,0.00000,0.00000,1.00000,1.00000
18.142,0.00000,0.00000,1.00000,1.00000
18.173,0.00000,0.00000,1.00000,1.00000
18.204,0.00000,0.00000,1.00000,1.00000
18.235,0.00000,0.00000,0.07962,0.07636
18.266,0.00000,0.00000,1.00000,1.00000
18.298,0.00000,0.00000,1.00000,1.00000
18.329,0.00000,0.00000,1.00000,1.00000
18.360,0.00000,0.00000,1.00000,1.00000
18.392,0.00000,0.00000,1.00000,1.00000
18.422,0.00000,0.00000,1.00000,1.00000
18.453,0.00000,0.00000,1.00000,1.00000
18.485,0.00000,0.00000,1.00000,1.00000
18.516,0.00000,0.00000,1.00000,1.00000
18.548,0.00000,0.00000,0.49609,0.39518
18.579,0.00000,0.00000,1.00000,1.00000
18.610,0.00000,0.00000,1.00000,1.00000
18.642,0.00000,0.00000,1.00000,1.00000
18.673,0.00000,0.00000,1.00000,1.00000
18.705,0.00000,0.00000,1.00000,1.00000
18.736,0.00000,0.00000,1.00000,1.00000
18.767,0.00000,0.00000,1.00000,1.00000
18.798,0.00000,0.00000,1.00000,1.00000
18.829,0.00000,0.00000,1.00000,0.84130
18.860,0.00000,0.00000,0.08626,0.07636
18.890,0.00000,0.00000,1.00000,1.00000
18.922,0.00000,0.00000,1.00000,1.00000
18.953,0.00000,0.00000,1.00000,1.00000
18.984,0.00000,0.00000,1.00000,1.00000
19.016,0.00000,0.00000,1.00000,1.00000
19.048,0.00000,0.00000,1.00000,1.00000
19.080,0.00000,0.00000,1.00000,1.00000
19.110,0.00000,0.00000,1.00000,1.00000
19.142,0.00000,0.00000,1.00000,0.84130
19.172,0.00000,0.00000,1.00000,1.00000
19.203,0.00000,0.00000,1.00000,1.00000
19.234,0.00000,0.00000,1.00000,1.00000
19.265,0.00000,0.00000,1.00000,1.00000
19.297,0.00000,0.00000,1.00000,1.00000
19.328,0.00000,0.00000,1.00000,1.00000
19.359,0.00000,0.00000,1.00000,1.00000
19.390,0.00000,0.00000,1.00000,1.00000
19.421,0.00000,0.00000,1.00000,1.00000
19.452,0.00000,0.00000,0.00000,0.00000
19.483,0.00000,0.00000,0.58302,0.39518
19.514,0.00000,0.00000,1.00000,1.00000
19.546,0.00000,0.00000,1.00000,1.00000
19.580,0.00000,0.00000,1.00000,1.00000
19.609,0.00000,0.00000,1.00000,1.00000
19.639,0.00000,0.00000,1.00000,1.00000
19.671,0.00000,0.00000,1.00000,1.00000
19.702,0.00000,0.00000,1.00000,1.00000
19.733,0.00000,0.00000,1.00000,1.00000
19.764,0.00000,0.00000,0.87845,0.35966
19.795,0.00000,0.00000,0.00000,0.00000
19.825,0.00000,0.00000,0.00000,0.00000
19.856,0.00000,0.00000,0.00000,0.00000
19.888,0.00000,0.00000,0.00000,0.00000
19.919,0.00000,0.00000,0.00000,0.00000
19.950,0.00000,0.00000,0.00000,0.00000
19.981,0.00000,0.00000,0.00000,0.00000
20.012,0.00000,0.00000,0.00000,0.00000
20.043,0.00000,0.00000,0.00000,0.00000
20.076,0.00000,0.00000,0.00000,0.00000
20.106,0.00000,0.00000,0.00000,0.00000
20.137,0.00000,0.00000,0.00000,0.00000
20.168,0.00000,0.00000,0.00000,0.00000
20.198,0.00000,0.00000,0.00000,0.00000
20.230,0.00000,0.00000,0.00000,0.00000
20.260,0.00000,0.00000,0.00000,0.00000
20.292,0.00000,0.00000,0.00000,0.00000
20.323,0.00000,0.00000,0.00000,0.00000
20.354,0.00000,0.00000,0.00000,0.00000
20.386,0.00000,0.00000,0.00000,0.00000
20.418,0.00000,0.00000,0.00000,0.00000
20.448,0.00000,0.00000,0.00000,0.00000
20.479,0.00000,0.00000,0.00000,0.00000
20.510,0.00000,0.00000,0.00000,0.00000
20.542,0.00000,0.00000,0.00000,0.00000
20.573,0.00000,0.00000,0.00000,0.00000
20.604,0.00000,0.00000,0.00000,0.00000
20.635,0.00000,0.00000,0.00000,0.00000
20.666,0.00000,0.00000,0.00000,0.00000
20.697,0.00000,0.00000,0.00000,0.00000
20.728,0.00000,0.00000,0.00000,0.00000
20.759,0.00000,0.00000,0.00000,0.00000
20.789,0.00000,0.00000,0.00000,0.00000
20.822,0.00000,0.00000,0.00000,0.00000
20.856,0.00000,0.00000,0.00000,0.00000
20.884,0.00000,0.00000,0.00000,0.00000
20.915,0.00000,0.00000,0.00000,0.00000
20.946,0.00000,0.00000,0.00000,0.00000
20.978,0.00000,0.00000,0.00000,0.00000
21.009,0.00000,0.00000,0.00000,0.00000
21.040,0.00000,0.00000,0.00000,0.00000
21.071,0.00000,0.00000,0.00000,0.00000
21.117,0.00000,0.00000,0.00000,0.00000
21.150,0.00000,0.00000,0.00000,0.00000
21.181,0.00000,0.00000,0.00000,0.00000
21.212,0.00000,0.00000,0.00000,0.00000
21.243,0.00000,0.00000,0.00000,0.00000
21.275,0.00000,0.00000,0.00000,0.00000
21.306,0.00000,0.00000,0.00000,0.00000
21.337,0.00000,0.00000,0.00000,0.00000
21.369,0.00000,0.00000,0.00000,0.00000
21.399,0.00000,0.00000,0.00000,0.00000
21.430,0.00000,0.00000,0.00000,0.00000
21.461,0.00000,0.00000,0.00000,0.00000
21.493,0.00000,0.00000,0.00000,0.00000
21.538,0.00000,0.00000,0.00000,0.00000
21.569,0.00000,0.00000,0.00000,0.00000
21.599,0.00000,0.00000,0.00000,0.00000
21.630,0.00000,0.00000,0.00000,0.00000
21.662,0.00000,0.00000,0.00000,0.00000
21.693,0.00000,0.00000,0.00000,0.00000
21.724,0.00000,0.00000,0.00000,0.00000
21.754,0.00000,0.00000,0.00000,0.00000
21.785,0.00000,0.00000,0.00000,0.00000
21.817,0.00000,0.00000,0.00000,0.00000
21.848,0.00000,0.00000,0.00000,0.00000
21.879,0.00000,0.00000,0.00000,0.00000
21.909,0.00000,0.00000,0.00000,0.00000
21.940,0.00000,0.00000,0.00000,0.00000
21.971,0.00000,0.00000,0.00000,0.00000
22.003,0.00000,0.00000,0.00000,0.00000
22.035,0.00000,0.00000,0.00000,0.00000
22.066,0.00000,0.00000,0.00000,0.00000
22.098,0.00000,0.00000,0.00000,0.00000
22.129,0.00000,0.00000,0.00000,0.00000
22.160,0.00000,0.00000,0.00000,0.00000
22.191,0.00000,0.00000,0.00000,0.00000
22.222,0.00000,0.00000,0.00000,0.00000
22.252,0.00000,0.00000,0.00000,0.00000
22.283,0.00000,0.00000,0.00000,0.00000
22.314,0.00000,0.00000,0.00000,0.00000
22.345,0.00000,0.00000,0.00000,0.00000
22.377,0.00000,0.00000,0.00000,0.00000
22.407,0.00000,0.00000,0.00000,0.00000
22.438,0.00000,0.00000,0.00000,0.00000
22.470,0.00000,0.00000,0.00000,0.00000
22.501,0.00000,0.00000,0.00000,0.00000
22.531,0.00000,0.00000,0.00000,0.00000
22.563,0.00000,0.00000,0.00000,0.00000
22.593,0.00000,0.00000,0.00000,0.00000
22.625,0.00000,0.00000,0.00000,0.00000
22.656,0.00000,0.00000,0.00000,0.00000
22.687,0.00000,0.00000,0.00000,0.00000
22.717,0.00000,0.00000,0.00000,0.00000
22.749,0.00000,0.00000,0.00000,0.00000
22.780,0.00000,0.00000,0.00000,0.00000
22.811,0.00000,0.00000,0.00000,0.00000
22.842,0.00000,0.00000,0.00000,0.00000
22.873,0.00000,0.00000,0.00000,0.00000
22.905,0.00000,0.00000,0.00000,0.00000
22.936,0.00000,0.00000,0.00000,0.00000
22.967,0.00000,0.00000,0.00000,0.00000
22.998,0.00000,0.00000,0.00000,0.00000
23.029,0.00000,0.00000,0.00000,0.00000
23.059,0.00000,0.00000,0.00000,0.00000
23.090,0.00000,0.00000,0.00000,0.00000
23.122,0.00000,0.00000,0.00000,0.00000
23.154,0.00000,0.00000,0.00000,0.00000
23.184,0.00000,0.00000,0.00000,0.00000
23.215,0.00000,0.00000,0.00000,0.00000
23.247,0.00000,0.00000,0.07854,0.19263
23.278,0.06938,0.07196,1.00000,0.48283
23.309,0.11695,0.12255,1.00000,0.48462
23.340,0.21540,0.22799,1.00000,0.48462
23.371,0.21540,0.22799,0.87785,0.48462
23.402,0.21540,0.22799,0.00000,0.00000
23.432,0.21254,0.21932,0.00000,0.00000
23.463,0.20513,0.21182,0.00000,0.00000
23.494,0.20104,0.21096,0.00000,0.00000
23.525,0.20104,0.21096,0.00000,0.00000
23.556,0.20055,0.21096,0.00000,0.00000
23.587,0.19659,0.20535,0.00000,0.00000
23.619,0.17025,0.18156,0.00000,0.00000
23.650,0.19969,0.20633,0.00000,0.00000
23.682,0.19969,0.20633,0.00000,0.00000
23.713,0.19969,0.20633,0.00000,0.00000
23.744,0.20943,0.21768,0.00000,0.00000
23.775,0.20943,0.21768,0.00000,0.00000
23.806,0.20943,0.21768,0.00000,0.00000
23.838,0.19925,0.20586,0.00000,0.00000
23.868,0.22393,0.23228,0.00000,0.00000
23.899,0.29570,0.31279,0.00000,0.00000
23.945,0.29570,0.31279,0.00000,0.00000
23.977,0.30323,0.31632,0.00000,0.00000
24.009,0.30323,0.31632,0.00000,0.00000
24.040,0.30323,0.31632,0.00000,0.00000
24.072,0.23776,0.25003,0.00000,0.00000
24.102,0.23776,0.25003,0.00000,0.00000
24.135,0.23776,0.24353,0.00000,0.00000
24.166,0.23776,0.24353,0.00000,0.00000
24.198,0.20786,0.20982,0.00000,0.00000
24.230,0.20786,0.20982,0.00000,0.00000
24.261,0.20786,0.20982,0.00000,0.00000
24.292,0.22903,0.24071,0.00000,0.00000
24.324,0.22903,0.24071,0.00000,0.00000
24.355,0.22903,0.24071,0.00000,0.00000
24.387,0.16388,0.17564,0.00000,0.00000
24.418,0.08877,0.09848,0.00000,0.00000
24.449,0.11319,0.11601,0.00000,0.00000
24.481,0.11319,0.11601,0.00000,0.00000
24.512,0.11319,0.11601,0.00000,0.00000
24.543,0.10070,0.10568,0.00000,0.00000
24.574,0.10070,0.10568,0.00000,0.00000
24.605,0.10070,0.10568,0.00000,0.00000
24.636,0.08392,0.08708,0.00000,0.00000
24.668,0.10912,0.11664,0.00000,0.00000
24.699,0.15158,0.15872,0.00000,0.00000
24.730,0.15836,0.16261,0.00000,0.00000
24.761,0.15836,0.16261,0.00000,0.00000
24.792,0.15836,0.16261,0.00000,0.00000
24.823,0.13607,0.14045,0.00000,0.00000
24.855,0.12799,0.13332,0.00000,0.00000
24.886,0.12799,0.13332,0.00000,0.00000
24.918,0.10738,0.11093,0.00000,0.00000
24.949,0.10167,0.10568,0.00000,0.00000
24.980,0.10167,0.10568,0.00000,0.00000
25.012,0.08971,0.09322,0.00000,0.00000
25.043,0.12257,0.12702,0.00000,0.00000
25.073,0.12257,0.12702,0.00000,0.00000
25.104,0.27429,0.28198,0.00000,0.00000
25.134,0.27728,0.29003,0.00000,0.00000
25.165,0.27728,0.29003,0.00000,0.00000
25.196,0.27728,0.29003,0.00000,0.00000
25.241,0.23933,0.24621,0.00000,0.00000
25.287,0.15436,0.18542,0.00000,0.00000
25.318,0.15436,0.18542,0.00000,0.00000
25.349,0.10289,0.10958,0.00000,0.00000
25.379,0.14954,0.14681,0.00000,0.00000
25.410,0.16056,0.16054,0.00000,0.00000
25.442,0.16056,0.16054,0.00000,0.00000
25.474,0.16056,0.16054,0.00000,0.00000
25.505,0.12456,0.13821,0.00000,0.00000
25.536,0.13261,0.14299,0.00000,0.00000
25.568,0.13261,0.14299,0.00000,0.00000
25.599,0.13261,0.14299,0.00000,0.00000
25.630,0.29803,0.31658,0.00000,0.00000
25.662,0.29803,0.31658,0.00000,0.00000
25.692,0.29803,0.31658,0.00000,0.00000
25.724,0.19964,0.20433,0.00000,0.00000
25.756,0.11754,0.12593,0.00000,0.00000
25.787,0.11754,0.12593,0.00000,0.00000
25.819,0.09380,0.09374,0.00000,0.00000
25.851,0.09380,0.09374,0.00000,0.00000
25.882,0.09380,0.09374,0.00000,0.00000
25.914,0.08956,0.09000,0.00000,0.00000
25.944,0.08956,0.09000,0.00000,0.00000
25.975,0.08956,0.09000,0.00000,0.00000
26.007,0.07347,0.06520,0.00000,0.00000
26.038,0.07347,0.06520,0.00000,0.00000
26.069,0.11548,0.12188,0.00000,0.00000
26.100,0.11548,0.12188,0.00000,0.00000
26.132,0.11548,0.12188,0.00000,0.00000
26.178,0.08282,0.08240,0.00000,0.00000
26.210,0.08282,0.08240,0.00000,0.00000
26.241,0.09250,0.09469,0.00000,0.00000
26.273,0.09250,0.09668,0.00000,0.00000
26.319,0.10009,0.10017,0.00000,0.00000
26.350,0.14028,0.14944,0.00000,0.00000
26.381,0.14028,0.14944,0.00000,0.00000
26.412,0.14028,0.14944,0.00000,0.00000
26.443,0.09483,0.09860,0.00000,0.00000
26.474,0.09451,0.09860,0.00000,0.00000
26.506,0.09676,0.09797,0.00000,0.00000
26.537,0.09676,0.09035,0.00000,0.00000
26.569,0.09676,0.09035,0.00000,0.00000
26.600,0.07665,0.08694,0.00000,0.00000
26.631,0.07008,0.07257,0.00000,0.00000
26.662,0.07008,0.07257,0.00000,0.00000
26.694,0.07008,0.07257,0.00000,0.00000
26.724,0.06486,0.06915,0.00000,0.00000
26.755,0.06486,0.06915,0.00000,0.00000
26.786,0.07362,0.07575,0.00000,0.00000
26.817,0.07362,0.07575,0.00000,0.00000
26.848,0.07362,0.07575,0.00000,0.00000
26.879,0.07002,0.07199,0.00000,0.00000
26.910,0.07002,0.07199,0.00000,0.00000
26.941,0.07450,0.07718,0.00000,0.00000
26.972,0.07450,0.07718,0.00000,0.00000
27.003,0.07450,0.07718,0.00000,0.00000
27.035,0.08513,0.08815,0.00000,0.00000
27.066,0.08513,0.08815,0.00000,0.00000
27.097,0.08513,0.08815,0.00000,0.00000
27.128,0.04055,0.04200,0.00000,0.00000
27.159,0.09429,0.09718,0.00000,0.00000
27.190,0.09429,0.09718,0.00000,0.00000
27.222,0.09429,0.09718,0.00000,0.00000
27.254,0.06233,0.06427,0.00000,0.00000
27.285,0.06233,0.06427,0.00000,0.00000
27.316,0.05674,0.05847,0.00000,0.00000
27.348,0.05674,0.05847,0.00000,0.00000
27.379,0.05674,0.05847,0.00000,0.00000
27.410,0.05058,0.05210,0.00000,0.00000
27.440,0.05058,0.05210,0.00000,0.00000
27.471,0.05058,0.05210,0.00000,0.00000
27.502,0.04613,0.04752,0.00000,0.00000
27.533,0.04140,0.04261,0.00000,0.00000
27.564,0.04140,0.04261,0.00000,0.00000
27.597,0.02286,0.02349,0.00000,0.00000
27.628,0.02258,0.02319,0.00000,0.00000
27.659,0.03510,0.03593,0.00000,0.00000
27.690,0.03510,0.03593,0.00000,0.00000
27.721,0.03510,0.03593,0.00000,0.00000
27.752,0.01954,0.01999,0.00000,0.00000
27.783,0.01954,0.01999,0.00000,0.00000
27.814,0.02373,0.02426,0.00000,0.00000
27.846,0.03879,0.03968,0.00000,0.00000
27.877,0.03879,0.03968,0.00000,0.00000
27.908,0.03879,0.03968,0.00000,0.00000
27.939,0.02815,0.02875,0.00000,0.00000
27.970,0.02815,0.02875,0.00000,0.00000
28.000,0.02815,0.02875,0.00000,0.00000
28.032,0.01686,0.01722,0.00000,0.00000
28.064,0.01812,0.01847,0.00000,0.00000
28.095,0.02015,0.02055,0.00000,0.00000
28.127,0.02015,0.02055,0.00000,0.00000
28.157,0.02015,0.02055,0.00000,0.00000
28.189,0.01779,0.01810,0.00000,0.00000
28.221,0.01779,0.01810,0.00000,0.00000
28.252,0.02082,0.02115,0.00000,0.00000
28.283,0.02082,0.02115,0.00000,0.00000
28.314,0.03921,0.03981,0.00000,0.00000
28.345,0.03921,0.03981,0.00000,0.00000
28.377,0.03921,0.03981,0.00000,0.00000
28.408,0.01463,0.01484,0.00000,0.00000
28.439,0.00670,0.00680,0.00000,0.00000
28.470,0.00670,0.00680,0.00000,0.00000
28.502,0.00670,0.00680,0.00000,0.00000
28.534,0.00590,0.00599,0.00000,0.00000
28.565,0.00416,0.00423,0.00000,0.00000
28.597,0.00371,0.00376,0.00000,0.00000
28.628,0.00174,0.00177,0.00000,0.00000
28.659,0.00050,0.00051,0.00000,0.00000
28.691,0.00033,0.00034,0.00000,0.00000
28.722,0.00000,0.00000,0.00000,0.00000
28.752,0.00000,0.00000,0.00000,0.00000
28.784,0.00000,0.00000,0.00000,0.00000
28.815,0.00000,0.00000,0.00000,0.00000
28.845,0.00000,0.00000,0.00000,0.00000
28.876,0.00000,0.00000,0.00000,0.00000
28.908,0.00000,0.00000,0.00000,0.00000
28.939,0.00000,0.00000,0.00000,0.00000
28.969,0.00000,0.00000,0.00000,0.00000
29.002,0.00000,0.00000,0.00000,0.00000
29.038,0.00000,0.00000,0.00000,0.00000
29.079,0.00000,0.00000,0.00000,0.00000
29.110,0.00000,0.00000,0.00000,0.00000
29.142,0.00000,0.00000,0.00000,0.00000
29.172,0.00000,0.00000,0.00000,0.00000
29.203,0.00000,0.00000,0.00000,0.00000
29.234,0.00000,0.00000,0.00000,0.00000
29.265,0.00000,0.00000,0.00000,0.00000
29.297,0.00000,0.00000,0.00000,0.00000
29.327,0.00000,0.00000,0.00000,0.00000
29.358,0.00000,0.00000,0.00000,0.00000
29.389,0.00000,0.00000,0.00000,0.00000
29.419,0.00000,0.00000,0.00000,0.00000
29.449,0.00000,0.00000,0.00000,0.00000
29.481,0.00000,0.00000,0.00000,0.00000
29.511,0.00000,0.00000,0.00000,0.00000
29.542,0.00000,0.00000,0.00000,0.00000
29.574,0.00000,0.00000,0.00000,0.00000
29.606,0.00000,0.00000,0.00000,0.00000
29.637,0.00000,0.00000,0.00000,0.00000
29.668,0.00000,0.00000,0.00000,0.00000
29.698,0.00000,0.00000,0.00000,0.00000
29.730,0.00000,0.00000,0.00000,0.00000
29.760,0.00000,0.00000,0.00000,0.00000
29.792,0.00000,0.00000,0.00000,0.00000
29.823,0.00000,0.00000,0.00000,0.00000
29.854,0.00000,0.00000,0.00000,0.00000
29.886,0.00000,0.00000,0.00000,0.00000
29.916,0.00000,0.00000,0.00000,0.00000
29.947,0.00000,0.00000,0.00000,0.00000
29.977,0.00000,0.00000,0.00000,0.00000
30.009,0.00000,0.00000,0.00000,0.00000
30.041,0.00000,0.00000,0.00000,0.00000
30.072,0.00000,0.00000,0.00000,0.00000
30.103,0.00000,0.00000,0.00000,0.00000
30.135,0.00000,0.00000,0.00000,0.00000
30.166,0.00000,0.00000,0.00000,0.00000
30.196,0.00000,0.00000,0.00000,0.00000
30.227,0.00000,0.00000,0.00000,0.00000
30.274,0.00000,0.00000,0.00000,0.00000
30.320,0.00000,0.00000,0.00000,0.00000
30.352,0.00000,0.00000,0.00000,0.00000
30.385,0.00000,0.00000,0.00000,0.00000
30.429,0.00000,0.00000,0.00000,0.00000
30.460,0.00000,0.00000,0.00000,0.00000
30.491,0.00000,0.00000,0.00000,0.00000
30.522,0.00000,0.00000,0.00000,0.00000
30.553,0.00000,0.00000,0.00000,0.00000
30.585,0.00000,0.00000,0.00000,0.00000
30.616,0.00000,0.00000,0.00000,0.00000
30.647,0.00000,0.00000,0.00000,0.00000
30.678,0.00000,0.00000,0.00000,0.00000
30.709,0.00000,0.00000,0.00000,0.00000
30.740,0.00000,0.00000,0.00000,0.00000
30.771,0.00000,0.00000,0.00000,0.00000
30.802,0.00000,0.00000,0.00000,0.00000
30.834,0.00000,0.00000,0.00000,0.00000
30.865,0.00000,0.00000,0.00000,0.00000
30.896,0.00000,0.00000,0.00000,0.00000
30.927,0.00000,0.00000,0.00000,0.00000
30.959,0.00000,0.00000,0.00000,0.00000
30.990,0.00000,0.00000,0.00000,0.00000
31.020,0.00000,0.00000,0.00000,0.00000
31.052,0.00000,0.00000,0.00000,0.00000
31.083,0.00000,0.00000,0.00000,0.00000
31.114,0.00000,0.00000,0.00000,0.00000
31.145,0.00000,0.00000,0.00000,0.00000
31.176,0.00000,0.00000,0.00000,0.00000
31.208,0.00000,0.00000,0.00000,0.00000
31.239,0.00000,0.00000,0.00000,0.00000
31.270,0.00000,0.00000,0.00000,0.00000
31.301,0.00000,0.00000,0.00000,0.00000
31.332,0.00000,0.00000,0.00000,0.00000
31.363,0.00000,0.00000,0.00000,0.00000
31.395,0.00000,0.00000,0.00000,0.00000
31.426,0.00000,0.00000,0.00000,0.00000
31.457,0.00000,0.00000,0.00000,0.00000
31.489,0.00000,0.00000,0.00000,0.00000
31.520,0.00000,0.00000,0.00000,0.00000
31.551,0.00000,0.00000,0.00000,0.00000
31.581,0.00000,0.00000,0.00000,0.00000
31.613,0.00000,0.00000,0.00000,0.00000
31.645,0.00000,0.00000,0.00000,0.00000
31.675,0.00000,0.00000,0.00000,0.00000
31.705,0.00000,0.00000,0.00000,0.00000
31.736,0.00000,0.00000,0.00000,0.00000
31.767,0.00000,0.00000,0.00000,0.00000
31.799,0.00000,0.00000,0.00000,0.00000
31.830,0.00000,0.00000,0.00000,0.00000
31.862,0.00000,0.00000,0.00000,0.00000
31.893,0.00000,0.00000,0.00000,0.00000
31.924,0.00000,0.00000,0.00000,0.00000
31.955,0.00000,0.00000,0.00000,0.00000
31.986,0.00000,0.00000,0.00000,0.00000
32.017,0.00000,0.00000,0.00000,0.00000
32.049,0.00000,0.00000,0.00000,0.00000
32.079,0.00000,0.00000,0.00000,0.00000
32.111,0.00000,0.00000,0.00000,0.00000
32.141,0.00000,0.00000,0.00000,0.00000
32.171,0.00000,0.00000,0.00000,0.00000
32.202,0.00000,0.00000,0.00000,0.00000
32.232,0.00000,0.00000,0.00000,0.00000
32.264,0.00000,0.00000,0.00000,0.00000
32.295,0.00000,0.00000,0.00000,0.00000
32.326,0.00000,0.00000,0.00000,0.00000
32.357,0.00000,0.00000,0.00000,0.00000
32.389,0.00000,0.00000,0.00000,0.00000
32.421,0.00000,0.00000,0.00000,0.00000
32.452,0.00000,0.00000,0.00000,0.00000
32.483,0.00000,0.00000,0.00000,0.00000
32.515,0.00000,0.00000,0.00000,0.00000
32.546,0.00000,0.00000,0.00000,0.00000
32.578,0.00000,0.00000,0.00000,0.00000
32.610,0.00000,0.00000,0.00000,0.00000
32.640,0.00000,0.00000,0.00000,0.00000
32.672,0.00000,0.00000,0.00000,0.00000
32.702,0.00000,0.00000,0.00000,0.00000
32.733,0.00000,0.00000,0.00000,0.00000
32.764,0.00000,0.00000,0.00000,0.00000
32.795,0.00000,0.00000,0.00000,0.00000
32.826,0.00000,0.00000,0.00000,0.00000
32.858,0.00000,0.00000,0.00000,0.00000
32.889,0.00000,0.00000,0.00000,0.00000
32.920,0.00000,0.00000,0.00000,0.00000
32.952,0.00000,0.00000,0.00000,0.00000
32.984,0.00000,0.00000,0.00000,0.00000
33.014,0.00000,0.00000,0.00000,0.00000
33.046,0.00000,0.00000,0.00000,0.00000
33.078,0.00000,0.00000,0.00000,0.00000
33.109,0.00000,0.00000,0.00000,0.00000
33.140,0.00000,0.00000,0.00000,0.00000
33.172,0.00000,0.00000,0.00000,0.00000
33.203,0.00000,0.00000,0.00000,0.00000
33.235,0.00000,0.00000,0.00000,0.00000
33.266,0.00000,0.00000,0.00000,0.00000
33.298,0.00000,0.00000,0.00000,0.00000
33.329,0.00000,0.00000,0.00000,0.00000
33.361,0.00000,0.00000,0.00000,0.00000
33.392,0.00000,0.00000,0.00000,0.00000
33.423,0.00000,0.00000,0.00000,0.00000
33.455,0.00000,0.00000,0.00000,0.00000
33.487,0.00000,0.00000,0.00000,0.00000
33.518,0.00000,0.00000,0.00000,0.00000
33.549,0.00000,0.00000,0.00000,0.00000
33.579,0.00000,0.00000,0.00000,0.00000
33.611,0.00000,0.00000,0.00000,0.00000
33.642,0.00000,0.00000,0.00000,0.00000
33.672,0.00000,0.00000,0.00000,0.00000
33.704,0.00000,0.00000,0.00000,0.00000
33.734,0.00000,0.00000,0.00000,0.00000
33.766,0.00000,0.00000,0.00000,0.00000
33.798,0.00000,0.00000,0.00000,0.00000
33.830,0.00000,0.00000,0.00000,0.00000
33.860,0.00000,0.00000,0.00000,0.00000
33.891,0.00000,0.00000,0.00000,0.00000
33.922,0.00000,0.00000,0.00000,0.00000
33.954,0.00000,0.00000,0.00000,0.00000
33.985,0.00000,0.00000,0.00000,0.00000
34.016,0.00000,0.00000,0.00000,0.00000
34.047,0.00000,0.00000,0.00000,0.00000
34.078,0.00000,0.00000,0.00000,0.00000
34.109,0.00000,0.00000,0.00000,0.00000
34.139,0.00000,0.00000,0.00000,0.00000
34.171,0.00000,0.00000,0.00000,0.00000
34.201,0.00000,0.00000,0.00000,0.00000
34.232,0.00000,0.00000,0.00000,0.00000
34.263,0.00000,0.00000,0.00000,0.00000
34.295,0.00000,0.00000,0.00000,0.00000
34.326,0.00000,0.00000,0.00000,0.00000
34.357,0.00000,0.00000,0.00000,0.00000
34.389,0.00000,0.00000,0.00000,0.00000
34.419,0.00000,0.00000,0.00000,0.00000
34.450,0.00000,0.00000,0.00000,0.00000
34.482,0.00000,0.00000,0.00000,0.00000
34.513,0.00000,0.00000,0.00000,0.00000
34.544,0.00000,0.00000,0.00000,0.00000
34.575,0.00000,0.00000,0.00000,0.00000
34.606,0.00000,0.00000,0.00000,0.00000
34.638,0.00000,0.00000,0.00000,0.00000
34.668,0.00000,0.00000,0.00000,0.00000
34.699,0.00000,0.00000,0.00000,0.00000
34.730,0.00000,0.00000,0.00000,0.00000
34.761,0.00000,0.00000,0.00000,0.00000
34.792,0.00000,0.00000,0.00000,0.00000
34.823,0.00000,0.00000,0.00000,0.00000
34.854,0.00000,0.00000,0.00000,0.00000
34.886,0.00000,0.00000,0.00000,0.00000
34.917,0.00000,0.00000,0.00000,0.00000
34.948,0.00000,0.00000,0.00000,0.00000
34.979,0.00000,0.00000,0.00000,0.00000
35.011,0.00000,0.00000,0.00000,0.00000
35.042,0.00000,0.00000,0.00000,0.00000
35.073,0.00000,0.00000,0.00000,0.00000
35.104,0.00000,0.00000,0.00000,0.00000
35.136,0.00000,0.00000,0.00000,0.00000
35.166,0.00000,0.00000,0.00000,0.00000
35.198,0.00000,0.00000,0.00000,0.00000
35.229,0.00000,0.00000,0.00000,0.00000
35.259,0.00000,0.00000,0.00000,0.00000
35.291,0.00000,0.00000,0.00000,0.00000
35.321,0.00000,0.00000,0.00000,0.00000
35.352,0.00000,0.00000,0.00000,0.00000
35.384,0.00000,0.00000,0.00000,0.00000
35.415,0.00000,0.00000,0.00000,0.00000
35.447,0.00000,0.00000,0.00000,0.00000
35.478,0.00000,0.00000,0.00000,0.00000
35.509,0.00000,0.00000,0.00000,0.00000
35.540,0.00000,0.00000,0.00000,0.00000
35.571,0.00000,0.00000,0.00000,0.00000
35.602,0.00000,0.00000,0.00000,0.00000
35.648,0.00000,0.00000,0.00000,0.00000
35.679,0.00000,0.00000,0.00000,0.00000
35.709,0.00000,0.00000,0.00000,0.00000
35.740,0.00000,0.00000,0.00000,0.00000
35.772,0.00000,0.00000,0.00000,0.00000
35.803,0.00000,0.00000,0.00000,0.00000
35.835,0.00000,0.00000,0.00000,0.00000
35.866,0.00000,0.00000,0.00000,0.00000
35.898,0.00000,0.00000,0.00000,0.00000
35.929,0.00000,0.00000,0.00000,0.00000
35.960,0.00000,0.00000,0.00000,0.00000
36.008,0.00000,0.00000,0.00000,0.00000
36.055,0.00000,0.00000,0.00000,0.00000
36.101,0.00000,0.00000,0.00000,0.00000
36.147,0.00000,0.00000,0.00000,0.00000
36.178,0.00000,0.00000,0.00000,0.00000
36.209,0.00000,0.00000,0.00000,0.00000
36.240,0.00000,0.00000,0.00000,0.00000
36.272,0.00000,0.00000,0.00000,0.00000
36.302,0.00000,0.00000,0.00000,0.00000
36.333,0.00000,0.00000,0.00000,0.00000
36.364,0.00000,0.00000,0.00000,0.00000
36.395,0.00000,0.00000,0.00000,0.00000
36.426,0.00000,0.00000,0.00000,0.00000
36.457,0.00000,0.00000,0.00000,0.00000
36.489,0.00000,0.00000,0.00000,0.00000
36.521,0.00000,0.00000,0.00000,0.00000
36.551,0.00000,0.00000,0.00000,0.00000
36.582,0.00000,0.00000,0.00000,0.00000
36.613,0.00000,0.00000,0.00000,0.00000
36.644,0.00000,0.00000,0.00000,0.00000
36.677,0.00000,0.00000,0.00000,0.00000
36.707,0.00000,0.00000,0.00000,0.00000
36.738,0.00000,0.00000,0.00000,0.00000
36.769,0.00000,0.00000,0.00000,0.00000
36.800,0.00000,0.00000,0.00000,0.00000
36.830,0.00000,0.00000,0.00000,0.00000
36.861,0.00000,0.00000,0.00000,0.00000
36.892,0.00000,0.00000,0.00000,0.00000
36.923,0.00000,0.00000,0.00000,0.00000
36.955,0.00000,0.00000,0.00000,0.00000
36.986,0.00000,0.00000,0.00000,0.00000
37.018,0.00000,0.00000,0.00000,0.00000
37.049,0.00000,0.00000,0.00000,0.00000
37.081,0.00000,0.00000,0.00000,0.00000
37.111,0.00000,0.00000,0.00000,0.00000
37.142,0.00000,0.00000,0.00000,0.00000
37.173,0.00000,0.00000,0.00000,0.00000
37.206,0.00000,0.00000,0.00000,0.00000
37.237,0.00000,0.00000,0.00000,0.00000
37.268,0.00000,0.00000,0.00000,0.00000
37.299,0.00000,0.00000,0.00000,0.00000
37.330,0.00000,0.00000,0.00000,0.00000
37.362,0.00000,0.00000,0.00000,0.00000
37.394,0.00000,0.00000,0.00000,0.00000
37.425,0.00000,0.00000,0.00000,0.00000
37.456,0.00000,0.00000,0.00000,0.00000
37.487,0.00000,0.00000,0.00000,0.00000
37.517,0.00000,0.00000,0.00000,0.00000
37.549,0.00000,0.00000,0.00000,0.00000
37.580,0.00000,0.00000,0.00000,0.00000
37.611,0.00000,0.00000,0.00000,0.00000
37.642,0.00000,0.00000,0.00000,0.00000
37.673,0.00000,0.00000,0.00000,0.00000
37.703,0.00000,0.00000,0.00000,0.00000
37.734,0.00000,0.00000,0.00000,0.00000
37.765,0.00000,0.00000,0.00000,0.00000
37.796,0.00000,0.00000,0.00000,0.00000
37.828,0.00000,0.00000,0.00000,0.00000
37.859,0.00000,0.00000,0.00000,0.00000
37.890,0.00000,0.00000,0.00000,0.00000
37.920,0.00000,0.00000,0.00000,0.00000
37.951,0.00000,0.00000,0.00000,0.00000
37.981,0.00000,0.00000,0.00000,0.00000
38.012,0.00000,0.00000,0.00000,0.00000
38.043,0.00000,0.00000,0.00000,0.00000
38.075,0.00000,0.00000,0.00000,0.00000
38.106,0.00000,0.00000,0.00000,0.00000
38.138,0.00000,0.00000,0.00000,0.00000
38.169,0.00000,0.00000,0.00000,0.00000
38.199,0.00000,0.00000,0.00000,0.00000
38.231,0.00000,0.00000,0.00000,0.00000
38.262,0.00000,0.00000,0.00000,0.00000
38.293,0.00000,0.00000,0.00000,0.00000
38.324,0.00000,0.00000,0.00000,0.00000
38.356,0.00000,0.00000,0.00000,0.00000
38.387,0.00000,0.00000,0.00000,0.00000
38.418,0.00000,0.00000,0.00000,0.00000
38.449,0.00000,0.00000,0.00000,0.00000
38.480,0.00000,0.00000,0.00000,0.00000
38.512,0.00000,0.00000,0.15135,0.10990
38.543,0.00000,0.00000,0.48519,0.47103
38.574,0.00000,0.00000,0.50777,0.47103
38.606,0.00000,0.00000,0.50777,0.47103
38.638,0.00000,0.00000,0.50777,0.47103
38.669,0.00000,0.00000,0.14234,0.08367
38.700,0.00000,0.00000,0.00000,0.00000
38.730,0.00000,0.00000,0.00000,0.00000
38.761,0.00000,0.00000,0.00000,0.00000
38.792,0.00000,0.00000,0.00000,0.00000
38.823,0.00000,0.00000,0.00000,0.00000
38.855,0.00000,0.00000,0.00000,0.00000
38.886,0.00000,0.00000,0.00000,0.00000
38.916,0.00000,0.00000,0.01485,0.01485
38.948,0.00000,0.00000,0.07956,0.07956
38.980,0.00000,0.00000,0.07956,0.07956
39.009,0.00000,0.00000,0.07956,0.07956
39.041,0.00000,0.00000,0.07191,0.07191
39.072,0.00000,0.00000,0.13591,0.14465
39.103,0.00000,0.00000,0.13591,0.14465
39.134,0.00000,0.00000,0.13591,0.14465
39.166,0.00000,0.00000,0.14746,0.14465
39.197,0.00000,0.00000,0.14746,0.13138
39.227,0.00000,0.00000,0.16518,0.16448
39.258,0.00000,0.00000,0.16518,0.17870
39.289,0.00000,0.00000,0.16518,0.17870
39.321,0.00000,0.00000,0.16060,0.17870
39.352,0.00000,0.00000,0.17053,0.16993
39.384,0.00000,0.00000,0.17701,0.14798
39.416,0.00000,0.00000,0.17701,0.14798
39.446,0.00000,0.00000,0.17701,0.14798
39.492,0.00000,0.00000,0.13808,0.12946
39.539,0.00000,0.00000,0.13808,0.12946
39.570,0.00000,0.00000,0.13808,0.12110
39.603,0.00000,0.00000,0.12125,0.12096
39.648,0.00000,0.00000,0.13540,0.12120
39.679,0.00000,0.00000,0.13540,0.12120
39.710,0.00000,0.00000,0.13540,0.12120
39.756,0.00000,0.00000,0.12688,0.11421
39.789,0.00000,0.00000,0.12688,0.11421
39.835,0.00000,0.00000,0.12688,0.11421
39.866,0.00000,0.00000,0.09069,0.10083
39.897,0.00000,0.00000,0.08895,0.08709
39.928,0.00000,0.00000,0.08217,0.09074
39.959,0.00000,0.00000,0.09674,0.09074
39.991,0.00000,0.00000,0.09674,0.09074
40.036,0.00000,0.00000,0.08646,0.08811
40.068,0.00000,0.00000,0.06809,0.06608
40.099,0.00000,0.00000,0.06755,0.06083
40.130,0.00000,0.00000,0.05298,0.05452
40.161,0.00000,0.00000,0.05298,0.05452
40.192,0.00000,0.00000,0.04568,0.05452
40.222,0.00000,0.00000,0.04280,0.04224
40.254,0.00000,0.00000,0.03943,0.04194
40.284,0.00000,0.00000,0.04965,0.04756
40.316,0.00000,0.00000,0.04965,0.04756
40.346,0.00000,0.00000,0.04965,0.04756
40.378,0.00000,0.00000,0.04668,0.04565
40.410,0.00000,0.00000,0.04924,0.04805
40.440,0.00000,0.00000,0.05391,0.05148
40.472,0.00000,0.00000,0.05391,0.05148
40.502,0.00000,0.00000,0.05391,0.05148
40.534,0.00000,0.00000,0.04241,0.04376
40.565,0.00000,0.00000,0.03776,0.03772
40.597,0.00000,0.00000,0.02975,0.02949
40.627,0.00000,0.00000,0.02591,0.02495
40.660,0.00000,0.00000,0.02591,0.02495
40.690,0.00000,0.00000,0.02154,0.02189
40.721,0.00000,0.00000,0.01708,0.01576
40.752,0.00000,0.00000,0.01140,0.01148
40.783,0.00000,0.00000,0.00830,0.00849
40.815,0.00000,0.00000,0.00693,0.00580
40.862,0.00000,0.00000,0.00488,0.00466
40.893,0.00000,0.00000,0.00406,0.00466
40.929,0.00000,0.00000,0.00339,0.00356
40.955,0.00000,0.00000,0.00247,0.00334
40.986,0.00000,0.00000,0.00242,0.00256
41.016,0.00000,0.00000,0.00152,0.00192
41.047,0.00000,0.00000,0.00150,0.00150
41.078,0.00000,0.00000,0.00120,0.00130
41.109,0.00000,0.00000,0.00107,0.00122
41.139,0.00000,0.00000,0.07563,0.07155
41.171,0.00000,0.00000,0.46576,0.47122
41.201,0.00000,0.00000,0.50767,0.47122
41.233,0.00000,0.00000,0.50767,0.47122
41.263,0.00000,0.00000,0.50767,0.47122
41.295,0.00000,0.00000,0.00048,0.00055
41.325,0.00000,0.00000,0.00045,0.00035
41.356,0.00000,0.00000,0.00034,0.00029
41.388,0.00000,0.00000,0.00026,0.00023
41.419,0.00000,0.00000,0.00016,0.00022
41.450,0.00000,0.00000,0.00014,0.00013
41.482,0.00000,0.00000,0.00008,0.00008
41.513,0.00000,0.00000,0.00005,0.00005
41.545,0.00000,0.00000,0.00003,0.00003
41.576,0.00000,0.00000,0.00000,0.00000
41.606,0.00000,0.00000,0.00000,0.00000
41.637,0.00000,0.00000,0.00000,0.00000
41.669,0.00000,0.00000,0.00000,0.00000
41.699,0.00000,0.00000,0.00000,0.00000
41.730,0.00000,0.00000,0.00000,0.00000
41.761,0.00000,0.00000,0.00000,0.00000
41.792,0.00000,0.00000,0.00000,0.00000
41.824,0.00000,0.00000,0.00000,0.00000
41.855,0.00000,0.00000,0.00000,0.00000
41.886,0.00000,0.00000,0.00000,0.00000
41.916,0.00000,0.00000,0.00000,0.00000
41.948,0.00000,0.00000,0.00000,0.00000
41.979,0.00000,0.00000,0.00000,0.00000
42.011,0.00000,0.00000,0.00000,0.00000
42.042,0.00000,0.00000,0.00000,0.00000
42.074,0.00000,0.00000,0.00000,0.00000
42.105,0.00000,0.00000,0.00000,0.00000
42.136,0.00000,0.00000,0.00000,0.00000
42.167,0.00000,0.00000,0.00000,0.00000
42.199,0.00000,0.00000,0.00000,0.00000
42.231,0.00000,0.00000,0.00000,0.00000
42.263,0.00000,0.00000,0.00000,0.00000
42.292,0.00000,0.00000,0.00000,0.00000
42.323,0.00000,0.00000,0.00000,0.00000
42.355,0.00000,0.00000,0.00000,0.00000
42.386,0.00000,0.00000,0.00000,0.00000
42.418,0.00000,0.00000,0.00000,0.00000
42.448,0.00000,0.00000,0.00000,0.00000
42.479,0.00000,0.00000,0.00000,0.00000
42.511,0.00000,0.00000,0.00000,0.00000
42.542,0.00000,0.00000,0.00000,0.00000
42.573,0.00000,0.00000,0.00000,0.00000
42.604,0.00000,0.00000,0.00000,0.00000
42.635,0.00000,0.00000,0.00000,0.00000
42.666,0.00000,0.00000,0.00000,0.00000
42.698,0.00000,0.00000,0.00000,0.00000
42.729,0.00000,0.00000,0.00000,0.00000
42.761,0.00000,0.00000,0.23986,0.17745
42.792,0.00000,0.00000,0.50777,0.47103
42.823,0.00000,0.00000,0.50777,0.47103
42.855,0.00000,0.00000,0.50777,0.47103
42.885,0.00000,0.00000,0.50777,0.47103
42.917,0.00000,0.00000,0.03125,0.02322
42.948,0.00000,0.00000,0.00000,0.00000
42.979,0.00000,0.00000,0.00000,0.00000
43.010,0.00000,0.00000,0.00000,0.00000
43.042,0.00000,0.00000,0.00000,0.00000
43.073,0.00000,0.00000,0.00000,0.00000
43.105,0.00000,0.00000,0.00000,0.00000
43.136,0.00000,0.00000,0.00000,0.00000
43.166,0.00000,0.00000,0.00000,0.00000
43.197,0.00000,0.00000,0.00000,0.00000
43.228,0.00000,0.00000,0.00000,0.00000
43.259,0.00000,0.00000,0.00000,0.00000
43.290,0.00000,0.00000,0.00000,0.00000
43.322,0.00000,0.00000,0.00000,0.00000
43.354,0.00000,0.00000,0.00000,0.00000
43.385,0.00000,0.00000,0.00000,0.00000
43.417,0.00000,0.00000,0.00000,0.00000
43.447,0.00000,0.00000,0.00000,0.00000
43.478,0.00000,0.00000,0.00000,0.00000
43.509,0.00000,0.00000,0.00000,0.00000
43.541,0.00000,0.00000,0.00000,0.00000
43.571,0.00000,0.00000,0.00000,0.00000
43.602,0.00000,0.00000,0.00000,0.00000
43.633,0.00000,0.00000,0.00000,0.00000
43.681,0.00000,0.00000,0.00000,0.00000
43.726,0.00000,0.00000,0.00000,0.00000
43.757,0.00000,0.00000,0.00000,0.00000
43.787,0.00000,0.00000,0.00000,0.00000
43.818,0.00000,0.00000,0.00000,0.00000
43.849,0.00000,0.00000,0.00000,0.00000
43.880,0.00000,0.00000,0.00000,0.00000
43.911,0.00000,0.00000,0.00000,0.00000
43.942,0.00000,0.00000,0.00000,0.00000
43.974,0.00000,0.00000,0.00000,0.00000
44.005,0.00000,0.00000,0.00000,0.00000
44.036,0.00000,0.00000,0.00000,0.00000
44.067,0.00000,0.00000,0.00000,0.00000
44.099,0.00000,0.00000,0.00000,0.00000
44.130,0.00000,0.00000,0.00000,0.00000
44.162,0.00000,0.00000,0.00000,0.00000
44.193,0.00000,0.00000,0.00000,0.00000
44.224,0.00000,0.00000,0.00000,0.00000
44.256,0.00000,0.00000,0.00000,0.00000
44.286,0.00000,0.00000,0.00000,0.00000
44.317,0.00000,0.00000,0.00000,0.00000
44.348,0.00000,0.00000,0.00000,0.00000
44.379,0.00000,0.00000,0.00000,0.00000
44.411,0.00000,0.00000,0.00000,0.00000
44.441,0.00000,0.00000,0.00000,0.00000
44.472,0.00000,0.00000,0.00000,0.00000
44.504,0.00000,0.00000,0.00000,0.00000
44.535,0.00000,0.00000,0.00000,0.00000
44.566,0.00000,0.00000,0.00000,0.00000
44.597,0.00000,0.00000,0.00000,0.00000
44.628,0.00000,0.00000,0.00000,0.00000
44.659,0.00000,0.00000,0.07548,0.07163
44.690,0.00000,0.00000,0.46584,0.44214
44.722,0.00000,0.00000,0.50777,0.47103
44.753,0.00000,0.00000,0.50777,0.47103
44.784,0.00000,0.00000,0.50777,0.47103
44.815,0.00000,0.00000,0.00000,0.00000
44.847,0.00000,0.00000,0.00000,0.00000
44.878,0.00000,0.00000,0.00000,0.00000
44.909,0.00000,0.00000,0.00000,0.00000
44.941,0.00000,0.00000,0.00000,0.00000
44.972,0.00000,0.00000,0.00000,0.00000
45.002,0.00000,0.00000,0.00000,0.00000
45.033,0.00000,0.00000,0.00000,0.00000
45.066,0.00000,0.00000,0.00000,0.00000
45.096,0.00000,0.00000,0.00000,0.00000
45.127,0.00000,0.00000,0.00000,0.00000
45.158,0.00000,0.00000,0.00000,0.00000
45.189,0.00000,0.00000,0.00000,0.00000
45.220,0.00000,0.00000,0.00000,0.00000
45.251,0.00000,0.00000,0.00000,0.00000
45.282,0.00000,0.00000,0.00000,0.00000
45.314,0.00000,0.00000,0.00000,0.00000
45.345,0.00000,0.00000,0.00000,0.00000
45.376,0.00000,0.00000,0.00000,0.00000
45.406,0.00000,0.00000,0.00000,0.00000
45.437,0.00000,0.00000,0.00000,0.00000
45.468,0.00000,0.00000,0.00000,0.00000
45.499,0.00000,0.00000,0.00000,0.00000
45.530,0.00000,0.00000,0.00000,0.00000
45.561,0.00000,0.00000,0.00000,0.00000
45.592,0.00000,0.00000,0.00000,0.00000
45.624,0.00000,0.00000,0.00000,0.00000
45.655,0.00000,0.00000,0.00000,0.00000
45.686,0.00000,0.00000,0.00000,0.00000
45.718,0.00000,0.00000,0.00000,0.00000
45.749,0.00000,0.00000,0.00000,0.00000
45.779,0.00000,0.00000,0.00000,0.00000
45.811,0.00000,0.00000,0.00000,0.00000
45.841,0.00000,0.00000,0.00000,0.00000
45.873,0.00000,0.00000,0.00000,0.00000
45.906,0.00000,0.00000,0.00000,0.00000
45.935,0.00000,0.00000,0.00000,0.00000
45.966,0.00000,0.00000,0.00000,0.00000
45.998,0.00000,0.00000,0.00000,0.00000
46.029,0.00000,0.00000,0.00000,0.00000
46.061,0.00000,0.00000,0.00000,0.00000
46.092,0.00000,0.00000,0.00000,0.00000
46.122,0.00000,0.00000,0.00000,0.00000
46.154,0.00000,0.00000,0.00000,0.00000
46.184,0.00000,0.00000,0.00000,0.00000
46.215,0.00000,0.00000,0.00000,0.00000
46.246,0.00000,0.00000,0.00000,0.00000
46.277,0.00000,0.00000,0.00000,0.00000
46.308,0.00000,0.00000,0.00000,0.00000
46.339,0.00000,0.00000,0.00000,0.00000
46.371,0.00000,0.00000,0.00000,0.00000
46.401,0.00000,0.00000,0.00000,0.00000
46.433,0.00000,0.00000,0.00000,0.00000
46.463,0.00000,0.00000,0.00000,0.00000
46.495,0.00000,0.00000,0.00000,0.00000
46.526,0.00000,0.00000,0.00000,0.00000
46.558,0.00000,0.00000,0.00000,0.00000
46.589,0.00000,0.00000,0.00000,0.00000
46.620,0.00000,0.00000,0.00000,0.00000
46.650,0.00000,0.00000,0.00000,0.00000
46.682,0.00000,0.00000,0.00000,0.00000
46.713,0.00000,0.00000,0.00000,0.00000
46.745,0.00000,0.00000,0.00000,0.00000
46.776,0.00000,0.00000,0.00000,0.00000
46.806,0.00000,0.00000,0.00000,0.00000
46.838,0.00000,0.00000,0.00000,0.00000
46.869,0.00000,0.00000,0.00000,0.00000
46.901,0.00000,0.00000,0.00000,0.00000
46.932,0.00000,0.00000,0.00000,0.00000
46.963,0.00000,0.00000,0.00000,0.00000
46.995,0.00000,0.00000,0.00000,0.00000
47.026,0.00000,0.00000,0.43358,0.42267
47.056,0.00000,0.00000,0.50777,0.47103
47.087,0.00000,0.00000,0.50777,0.47103
47.118,0.00000,0.00000,0.50777,0.47103
47.149,0.00000,0.00000,0.39628,0.29490
47.195,0.00000,0.00000,0.00000,0.00000
47.227,0.00000,0.00000,0.00000,0.00000
47.274,0.00000,0.00000,0.00000,0.00000
47.320,0.00000,0.00000,0.00000,0.00000
47.367,0.00000,0.00000,0.00000,0.00000
47.397,0.00000,0.00000,0.00000,0.00000
47.428,0.00000,0.00000,0.00000,0.00000
47.459,0.00000,0.00000,0.00000,0.00000
47.490,0.00000,0.00000,0.00000,0.00000
47.521,0.00000,0.00000,0.00000,0.00000
47.552,0.00000,0.00000,0.00000,0.00000
47.584,0.00000,0.00000,0.00000,0.00000
47.615,0.00000,0.00000,0.00000,0.00000
47.646,0.00000,0.00000,0.00000,0.00000
47.677,0.00000,0.00000,0.00000,0.00000
47.709,0.00000,0.00000,0.00000,0.00000
47.740,0.00000,0.00000,0.00000,0.00000
47.771,0.00000,0.00000,0.00000,0.00000
47.802,0.00000,0.00000,0.00000,0.00000
47.834,0.00000,0.00000,0.00000,0.00000
47.865,0.00000,0.00000,0.00000,0.00000
47.897,0.00000,0.00000,0.00000,0.00000
47.928,0.00000,0.00000,0.00000,0.00000
47.959,0.00000,0.00000,0.00000,0.00000
47.990,0.00000,0.00000,0.00000,0.00000
48.021,0.00000,0.00000,0.00000,0.00000
48.052,0.00000,0.00000,0.00000,0.00000
48.083,0.00000,0.00000,0.00000,0.00000
48.114,0.00000,0.00000,0.00000,0.00000
48.144,0.00000,0.00000,0.00000,0.00000
48.175,0.00000,0.00000,0.00000,0.00000
48.206,0.00000,0.00000,0.00000,0.00000
48.238,0.00000,0.00000,0.00000,0.00000
48.269,0.00000,0.00000,0.00000,0.00000
48.300,0.00000,0.00000,0.00000,0.00000
48.332,0.00000,0.00000,0.00000,0.00000
48.363,0.00000,0.00000,0.00000,0.00000
48.394,0.00000,0.00000,0.00000,0.00000
48.425,0.00000,0.00000,0.00000,0.00000
48.456,0.00000,0.00000,0.00000,0.00000
48.487,0.00000,0.00000,0.00000,0.00000
48.518,0.00000,0.00000,0.00000,0.00000
48.549,0.00000,0.00000,0.00000,0.00000
48.581,0.00000,0.00000,0.00000,0.00000
48.612,0.00000,0.00000,0.00000,0.00000
48.643,0.00000,0.00000,0.00000,0.00000
48.675,0.00000,0.00000,0.00000,0.00000
48.707,0.00000,0.00000,0.00000,0.00000
48.737,0.00000,0.00000,0.00000,0.00000
48.769,0.00000,0.00000,0.00000,0.00000
48.799,0.00000,0.00000,0.00000,0.00000
48.831,0.00000,0.00000,0.00000,0.00000
48.864,0.00000,0.00000,0.00000,0.00000
48.893,0.00000,0.00000,0.00000,0.00000
48.925,0.00000,0.00000,0.00000,0.00000
48.957,0.00000,0.00000,0.00000,0.00000
48.988,0.00000,0.00000,0.00000,0.00000
49.019,0.00000,0.00000,0.00000,0.00000
49.050,0.00000,0.00000,0.00000,0.00000
49.081,0.00000,0.00000,0.00000,0.00000
49.112,0.00000,0.00000,0.00000,0.00000
49.144,0.00000,0.00000,0.00000,0.00000
49.174,0.00000,0.00000,0.00000,0.00000
49.205,0.00000,0.00000,0.00000,0.00000
49.237,0.00000,0.00000,0.00000,0.00000
49.267,0.00000,0.00000,0.00000,0.00000
49.299,0.00000,0.00000,0.00000,0.00000
49.331,0.00000,0.00000,0.00000,0.00000
49.362,0.00000,0.00000,0.00000,0.00000
49.392,0.00000,0.00000,0.00000,0.00000
49.424,0.00000,0.00000,0.00000,0.00000
49.455,0.00000,0.00000,0.00000,0.00000
49.486,0.00000,0.00000,0.00000,0.00000
49.516,0.00000,0.00000,0.00000,0.00000
49.547,0.00000,0.00000,0.00000,0.00000
49.579,0.00000,0.00000,0.00000,0.00000
49.609,0.00000,0.00000,0.00000,0.00000
49.640,0.00000,0.00000,0.00000,0.00000
49.672,0.00000,0.00000,0.00000,0.00000
49.702,0.00000,0.00000,0.00000,0.00000
49.734,0.00000,0.00000,0.00000,0.00000
49.765,0.00000,0.00000,0.00000,0.00000
49.797,0.00000,0.00000,0.00000,0.00000
49.827,0.00000,0.00000,0.00000,0.00000
49.859,0.00000,0.00000,0.00000,0.00000
49.891,0.00000,0.00000,0.00000,0.00000
49.922,0.00000,0.00000,0.00000,0.00000
49.952,0.00000,0.00000,0.00000,0.00000
49.984,0.00000,0.00000,0.00000,0.00000
50.015,0.00000,0.00000,0.00000,0.00000
50.046,0.00000,0.00000,0.00000,0.00000
50.076,0.00000,0.00000,0.00000,0.00000
50.107,0.00000,0.00000,0.00000,0.00000
50.139,0.00000,0.00000,0.00000,0.00000
50.170,0.00000,0.00000,0.00000,0.00000
50.201,0.00000,0.00000,0.00000,0.00000
50.232,0.00000,0.00000,0.00000,0.00000
50.263,0.00000,0.00000,0.00000,0.00000
50.294,0.00000,0.00000,0.00000,0.00000
50.327,0.00000,0.00000,0.00000,0.00000
50.358,0.00000,0.00000,0.00000,0.00000
50.388,0.00000,0.00000,0.00000,0.00000
50.420,0.00000,0.00000,0.00000,0.00000
50.451,0.00000,0.00000,0.00000,0.00000
50.482,0.00000,0.00000,0.00000,0.00000
50.514,0.00000,0.00000,0.00000,0.00000
50.544,0.00000,0.00000,0.00000,0.00000
50.575,0.00000,0.00000,0.00000,0.00000
50.606,0.00000,0.00000,0.00000,0.00000
50.636,0.00000,0.00000,0.00000,0.00000
50.667,0.00000,0.00000,0.00000,0.00000
50.698,0.00000,0.00000,0.00000,0.00000
50.729,0.00000,0.00000,0.00000,0.00000
50.760,0.00000,0.00000,0.00000,0.00000
50.791,0.00000,0.00000,0.00000,0.00000
50.822,0.00000,0.00000,0.00000,0.00000
50.853,0.00000,0.00000,0.00000,0.00000
50.884,0.00000,0.00000,0.00000,0.00000
50.916,0.00000,0.00000,0.00000,0.00000
50.947,0.00000,0.00000,0.00000,0.00000
50.977,0.00000,0.00000,0.00000,0.00000
51.008,0.00000,0.00000,0.00000,0.00000
51.054,0.00000,0.00000,0.00000,0.00000
51.101,0.00000,0.00000,0.00000,0.00000
51.147,0.00000,0.00000,0.00000,0.00000
51.179,0.00000,0.00000,0.00000,0.00000
51.210,0.00000,0.00000,0.00000,0.00000
51.241,0.00000,0.00000,0.00000,0.00000
51.272,0.00000,0.00000,0.00000,0.00000
51.304,0.00000,0.00000,0.00000,0.00000
51.335,0.00000,0.00000,0.00000,0.00000
51.366,0.00000,0.00000,0.00000,0.00000
51.397,0.00000,0.00000,0.00000,0.00000
51.428,0.00000,0.00000,0.00000,0.00000
51.459,0.00000,0.00000,0.00000,0.00000
51.489,0.00000,0.00000,0.00000,0.00000
51.521,0.00000,0.00000,0.00000,0.00000
51.552,0.00000,0.00000,0.00000,0.00000
51.583,0.00000,0.00000,0.00000,0.00000
51.614,0.00000,0.00000,0.00000,0.00000
51.645,0.00000,0.00000,0.00000,0.00000
51.676,0.00000,0.00000,0.00000,0.00000
51.708,0.00000,0.00000,0.00000,0.00000
51.739,0.00000,0.00000,0.00000,0.00000
51.770,0.00000,0.00000,0.00000,0.00000
51.801,0.00000,0.00000,0.00000,0.00000
51.832,0.00000,0.00000,0.00000,0.00000
51.863,0.00000,0.00000,0.00000,0.00000
51.895,0.00000,0.00000,0.00000,0.00000
51.925,0.00000,0.00000,0.00000,0.00000
51.956,0.00000,0.00000,0.00000,0.00000
51.986,0.00000,0.00000,0.00000,0.00000
52.018,0.00000,0.00000,0.00000,0.00000
52.050,0.00000,0.00000,0.00000,0.00000
52.080,0.00000,0.00000,0.00000,0.00000
52.112,0.00000,0.00000,0.00000,0.00000
52.142,0.00000,0.00000,0.00000,0.00000
52.172,0.00000,0.00000,0.00000,0.00000
52.203,0.00000,0.00000,0.00000,0.00000
52.234,0.00000,0.00000,0.00000,0.00000
52.265,0.00000,0.00000,0.00000,0.00000
52.296,0.00000,0.00000,0.00000,0.00000
52.328,0.00000,0.00000,0.00000,0.00000
52.358,0.00000,0.00000,0.00000,0.00000
52.389,0.00000,0.00000,0.00000,0.00000
52.420,0.00000,0.00000,0.00000,0.00000
52.450,0.00000,0.00000,0.00000,0.00000
52.482,0.00000,0.00000,0.00000,0.00000
52.513,0.00000,0.00000,0.00000,0.00000
52.544,0.00000,0.00000,0.00000,0.00000
52.575,0.00000,0.00000,0.00000,0.00000
52.607,0.00000,0.00000,0.00000,0.00000
52.638,0.00000,0.00000,0.00000,0.00000
52.670,0.00000,0.00000,0.00000,0.00000
52.701,0.00000,0.00000,0.00000,0.00000
52.731,0.00000,0.00000,0.00000,0.00000
52.763,0.00000,0.00000,0.00000,0.00000
52.793,0.00000,0.00000,0.00000,0.00000
52.825,0.00000,0.00000,0.00000,0.00000
52.856,0.00000,0.00000,0.00000,0.00000
52.887,0.00000,0.00000,0.00000,0.00000
52.919,0.00000,0.00000,0.00000,0.00000
52.950,0.00000,0.00000,0.00000,0.00000
52.981,0.00000,0.00000,0.00000,0.00000
53.012,0.00000,0.00000,0.00000,0.00000
53.043,0.00000,0.00000,0.00000,0.00000
53.074,0.00000,0.00000,0.00000,0.00000
53.104,0.00000,0.00000,0.00000,0.00000
53.135,0.00000,0.00000,0.00000,0.00000
53.167,0.00000,0.00000,0.00000,0.00000
53.199,0.00000,0.00000,0.00000,0.00000
53.229,0.00000,0.00000,0.00000,0.00000
53.261,0.00000,0.00000,0.00000,0.00000
53.291,0.00000,0.00000,0.00000,0.00000
53.323,0.00000,0.00000,0.00000,0.00000
53.353,0.00000,0.00000,0.00000,0.00000
53.385,0.00000,0.00000,0.00000,0.00000
53.416,0.00000,0.00000,0.00000,0.00000
53.447,0.00000,0.00000,0.00000,0.00000
53.479,0.00000,0.00000,0.00000,0.00000
53.510,0.00000,0.00000,0.00000,0.00000
53.541,0.00000,0.00000,0.00000,0.00000
53.574,0.00000,0.00000,0.00000,0.00000
53.605,0.00000,0.00000,0.00000,0.00000
53.636,0.00000,0.00000,0.00000,0.00000
53.668,0.00000,0.00000,0.00000,0.00000
53.700,0.00000,0.00000,0.00000,0.00000
53.730,0.00000,0.00000,0.00000,0.00000
53.761,0.00000,0.00000,0.00000,0.00000
53.792,0.00000,0.00000,0.00000,0.00000
53.824,0.00000,0.00000,0.00000,0.00000
53.855,0.00000,0.00000,0.00000,0.00000
53.887,0.00000,0.00000,0.00000,0.00000
53.917,0.00000,0.00000,0.00000,0.00000
53.948,0.00000,0.00000,0.00000,0.00000
53.979,0.00000,0.00000,0.00000,0.00000
54.010,0.00000,0.00000,0.00000,0.00000
54.041,0.00000,0.00000,0.00000,0.00000
54.072,0.00000,0.00000,0.00000,0.00000
54.103,0.00000,0.00000,0.00000,0.00000
54.134,0.00000,0.00000,0.00000,0.00000
54.165,0.00000,0.00000,0.00000,0.00000
54.196,0.00000,0.00000,0.00000,0.00000
54.227,0.00000,0.00000,0.00000,0.00000
54.273,0.00000,0.00000,0.00000,0.00000
54.319,0.00000,0.00000,0.00000,0.00000
54.351,0.00000,0.00000,0.00000,0.00000
54.382,0.00000,0.00000,0.00000,0.00000
54.428,0.00000,0.00000,0.00000,0.00000
54.459,0.00000,0.00000,0.00000,0.00000
54.489,0.00000,0.00000,0.00000,0.00000
54.521,0.00000,0.00000,0.00000,0.00000
54.552,0.00000,0.00000,0.00000,0.00000
54.584,0.00000,0.00000,0.00000,0.00000
54.615,0.00000,0.00000,0.00000,0.00000
54.647,0.00000,0.00000,0.00000,0.00000
54.677,0.00000,0.00000,0.00000,0.00000
54.708,0.00000,0.00000,0.00000,0.00000
54.739,0.00000,0.00000,0.00000,0.00000
54.771,0.00000,0.00000,0.00000,0.00000
54.802,0.00000,0.00000,0.00000,0.00000
54.834,0.00000,0.00000,0.00000,0.00000
54.864,0.00000,0.00000,0.00000,0.00000
54.896,0.00000,0.00000,0.00000,0.00000
54.926,0.00000,0.00000,0.00000,0.00000
54.957,0.00000,0.00000,0.00000,0.00000
54.987,0.00000,0.00000,0.00000,0.00000
55.018,0.00000,0.00000,0.00000,0.00000
55.049,0.00000,0.00000,0.00000,0.00000
55.081,0.00000,0.00000,0.00000,0.00000
55.112,0.00000,0.00000,0.00000,0.00000
55.143,0.00000,0.00000,0.00000,0.00000
55.175,0.00000,0.00000,0.00000,0.00000
55.206,0.00000,0.00000,0.00000,0.00000
55.237,0.00000,0.00000,0.00000,0.00000
55.268,0.00000,0.00000,0.00000,0.00000
55.299,0.00000,0.00000,0.00000,0.00000
55.329,0.00000,0.00000,0.00000,0.00000
55.361,0.00000,0.00000,0.00000,0.00000
55.392,0.00000,0.00000,0.00000,0.00000
55.424,0.00000,0.00000,0.00000,0.00000
55.455,0.00000,0.00000,0.00000,0.00000
55.485,0.00000,0.00000,0.00000,0.00000
55.517,0.00000,0.00000,0.00000,0.00000
55.547,0.00000,0.00000,0.00000,0.00000
55.579,0.00000,0.00000,0.00000,0.00000
55.610,0.00000,0.00000,0.00000,0.00000
55.641,0.00000,0.00000,0.00000,0.00000
55.672,0.00000,0.00000,0.00000,0.00000
55.703,0.00000,0.00000,0.00000,0.00000
55.735,0.00000,0.00000,0.00000,0.00000
55.766,0.00000,0.00000,0.00000,0.00000
55.797,0.00000,0.00000,0.00000,0.00000
55.828,0.00000,0.00000,0.00000,0.00000
55.859,0.00000,0.00000,0.00000,0.00000
55.890,0.00000,0.00000,0.00000,0.00000
55.922,0.00000,0.00000,0.00000,0.00000
55.953,0.00000,0.00000,0.00000,0.00000
55.984,0.00000,0.00000,0.00000,0.00000
56.015,0.00000,0.00000,0.00000,0.00000
56.046,0.00000,0.00000,0.00000,0.00000
56.078,0.00000,0.00000,0.00000,0.00000
56.109,0.00000,0.00000,0.00000,0.00000
56.140,0.00000,0.00000,0.00000,0.00000
56.170,0.00000,0.00000,0.00000,0.00000
56.202,0.00000,0.00000,0.00000,0.00000
56.233,0.00000,0.00000,0.00000,0.00000
56.265,0.00000,0.00000,0.00000,0.00000
56.296,0.00000,0.00000,0.00000,0.00000
56.327,0.00000,0.00000,0.00000,0.00000
56.358,0.00000,0.00000,0.00000,0.00000
56.389,0.00000,0.00000,0.00000,0.00000
56.421,0.00000,0.00000,0.00000,0.00000
56.452,0.00000,0.00000,0.00000,0.00000
56.483,0.00000,0.00000,0.00000,0.00000
56.513,0.00000,0.00000,0.00000,0.00000
56.545,0.00000,0.00000,0.00000,0.00000
56.576,0.00000,0.00000,0.00000,0.00000
56.607,0.00000,0.00000,0.00000,0.00000
56.637,0.00000,0.00000,0.00000,0.00000
56.667,0.00000,0.00000,0.00000,0.00000
56.698,0.00000,0.00000,0.00000,0.00000
56.730,0.00000,0.00000,0.00000,0.00000
56.762,0.00000,0.00000,0.00000,0.00000
56.793,0.00000,0.00000,0.00000,0.00000
56.824,0.00000,0.00000,0.00000,0.00000
56.855,0.00000,0.00000,0.00000,0.00000
56.886,0.00000,0.00000,0.00000,0.00000
56.917,0.00000,0.00000,0.00000,0.00000
56.948,0.00000,0.00000,0.00000,0.00000
56.978,0.00000,0.00000,0.00000,0.00000
57.010,0.00000,0.00000,0.00000,0.00000
57.041,0.00000,0.00000,0.00000,0.00000
57.072,0.00000,0.00000,0.00000,0.00000
57.103,0.00000,0.00000,0.00000,0.00000
57.135,0.00000,0.00000,0.00000,0.00000
57.165,0.00000,0.00000,0.00000,0.00000
57.196,0.00000,0.00000,0.00000,0.00000
57.227,0.00000,0.00000,0.00000,0.00000
57.259,0.00000,0.00000,0.00000,0.00000
57.290,0.00000,0.00000,0.00000,0.00000
57.322,0.00000,0.00000,0.00000,0.00000
57.354,0.00000,0.00000,0.00000,0.00000
57.385,0.00000,0.00000,0.00000,0.00000
57.416,0.00000,0.00000,0.00000,0.00000
57.447,0.00000,0.00000,0.00000,0.00000
57.478,0.00000,0.00000,0.00000,0.00000
57.510,0.00000,0.00000,0.00000,0.00000
57.541,0.00000,0.00000,0.00000,0.00000
57.571,0.00000,0.00000,0.00000,0.00000
57.617,0.00000,0.00000,0.00000,0.00000
57.664,0.00000,0.00000,0.00000,0.00000
57.695,0.00000,0.00000,0.00000,0.00000
57.726,0.00000,0.00000,0.00000,0.00000
57.758,0.00000,0.00000,0.00000,0.00000
57.805,0.00000,0.00000,0.00000,0.00000
57.837,0.00000,0.00000,0.00000,0.00000
57.883,0.00000,0.00000,0.00000,0.00000
57.929,0.00000,0.00000,0.00000,0.00000
57.976,0.00000,0.00000,0.00000,0.00000
58.023,0.00000,0.00000,0.00000,0.00000
58.070,0.00000,0.00000,0.00000,0.00000
58.101,0.00000,0.00000,0.00000,0.00000
58.132,0.00000,0.00000,0.00000,0.00000
58.163,0.00000,0.00000,0.00000,0.00000
58.194,0.00000,0.00000,0.00000,0.00000
58.225,0.00000,0.00000,0.00000,0.00000
58.256,0.00000,0.00000,0.00000,0.00000
58.287,0.00000,0.00000,0.00000,0.00000
58.318,0.00000,0.00000,0.00000,0.00000
58.349,0.00000,0.00000,0.00000,0.00000
58.379,0.00000,0.00000,0.00000,0.00000
58.410,0.00000,0.00000,0.00000,0.00000
58.441,0.00000,0.00000,0.00000,0.00000
58.472,0.00000,0.00000,0.00000,0.00000
58.504,0.00000,0.00000,0.00000,0.00000
58.534,0.00000,0.00000,0.00000,0.00000
58.566,0.00000,0.00000,0.00000,0.00000
58.597,0.00000,0.00000,0.00000,0.00000
58.628,0.00000,0.00000,0.00000,0.00000
58.660,0.00000,0.00000,0.00000,0.00000
58.691,0.00000,0.00000,0.00000,0.00000
58.721,0.00000,0.00000,0.00000,0.00000
58.752,0.00000,0.00000,0.00000,0.00000
58.784,0.00000,0.00000,0.00000,0.00000
58.815,0.00000,0.00000,0.00000,0.00000
58.846,0.00000,0.00000,0.00000,0.00000
58.878,0.00000,0.00000,0.00000,0.00000
58.908,0.00000,0.00000,0.00000,0.00000
58.940,0.00000,0.00000,0.00000,0.00000
58.970,0.00000,0.00000,0.00000,0.00000
59.002,0.00000,0.00000,0.00000,0.00000
59.033,0.00000,0.00000,0.00000,0.00000
59.064,0.00000,0.00000,0.00000,0.00000
59.094,0.00000,0.00000,0.00000,0.00000
59.125,0.00000,0.00000,0.00000,0.00000
59.156,0.00000,0.00000,0.00000,0.00000
59.187,0.00000,0.00000,0.00000,0.00000
59.219,0.00000,0.00000,0.00000,0.00000
59.250,0.00000,0.00000,0.00000,0.00000
59.281,0.00000,0.00000,0.00000,0.00000
59.312,0.00000,0.00000,0.00000,0.00000
59.343,0.00000,0.00000,0.00000,0.00000
59.374,0.00000,0.00000,0.00000,0.00000
59.405,0.00000,0.00000,0.00000,0.00000
59.437,0.00000,0.00000,0.00000,0.00000
59.467,0.00000,0.00000,0.00000,0.00000
59.498,0.00000,0.00000,0.00000,0.00000
59.529,0.00000,0.00000,0.00000,0.00000
59.559,0.00000,0.00000,0.00000,0.00000
59.591,0.00000,0.00000,0.00000,0.00000
59.622,0.00000,0.00000,0.00000,0.00000
59.652,0.00000,0.00000,0.00000,0.00000
59.683,0.00000,0.00000,0.00000,0.00000
59.714,0.00000,0.00000,0.00000,0.00000
59.745,0.00000,0.00000,0.00000,0.00000
59.776,0.00000,0.00000,0.00000,0.00000
59.807,0.00000,0.00000,0.00000,0.00000
59.838,0.00000,0.00000,0.00000,0.00000
59.870,0.00000,0.00000,0.00000,0.00000
59.901,0.00000,0.00000,0.00000,0.00000
59.931,0.00000,0.00000,0.00000,0.00000
59.963,0.00000,0.00000,0.00000,0.00000
59.994,0.00000,0.00000,0.00000,0.00000
60.025,0.00000,0.00000,0.00000,0.00000
60.057,0.00000,0.00000,0.00000,0.00000
60.088,0.00000,0.00000,0.00000,0.00000
60.119,0.00000,0.00000,0.00000,0.00000
60.151,0.00000,0.00000,0.00000,0.00000
60.181,0.00000,0.00000,0.00000,0.00000
60.213,0.00000,0.00000,0.00000,0.00000
60.244,0.00000,0.00000,0.00000,0.00000
60.275,0.00000,0.00000,0.00000,0.00000
60.306,0.00000,0.00000,0.00000,0.00000
60.337,0.00000,0.00000,0.00000,0.00000
60.368,0.00000,0.00000,0.00000,0.00000
60.400,0.00000,0.00000,0.00000,0.00000
60.431,0.00000,0.00000,0.00000,0.00000
60.462,0.00000,0.00000,0.00000,0.00000
60.493,0.00000,0.00000,0.00000,0.00000
60.524,0.00000,0.00000,0.00000,0.00000
60.555,0.00000,0.00000,0.00000,0.00000
60.602,0.00000,0.00000,0.00000,0.00000
60.648,0.00000,0.00000,0.00000,0.00000
60.695,0.00000,0.00000,0.00000,0.00000
60.741,0.00000,0.00000,0.00000,0.00000
60.772,0.00000,0.00000,0.00000,0.00000
60.804,0.00000,0.00000,0.00000,0.00000
60.834,0.00000,0.00000,0.00000,0.00000
60.867,0.00000,0.00000,0.00000,0.00000
60.897,0.00000,0.00000,0.00000,0.00000
60.929,0.00000,0.00000,0.00000,0.00000
60.975,0.00000,0.00000,0.00000,0.00000
61.006,0.00000,0.00000,0.00000,0.00000
61.037,0.00000,0.00000,0.00000,0.00000
61.069,0.00000,0.00000,0.00000,0.00000
61.101,0.00000,0.00000,0.00000,0.00000
61.131,0.00000,0.00000,0.00000,0.00000
61.163,0.00000,0.00000,0.00000,0.00000
61.193,0.00000,0.00000,0.00000,0.00000
61.225,0.00000,0.00000,0.00000,0.00000
61.256,0.00000,0.00000,0.00000,0.00000
61.288,0.00000,0.00000,0.00000,0.00000
61.319,0.00000,0.00000,0.00000,0.00000
61.350,0.00000,0.00000,0.00000,0.00000
61.381,0.00000,0.00000,0.00000,0.00000
61.413,0.00000,0.00000,0.00000,0.00000
61.444,0.00000,0.00000,0.00000,0.00000
61.491,0.00000,0.00000,0.00000,0.00000
61.522,0.00000,0.00000,0.00000,0.00000
61.553,0.00000,0.00000,0.00000,0.00000
61.583,0.00000,0.00000,0.00000,0.00000
61.614,0.00000,0.00000,0.00000,0.00000
61.645,0.00000,0.00000,0.00000,0.00000
61.676,0.00000,0.00000,0.00000,0.00000
61.707,0.00000,0.00000,0.00000,0.00000
61.739,0.00000,0.00000,0.00000,0.00000
61.769,0.00000,0.00000,0.00000,0.00000
61.800,0.00000,0.00000,0.00000,0.00000
61.831,0.00000,0.00000,0.00000,0.00000
61.862,0.00000,0.00000,0.00000,0.00000
61.892,0.00000,0.00000,0.00000,0.00000
61.924,0.00000,0.00000,0.00000,0.00000
61.954,0.00000,0.00000,0.00000,0.00000
61.986,0.00000,0.00000,0.00000,0.00000
62.018,0.00000,0.00000,0.00000,0.00000
62.050,0.00000,0.00000,0.00000,0.00000
62.081,0.00000,0.00000,0.00000,0.00000
62.113,0.00000,0.00000,0.00000,0.00000
62.144,0.00000,0.00000,0.00000,0.00000
62.174,0.00000,0.00000,0.00000,0.00000
62.205,0.00000,0.00000,0.00000,0.00000
62.237,0.00000,0.00000,0.00000,0.00000
62.269,0.00000,0.00000,0.00000,0.00000
62.301,0.00000,0.00000,0.00000,0.00000
62.331,0.00000,0.00000,0.00000,0.00000
62.362,0.00000,0.00000,0.00000,0.00000
62.393,0.00000,0.00000,0.00000,0.00000
62.424,0.00000,0.00000,0.00000,0.00000
62.456,0.00000,0.00000,0.00000,0.00000
62.486,0.00000,0.00000,0.00000,0.00000
62.518,0.00000,0.00000,0.00000,0.00000
62.548,0.00000,0.00000,0.00000,0.00000
62.580,0.00000,0.00000,0.00000,0.00000
62.611,0.00000,0.00000,0.00000,0.00000
62.642,0.00000,0.00000,0.00000,0.00000
62.674,0.00000,0.00000,0.00000,0.00000
62.706,0.00000,0.00000,0.00000,0.00000
62.737,0.00000,0.00000,0.00000,0.00000
62.768,0.00000,0.00000,0.00000,0.00000
62.799,0.00000,0.00000,0.00000,0.00000
62.830,0.00000,0.00000,0.00000,0.00000
62.861,0.00000,0.00000,0.00000,0.00000
62.893,0.00000,0.00000,0.00000,0.00000
62.925,0.00000,0.00000,0.00000,0.00000
62.955,0.00000,0.00000,0.00000,0.00000
62.986,0.00000,0.00000,0.00000,0.00000
63.017,0.00000,0.00000,0.00000,0.00000
63.048,0.00000,0.00000,0.00000,0.00000
63.079,0.00000,0.00000,0.00000,0.00000
63.110,0.00000,0.00000,0.00000,0.00000
63.140,0.00000,0.00000,0.00000,0.00000
63.172,0.00000,0.00000,0.00000,0.00000
63.202,0.00000,0.00000,0.00000,0.00000
63.233,0.00000,0.00000,0.00000,0.00000
63.265,0.00000,0.00000,0.00000,0.00000
63.296,0.00000,0.00000,0.00000,0.00000
63.327,0.00000,0.00000,0.00000,0.00000
63.357,0.00000,0.00000,0.00000,0.00000
63.387,0.00000,0.00000,0.00000,0.00000
63.418,0.00000,0.00000,0.00000,0.00000
63.450,0.00000,0.00000,0.00000,0.00000
63.481,0.00000,0.00000,0.00000,0.00000
63.513,0.00000,0.00000,0.00000,0.00000
63.544,0.00000,0.00000,0.00000,0.00000
63.575,0.00000,0.00000,0.00000,0.00000
63.607,0.00000,0.00000,0.00000,0.00000
63.637,0.00000,0.00000,0.00000,0.00000
63.668,0.00000,0.00000,0.00000,0.00000
63.699,0.00000,0.00000,0.00000,0.00000
63.731,0.00000,0.00000,0.00000,0.00000
63.762,0.00000,0.00000,0.00000,0.00000
63.793,0.00000,0.00000,0.00000,0.00000
63.823,0.00000,0.00000,0.00000,0.00000
63.854,0.00000,0.00000,0.00000,0.00000
63.885,0.00000,0.00000,0.00000,0.00000
63.916,0.00000,0.00000,0.00000,0.00000
63.947,0.00000,0.00000,0.00000,0.00000
63.978,0.00000,0.00000,0.00000,0.00000
64.008,0.00000,0.00000,0.00000,0.00000
64.040,0.00000,0.00000,0.00000,0.00000
64.071,0.00000,0.00000,0.00000,0.00000
64.103,0.00000,0.00000,0.00000,0.00000
64.134,0.00000,0.00000,0.00000,0.00000
64.166,0.00000,0.00000,0.00000,0.00000
64.197,0.00000,0.00000,0.00000,0.00000
64.231,0.00000,0.00000,0.00000,0.00000
64.262,0.00000,0.00000,0.00000,0.00000
64.291,0.00000,0.00000,0.00000,0.00000
64.323,0.00000,0.00000,0.00000,0.00000
64.354,0.00000,0.00000,0.00000,0.00000
64.385,0.00000,0.00000,0.00000,0.00000
64.416,0.00000,0.00000,0.00000,0.00000
64.446,0.00000,0.00000,0.00000,0.00000
64.479,0.00000,0.00000,0.00000,0.00000
64.509,0.00000,0.00000,0.00000,0.00000
64.540,0.00000,0.00000,0.00000,0.00000
64.572,0.00000,0.00000,0.00000,0.00000
64.603,0.00000,0.00000,0.00000,0.00000
64.634,0.00000,0.00000,0.00000,0.00000
64.665,0.00000,0.00000,0.00000,0.00000
64.697,0.00000,0.00000,0.00000,0.00000
64.728,0.00000,0.00000,0.00000,0.00000
64.759,0.00000,0.00000,0.00000,0.00000
64.790,0.00000,0.00000,0.00000,0.00000
64.822,0.00000,0.00000,0.00000,0.00000
64.853,0.00000,0.00000,0.00000,0.00000
64.884,0.00000,0.00000,0.00000,0.00000
64.915,0.00000,0.00000,0.00000,0.00000
64.946,0.00000,0.00000,0.00000,0.00000
64.979,0.00000,0.00000,0.00000,0.00000
65.010,0.00000,0.00000,0.00000,0.00000
65.041,0.00000,0.00000,0.00000,0.00000
65.071,0.00000,0.00000,0.00000,0.00000
65.102,0.00000,0.00000,0.00000,0.00000
65.134,0.00000,0.00000,0.00000,0.00000
65.165,0.00000,0.00000,0.00000,0.00000
65.196,0.00000,0.00000,0.00000,0.00000
65.227,0.00000,0.00000,0.00000,0.00000
65.274,0.00000,0.00000,0.00000,0.00000
65.306,0.00000,0.00000,0.00000,0.00000
65.336,0.00000,0.00000,0.00000,0.00000
65.383,0.00000,0.00000,0.00000,0.00000
65.430,0.00000,0.00000,0.00000,0.00000
65.476,0.00000,0.00000,0.00000,0.00000
65.506,0.00000,0.00000,0.00000,0.00000
65.538,0.00000,0.00000,0.00000,0.00000
65.570,0.00000,0.00000,0.00000,0.00000
65.616,0.00000,0.00000,0.00000,0.00000
65.647,0.00000,0.00000,0.00000,0.00000
65.678,0.00000,0.00000,0.00000,0.00000
65.710,0.00000,0.00000,0.00000,0.00000
65.741,0.00000,0.00000,0.00000,0.00000
65.772,0.00000,0.00000,0.00000,0.00000
65.803,0.00000,0.00000,0.00000,0.00000
65.834,0.00000,0.00000,0.00000,0.00000
65.865,0.00000,0.00000,0.00000,0.00000
65.897,0.00000,0.00000,0.00000,0.00000
65.927,0.00000,0.00000,0.00000,0.00000
65.958,0.00000,0.00000,0.00000,0.00000
65.989,0.00000,0.00000,0.00000,0.00000
66.020,0.00000,0.00000,0.00000,0.00000
66.052,0.00000,0.00000,0.00000,0.00000
66.083,0.00000,0.00000,0.00000,0.00000
66.114,0.00000,0.00000,0.00000,0.00000
66.145,0.00000,0.00000,0.00000,0.00000
66.176,0.00000,0.00000,0.00000,0.00000
66.209,0.00000,0.00000,0.00000,0.00000
66.239,0.00000,0.00000,0.00000,0.00000
66.271,0.00000,0.00000,0.00000,0.00000
66.302,0.00000,0.00000,0.00000,0.00000
66.333,0.00000,0.00000,0.00000,0.00000
66.364,0.00000,0.00000,0.00000,0.00000
66.395,0.00000,0.00000,0.00000,0.00000
66.427,0.00000,0.00000,0.00000,0.00000
66.461,0.00000,0.00000,0.00000,0.00000
66.503,0.00000,0.00000,0.00000,0.00000
66.536,0.00000,0.00000,0.00000,0.00000
66.565,0.00000,0.00000,0.00000,0.00000
66.597,0.00000,0.00000,0.00000,0.00000
66.628,0.00000,0.00000,0.00000,0.00000
66.658,0.00000,0.00000,0.00000,0.00000
66.689,0.00000,0.00000,0.00000,0.00000
66.720,0.00000,0.00000,0.00000,0.00000
66.751,0.00000,0.00000,0.00000,0.00000
66.783,0.00000,0.00000,0.00000,0.00000
66.813,0.00000,0.00000,0.00000,0.00000
66.845,0.00000,0.00000,0.00000,0.00000
66.877,0.00000,0.00000,0.00000,0.00000
66.909,0.00000,0.00000,0.00000,0.00000
66.940,0.00000,0.00000,0.00000,0.00000
66.971,0.00000,0.00000,0.00000,0.00000
67.002,0.00000,0.00000,0.00000,0.00000
67.033,0.00000,0.00000,0.00000,0.00000
67.064,0.00000,0.00000,0.00000,0.00000
67.095,0.00000,0.00000,0.00000,0.00000
67.127,0.00000,0.00000,0.00000,0.00000
67.157,0.00000,0.00000,0.00000,0.00000
67.189,0.00000,0.00000,0.00000,0.00000
67.220,0.00000,0.00000,0.00000,0.00000
67.251,0.00000,0.00000,0.00000,0.00000
67.282,0.00000,0.00000,0.00000,0.00000
67.313,0.00000,0.00000,0.00000,0.00000
67.344,0.00000,0.00000,0.00000,0.00000
67.375,0.00000,0.00000,0.00000,0.00000
67.407,0.00000,0.00000,0.00000,0.00000
67.438,0.00000,0.00000,0.00000,0.00000
67.469,0.00000,0.00000,0.00000,0.00000
67.500,0.00000,0.00000,0.00000,0.00000
67.530,0.00000,0.00000,0.00000,0.00000
67.561,0.00000,0.00000,0.00000,0.00000
67.592,0.00000,0.00000,0.00000,0.00000
67.623,0.00000,0.00000,0.00000,0.00000
67.654,0.00000,0.00000,0.00000,0.00000
67.686,0.00000,0.00000,0.00000,0.00000
67.717,0.00000,0.00000,0.00000,0.00000
67.748,0.00000,0.00000,0.00000,0.00000
67.780,0.00000,0.00000,0.00000,0.00000
67.810,0.00000,0.00000,0.00000,0.00000
67.841,0.00000,0.00000,0.00000,0.00000
67.873,0.00000,0.00000,0.00000,0.00000
67.903,0.00000,0.00000,0.00000,0.00000
67.935,0.00000,0.00000,0.00000,0.00000
67.967,0.00000,0.00000,0.00000,0.00000
67.997,0.00000,0.00000,0.00000,0.00000
68.028,0.00000,0.00000,0.00000,0.00000
68.060,0.00000,0.00000,0.00000,0.00000
68.090,0.00000,0.00000,0.00000,0.00000
68.120,0.00000,0.00000,0.00000,0.00000
68.151,0.00000,0.00000,0.00000,0.00000
68.185,0.00000,0.00000,0.00000,0.00000
68.214,0.00648,0.01122,0.00000,0.00000
68.244,0.01403,0.02429,0.00000,0.00000
68.275,0.02609,0.04519,0.00000,0.00000
68.306,0.08699,0.15068,0.00000,0.00000
68.336,0.08846,0.15322,0.00000,0.00000
68.368,0.09665,0.16740,0.00000,0.00000
68.414,0.09665,0.16740,0.00000,0.00000
68.445,0.08015,0.13882,0.00000,0.00000
68.491,0.04570,0.07916,0.00000,0.00000
68.522,0.04570,0.07916,0.00000,0.00000
68.554,0.06214,0.10762,0.00000,0.00000
68.584,0.06214,0.10762,0.00000,0.00000
68.615,0.06214,0.10762,0.00000,0.00000
68.646,0.02049,0.03550,0.00000,0.00000
68.679,0.00763,0.01322,0.00000,0.00000
68.710,0.00630,0.01092,0.00000,0.00000
68.741,0.00412,0.00714,0.00000,0.00000
68.772,0.00377,0.00653,0.00000,0.00000
68.804,0.00233,0.00404,0.00000,0.00000
68.849,0.00224,0.00388,0.00000,0.00000
68.880,0.00167,0.00290,0.00000,0.00000
68.911,0.00167,0.00290,0.00000,0.00000
68.943,0.00167,0.00290,0.00000,0.00000
68.975,0.00145,0.00251,0.00000,0.00000
69.006,0.00129,0.00223,0.00000,0.00000
69.037,0.00121,0.00210,0.00000,0.00000
69.068,0.00106,0.00184,0.00000,0.00000
69.099,0.00076,0.00132,0.00000,0.00000
69.130,0.00076,0.00131,0.00000,0.00000
69.161,0.00076,0.00131,0.00000,0.00000
69.192,0.00072,0.00124,0.00000,0.00000
69.224,0.00071,0.00124,0.00000,0.00000
69.255,0.00067,0.00115,0.00000,0.00000
69.286,0.00052,0.00090,0.00000,0.00000
69.316,0.00044,0.00076,0.00000,0.00000
69.349,0.00035,0.00061,0.00000,0.00000
69.381,0.00035,0.00061,0.00000,0.00000
69.411,0.00024,0.00041,0.00000,0.00000
69.442,0.00024,0.00041,0.00000,0.00000
69.473,0.00017,0.00029,0.00000,0.00000
69.504,0.00016,0.00027,0.00000,0.00000
69.535,0.00013,0.00023,0.00000,0.00000
69.566,0.00011,0.00019,0.00000,0.00000
69.596,0.00008,0.00014,0.00000,0.00000
69.627,0.00006,0.00011,0.00000,0.00000
69.658,0.00005,0.00008,0.00000,0.00000
69.689,0.00003,0.00005,0.00000,0.00000
69.720,0.00002,0.00004,0.00000,0.00000
69.751,0.00001,0.00001,0.00000,0.00000
69.783,0.00000,0.00000,0.00000,0.00000
69.814,0.00000,0.00000,0.00000,0.00000
69.844,0.00000,0.00000,0.00000,0.00000
69.875,0.00000,0.00000,0.00000,0.00000
69.907,0.00000,0.00000,0.00000,0.00000
69.937,0.00000,0.00000,0.00000,0.00000
69.968,0.00000,0.00000,0.00000,0.00000
69.999,0.00000,0.00000,0.00000,0.00000
70.031,0.00000,0.00000,0.00000,0.00000
70.062,0.00000,0.00000,0.00000,0.00000
70.094,0.00000,0.00000,0.00000,0.00000
70.125,0.00000,0.00000,0.00000,0.00000
70.157,0.00000,0.00000,0.00000,0.00000
70.188,0.00000,0.00000,0.00000,0.00000
70.218,0.00000,0.00000,0.00000,0.00000
70.250,0.00000,0.00000,0.00000,0.00000
70.281,0.00000,0.00000,0.00000,0.00000
70.312,0.00000,0.00000,0.00000,0.00000
70.343,0.00000,0.00000,0.00000,0.00000
70.374,0.00000,0.00000,0.00000,0.00000
70.405,0.00000,0.00000,0.00000,0.00000
70.437,0.00000,0.00000,0.00000,0.00000
70.468,0.00000,0.00000,0.00000,0.00000
70.499,0.00000,0.00000,0.00000,0.00000
70.530,0.00000,0.00000,0.00000,0.00000
70.561,0.00000,0.00000,0.00000,0.00000
70.592,0.00000,0.00000,0.00000,0.00000
70.624,0.00000,0.00000,0.00000,0.00000
70.656,0.00000,0.00000,0.00000,0.00000
70.687,0.00000,0.00000,0.00000,0.00000
70.718,0.00000,0.00000,0.00000,0.00000
70.750,0.00000,0.00000,0.00000,0.00000
70.780,0.00000,0.00000,0.00000,0.00000
70.811,0.00000,0.00000,0.00000,0.00000
70.842,0.00000,0.00000,0.00000,0.00000
70.873,0.00000,0.00000,0.00000,0.00000
70.904,0.00000,0.00000,0.00000,0.00000
70.936,0.00000,0.00000,0.00000,0.00000
70.967,0.00000,0.00000,0.00000,0.00000
70.997,0.00000,0.00000,0.00000,0.00000
71.027,0.00000,0.00000,0.00000,0.00000
71.058,0.00000,0.00000,0.00000,0.00000
71.089,0.00000,0.00000,0.00000,0.00000
71.120,0.00000,0.00000,0.00000,0.00000
71.151,0.00000,0.00000,0.00000,0.00000
71.183,0.00000,0.00000,0.00000,0.00000
71.215,0.00000,0.00000,0.00000,0.00000
71.245,0.00000,0.00000,0.00000,0.00000
71.276,0.00000,0.00000,0.00000,0.00000
71.307,0.00000,0.00000,0.00000,0.00000
71.338,0.00000,0.00000,0.00000,0.00000
71.369,0.00000,0.00000,0.00000,0.00000
71.400,0.00000,0.00000,0.00000,0.00000
71.432,0.00000,0.00000,0.00000,0.00000
71.463,0.00000,0.00000,0.00000,0.00000
71.494,0.00000,0.00000,0.00000,0.00000
71.525,0.00000,0.00000,0.00000,0.00000
71.556,0.00000,0.00000,0.00000,0.00000
71.588,0.00000,0.00000,0.00000,0.00000
71.619,0.00000,0.00000,0.00000,0.00000
71.650,0.00000,0.00000,0.00000,0.00000
71.682,0.00000,0.00000,0.00000,0.00000
71.713,0.00000,0.00000,0.00000,0.00000
71.744,0.00000,0.00000,0.00000,0.00000
71.776,0.00000,0.00000,0.00000,0.00000
71.807,0.00000,0.00000,0.00000,0.00000
71.839,0.00000,0.00000,0.00000,0.00000
71.870,0.00000,0.00000,0.00000,0.00000
71.901,0.00000,0.00000,0.00000,0.00000
71.931,0.00000,0.00000,0.00000,0.00000
71.963,0.00000,0.00000,0.00000,0.00000
71.994,0.00000,0.00000,0.00000,0.00000
72.024,0.00000,0.00000,0.00000,0.00000
72.056,0.00000,0.00000,0.00000,0.00000
72.087,0.00000,0.00000,0.00000,0.00000
72.118,0.00000,0.00000,0.00000,0.00000
72.164,0.00000,0.00000,0.00000,0.00000
72.194,0.00000,0.00000,0.00000,0.00000
72.225,0.00000,0.00000,0.00000,0.00000
72.257,0.00000,0.00000,0.00000,0.00000
72.288,0.00000,0.00000,0.00000,0.00000
72.319,0.01851,0.03207,0.00000,0.00000
72.350,0.05742,0.09945,0.00000,0.00000
72.380,0.07387,0.12794,0.00000,0.00000
72.411,0.07387,0.12794,0.00000,0.00000
72.442,0.07387,0.12794,0.00000,0.00000
72.473,0.06664,0.11543,0.00000,0.00000
72.504,0.05853,0.10137,0.00000,0.00000
72.536,0.05398,0.09350,0.00000,0.00000
72.567,0.05398,0.09350,0.00000,0.00000
72.598,0.02720,0.04711,0.00000,0.00000
72.629,0.02300,0.03984,0.00000,0.00000
72.661,0.02254,0.03904,0.00000,0.00000
72.692,0.02051,0.03553,0.00000,0.00000
72.723,0.00969,0.01678,0.00000,0.00000
72.754,0.00635,0.01100,0.00000,0.00000
72.785,0.00635,0.01100,0.00000,0.00000
72.816,0.00458,0.00793,0.00000,0.00000
72.847,0.00332,0.00575,0.00000,0.00000
72.879,0.00262,0.00454,0.00000,0.00000
72.909,0.00227,0.00393,0.00000,0.00000
72.941,0.00196,0.00340,0.00000,0.00000
72.972,0.00174,0.00302,0.00000,0.00000
73.003,0.00166,0.00288,0.00000,0.00000
73.034,0.00166,0.00288,0.00000,0.00000
73.066,0.00158,0.00274,0.00000,0.00000
73.096,0.00132,0.00228,0.00000,0.00000
73.128,0.00122,0.00212,0.00000,0.00000
73.158,0.00122,0.00212,0.00000,0.00000
73.190,0.00084,0.00146,0.00000,0.00000
73.220,0.00074,0.00128,0.00000,0.00000
73.251,0.00076,0.00131,0.00000,0.00000
73.283,0.00076,0.00131,0.00000,0.00000
73.314,0.00076,0.00131,0.00000,0.00000
73.345,0.00072,0.00125,0.00000,0.00000
73.377,0.00047,0.00081,0.00000,0.00000
73.407,0.00044,0.00077,0.00000,0.00000
73.438,0.00033,0.00058,0.00000,0.00000
73.469,0.00033,0.00058,0.00000,0.00000
73.500,0.00027,0.00047,0.00000,0.00000
73.531,0.00023,0.00040,0.00000,0.00000
73.563,0.00021,0.00037,0.00000,0.00000
73.594,0.00015,0.00026,0.00000,0.00000
73.625,0.00013,0.00022,0.00000,0.00000
73.656,0.00012,0.00020,0.00000,0.00000
73.688,0.00009,0.00015,0.00000,0.00000
73.720,0.00006,0.00011,0.00000,0.00000
73.751,0.00005,0.00009,0.00000,0.00000
73.782,0.00003,0.00005,0.00000,0.00000
73.812,0.00002,0.00004,0.00000,0.00000
73.844,0.00001,0.00001,0.00000,0.00000
73.874,0.00000,0.00000,0.00000,0.00000
73.905,0.00000,0.00000,0.00000,0.00000
73.937,0.00000,0.00000,0.00000,0.00000
73.967,0.00000,0.00000,0.00000,0.00000
73.998,0.00000,0.00000,0.00000,0.00000
74.029,0.00000,0.00000,0.00000,0.00000
74.060,0.00000,0.00000,0.00000,0.00000
74.091,0.00000,0.00000,0.00000,0.00000
74.122,0.00000,0.00000,0.00000,0.00000
74.153,0.00000,0.00000,0.00000,0.00000
74.184,0.00000,0.00000,0.00000,0.00000
74.215,0.00000,0.00000,0.00000,0.00000
74.246,0.00000,0.00000,0.00000,0.00000
74.278,0.00000,0.00000,0.00000,0.00000
74.309,0.00000,0.00000,0.00000,0.00000
74.340,0.00000,0.00000,0.00000,0.00000
74.371,0.00000,0.00000,0.00000,0.00000
74.402,0.00000,0.00000,0.00000,0.00000
74.433,0.00000,0.00000,0.00000,0.00000
74.464,0.00000,0.00000,0.00000,0.00000
74.495,0.00000,0.00000,0.00000,0.00000
74.525,0.00000,0.00000,0.00000,0.00000
74.557,0.00000,0.00000,0.00000,0.00000
74.588,0.00000,0.00000,0.00000,0.00000
74.619,0.00000,0.00000,0.00000,0.00000
74.649,0.00000,0.00000,0.00000,0.00000
74.696,0.00000,0.00000,0.00000,0.00000
74.742,0.00000,0.00000,0.00000,0.00000
74.774,0.00000,0.00000,0.00000,0.00000
74.821,0.00000,0.00000,0.00000,0.00000
74.853,0.00000,0.00000,0.00000,0.00000
74.883,0.00000,0.00000,0.00000,0.00000
74.915,0.00000,0.00000,0.00000,0.00000
74.946,0.00000,0.00000,0.00000,0.00000
74.993,0.00000,0.00000,0.00000,0.00000
75.024,0.00000,0.00000,0.00000,0.00000
75.056,0.00000,0.00000,0.00000,0.00000
75.087,0.00000,0.00000,0.00000,0.00000
75.117,0.00000,0.00000,0.00000,0.00000
75.164,0.00000,0.00000,0.00000,0.00000
75.195,0.00000,0.00000,0.00000,0.00000
75.242,0.00000,0.00000,0.00000,0.00000
75.288,0.00000,0.00000,0.00000,0.00000
75.319,0.00000,0.00000,0.00000,0.00000
75.350,0.00000,0.00000,0.00000,0.00000
75.380,0.00000,0.00000,0.00000,0.00000
75.411,0.00000,0.00000,0.00000,0.00000
75.442,0.00000,0.00000,0.00000,0.00000
75.473,0.00000,0.00000,0.00000,0.00000
75.504,0.00000,0.00000,0.00000,0.00000
75.535,0.00000,0.00000,0.00000,0.00000
75.566,0.00000,0.00000,0.00000,0.00000
75.596,0.00000,0.00000,0.00000,0.00000
75.628,0.00000,0.00000,0.00000,0.00000
75.659,0.00000,0.00000,0.00000,0.00000
75.691,0.00000,0.00000,0.00000,0.00000
75.721,0.00000,0.00000,0.00000,0.00000
75.753,0.00000,0.00000,0.00000,0.00000
75.784,0.00000,0.00000,0.00000,0.00000
75.815,0.00000,0.00000,0.00000,0.00000
75.846,0.00000,0.00000,0.00000,0.00000
75.877,0.00000,0.00000,0.00000,0.00000
75.909,0.00000,0.00000,0.00000,0.00000
75.940,0.00000,0.00000,0.00000,0.00000
75.971,0.00000,0.00000,0.00000,0.00000
76.002,0.00000,0.00000,0.00000,0.00000
76.033,0.00000,0.00000,0.00000,0.00000
76.064,0.00000,0.00000,0.00000,0.00000
76.095,0.00000,0.00000,0.00000,0.00000
76.126,0.00000,0.00000,0.00000,0.00000
76.157,0.00000,0.00000,0.00000,0.00000
76.189,0.00000,0.00000,0.00000,0.00000
76.220,0.00000,0.00000,0.00000,0.00000
76.251,0.00000,0.00000,0.00000,0.00000
76.282,0.00000,0.00000,0.00000,0.00000
76.313,0.00000,0.00000,0.00000,0.00000
76.344,0.00000,0.00000,0.00000,0.00000
76.374,0.00000,0.00000,0.00000,0.00000
76.405,0.00000,0.00000,0.00000,0.00000
76.436,0.00000,0.00000,0.00000,0.00000
76.467,0.00000,0.00000,0.00000,0.00000
76.497,0.00000,0.00000,0.00000,0.00000
76.530,0.00000,0.00000,0.00000,0.00000
76.562,0.00000,0.00000,0.00000,0.00000
76.592,0.00000,0.00000,0.00000,0.00000
76.624,0.00000,0.00000,0.00000,0.00000
76.654,0.00000,0.00000,0.00000,0.00000
76.686,0.00000,0.00000,0.00000,0.00000
76.717,0.00000,0.00000,0.00000,0.00000
76.748,0.00000,0.00000,0.00000,0.00000
76.780,0.00000,0.00000,0.00000,0.00000
76.811,0.00000,0.00000,0.00000,0.00000
76.843,0.00000,0.00000,0.00000,0.00000
76.874,0.00000,0.00000,0.00000,0.00000
76.906,0.00000,0.00000,0.00000,0.00000
76.937,0.00000,0.00000,0.00000,0.00000
76.967,0.00000,0.00000,0.00000,0.00000
76.998,0.00000,0.00000,0.00000,0.00000
77.029,0.00000,0.00000,0.00000,0.00000
77.060,0.00000,0.00000,0.00000,0.00000
77.091,0.00000,0.00000,0.00000,0.00000
77.122,0.00000,0.00000,0.00000,0.00000
77.153,0.00000,0.00000,0.00000,0.00000
77.186,0.00000,0.00000,0.00000,0.00000
77.216,0.00000,0.00000,0.00000,0.00000
77.247,0.00000,0.00000,0.00000,0.00000
77.278,0.00000,0.00000,0.00000,0.00000
77.308,0.00000,0.00000,0.00000,0.00000
77.339,0.00000,0.00000,0.00000,0.00000
77.370,0.00000,0.00000,0.00000,0.00000
77.401,0.00000,0.00000,0.00000,0.00000
77.432,0.00000,0.00000,0.00000,0.00000
77.463,0.00000,0.00000,0.00000,0.00000
77.495,0.00000,0.00000,0.00000,0.00000
77.525,0.00000,0.00000,0.00000,0.00000
77.556,0.00000,0.00000,0.00000,0.00000
77.587,0.00000,0.00000,0.00000,0.00000
77.618,0.00000,0.00000,0.00000,0.00000
77.650,0.00000,0.00000,0.00000,0.00000
77.681,0.00000,0.00000,0.00000,0.00000
77.712,0.00000,0.00000,0.00000,0.00000
77.744,0.00000,0.00000,0.00000,0.00000
77.776,0.00000,0.00000,0.00000,0.00000
77.807,0.00000,0.00000,0.00000,0.00000
77.837,0.00000,0.00000,0.00000,0.00000
77.868,0.00000,0.00000,0.00000,0.00000
77.900,0.00000,0.00000,0.00000,0.00000
77.931,0.00000,0.00000,0.00000,0.00000
77.962,0.00000,0.00000,0.00000,0.00000
77.993,0.00000,0.00000,0.00000,0.00000
78.039,0.00000,0.00000,0.00000,0.00000
78.085,0.00000,0.00000,0.00000,0.00000
78.116,0.00000,0.00000,0.00000,0.00000
78.163,0.00000,0.00000,0.00000,0.00000
78.194,0.00000,0.00000,0.00000,0.00000
78.226,0.00000,0.00000,0.00000,0.00000
78.257,0.00000,0.00000,0.00000,0.00000
78.288,0.00000,0.00000,0.00000,0.00000
78.319,0.00000,0.00000,0.00000,0.00000
78.350,0.00000,0.00000,0.00000,0.00000
78.380,0.00000,0.00000,0.00000,0.00000
78.412,0.00000,0.00000,0.00000,0.00000
78.443,0.00000,0.00000,0.00000,0.00000
78.474,0.00000,0.00000,0.00000,0.00000
78.505,0.00000,0.00000,0.00000,0.00000
78.536,0.00000,0.00000,0.00000,0.00000
78.567,0.00000,0.00000,0.00000,0.00000
78.598,0.00000,0.00000,0.00000,0.00000
78.630,0.00000,0.00000,0.00000,0.00000
78.661,0.00000,0.00000,0.00000,0.00000
78.691,0.00000,0.00000,0.00000,0.00000
78.723,0.00000,0.00000,0.00000,0.00000
78.754,0.00000,0.00000,0.00000,0.00000
78.784,0.00000,0.00000,0.00000,0.00000
78.815,0.00000,0.00000,0.00000,0.00000
78.847,0.00000,0.00000,0.00000,0.00000
78.877,0.00000,0.00000,0.00000,0.00000
78.908,0.00000,0.00000,0.00000,0.00000
78.939,0.00000,0.00000,0.00000,0.00000
78.971,0.00000,0.00000,0.00000,0.00000
79.002,0.00000,0.00000,0.00000,0.00000
79.033,0.00000,0.00000,0.00000,0.00000
79.065,0.00000,0.00000,0.00000,0.00000
79.096,0.00000,0.00000,0.00000,0.00000
79.127,0.00000,0.00000,0.00000,0.00000
79.159,0.00000,0.00000,0.00000,0.00000
79.190,0.00000,0.00000,0.00000,0.00000
79.220,0.00000,0.00000,0.00000,0.00000
79.251,0.00000,0.00000,0.00000,0.00000
79.282,0.00000,0.00000,0.00000,0.00000
79.313,0.00000,0.00000,0.00000,0.00000
79.343,0.00000,0.00000,0.00000,0.00000
79.375,0.00000,0.00000,0.00000,0.00000
79.406,0.00000,0.00000,0.00000,0.00000
79.437,0.00000,0.00000,0.00000,0.00000
79.468,0.00000,0.00000,0.00000,0.00000
79.500,0.00000,0.00000,0.00000,0.00000
79.531,0.00000,0.00000,0.00000,0.00000
79.562,0.00000,0.00000,0.00000,0.00000
79.593,0.00000,0.00000,0.00000,0.00000
79.624,0.00000,0.00000,0.00000,0.00000
79.655,0.00000,0.00000,0.00000,0.00000
79.685,0.00000,0.00000,0.00000,0.00000
79.716,0.00000,0.00000,0.00000,0.00000
79.747,0.00000,0.00000,0.00000,0.00000
79.777,0.00000,0.00000,0.00000,0.00000
79.809,0.00000,0.00000,0.00000,0.00000
79.840,0.00000,0.00000,0.00000,0.00000
79.871,0.00000,0.00000,0.00000,0.00000
79.903,0.00000,0.00000,0.00000,0.00000
79.934,0.00000,0.00000,0.00000,0.00000
79.965,0.00000,0.00000,0.00000,0.00000
79.997,0.00000,0.00000,0.00000,0.00000
80.028,0.00000,0.00000,0.00000,0.00000
80.058,0.00000,0.00000,0.00000,0.00000
80.090,0.00000,0.00000,0.00000,0.00000
80.121,0.00000,0.00000,0.00000,0.00000
80.152,0.00000,0.00000,0.00000,0.00000
80.183,0.00000,0.00000,0.00000,0.00000
80.214,0.00000,0.00000,0.00000,0.00000
80.246,0.00000,0.00000,0.00000,0.00000
80.277,0.00000,0.00000,0.00000,0.00000
80.308,0.00000,0.00000,0.00000,0.00000
80.339,0.00000,0.00000,0.00000,0.00000
80.370,0.00000,0.00000,0.00000,0.00000
80.401,0.00000,0.00000,0.00000,0.00000
80.433,0.00000,0.00000,0.00000,0.00000
80.464,0.00000,0.00000,0.00000,0.00000
80.495,0.00000,0.00000,0.00000,0.00000
80.526,0.00000,0.00000,0.00000,0.00000
80.558,0.00000,0.00000,0.00000,0.00000
80.589,0.00000,0.00000,0.00000,0.00000
80.620,0.00000,0.00000,0.00000,0.00000
80.650,0.00000,0.00000,0.00000,0.00000
80.682,0.00000,0.00000,0.00000,0.00000
80.713,0.00000,0.00000,0.00000,0.00000
80.745,0.00000,0.00000,0.00000,0.00000
80.775,0.00000,0.00000,0.00000,0.00000
80.806,0.00000,0.00000,0.00000,0.00000
80.838,0.00000,0.00000,0.00000,0.00000
80.868,0.00000,0.00000,0.00000,0.00000
80.899,0.00000,0.00000,0.00000,0.00000
80.946,0.00000,0.00000,0.00000,0.00000
80.992,0.00000,0.00000,0.00000,0.00000
81.038,0.00000,0.00000,0.00000,0.00000
81.086,0.00000,0.00000,0.00000,0.00000
81.132,0.00000,0.00000,0.00000,0.00000
81.163,0.00000,0.00000,0.00000,0.00000
81.194,0.00000,0.00000,0.00000,0.00000
81.226,0.00000,0.00000,0.00000,0.00000
81.257,0.00000,0.00000,0.00000,0.00000
81.289,0.00000,0.00000,0.00000,0.00000
81.336,0.00000,0.00000,0.00000,0.00000
81.383,0.00000,0.00000,0.00000,0.00000
81.415,0.00000,0.00000,0.00000,0.00000
81.461,0.00000,0.00000,0.00000,0.00000
81.493,0.00000,0.00000,0.00000,0.00000
81.524,0.00000,0.00000,0.00000,0.00000
81.570,0.00000,0.00000,0.00000,0.00000
81.617,0.00000,0.00000,0.00000,0.00000
81.664,0.00000,0.00000,0.00000,0.00000
81.696,0.00000,0.00000,0.00000,0.00000
81.727,0.00000,0.00000,0.00000,0.00000
81.759,0.00000,0.00000,0.00000,0.00000
81.790,0.00000,0.00000,0.00000,0.00000
81.821,0.00000,0.00000,0.00000,0.00000
81.852,0.00000,0.00000,0.00000,0.00000
81.884,0.00000,0.00000,0.00000,0.00000
81.929,0.00000,0.00000,0.00000,0.00000
81.975,0.00000,0.00000,0.00000,0.00000
82.007,0.00000,0.00000,0.00000,0.00000
82.054,0.00000,0.00000,0.00000,0.00000
82.100,0.00000,0.00000,0.00000,0.00000
82.131,0.00000,0.00000,0.00000,0.00000
82.163,0.00000,0.00000,0.00000,0.00000
82.194,0.00000,0.00000,0.00000,0.00000
82.225,0.00000,0.00000,0.00000,0.00000
82.257,0.00000,0.00000,0.00000,0.00000
82.289,0.00000,0.00000,0.00000,0.00000
82.320,0.00000,0.00000,0.00000,0.00000
82.367,0.00000,0.00000,0.00000,0.00000
82.399,0.00000,0.00000,0.00000,0.00000
82.430,0.00000,0.00000,0.00000,0.00000
82.461,0.00000,0.00000,0.00000,0.00000
82.508,0.00000,0.00000,0.00000,0.00000
82.554,0.00000,0.00000,0.00000,0.00000
82.585,0.00000,0.00000,0.00000,0.00000
82.616,0.00000,0.00000,0.00000,0.00000
82.646,0.00000,0.00000,0.00000,0.00000
82.677,0.00000,0.00000,0.00000,0.00000
82.708,0.00000,0.00000,0.00000,0.00000
82.739,0.00000,0.00000,0.00000,0.00000
82.770,0.00000,0.00000,0.00000,0.00000
82.801,0.00000,0.00000,0.00000,0.00000
82.833,0.00000,0.00000,0.00000,0.00000
82.864,0.00000,0.00000,0.00000,0.00000
82.895,0.00000,0.00000,0.00000,0.00000
82.926,0.00000,0.00000,0.00000,0.00000
82.957,0.00000,0.00000,0.00000,0.00000
82.988,0.00000,0.00000,0.00000,0.00000
83.019,0.00000,0.00000,0.00000,0.00000
83.050,0.00000,0.00000,0.00000,0.00000
83.082,0.00000,0.00000,0.00000,0.00000
83.113,0.00000,0.00000,0.00000,0.00000
83.144,0.00000,0.00000,0.00000,0.00000
83.175,0.00000,0.00000,0.00000,0.00000
83.207,0.00000,0.00000,0.00000,0.00000
83.237,0.00000,0.00000,0.00000,0.00000
83.268,0.00000,0.00000,0.00000,0.00000
83.299,0.00000,0.00000,0.00000,0.00000
83.330,0.00000,0.00000,0.00000,0.00000
83.362,0.00000,0.00000,0.00000,0.00000
83.392,0.00000,0.00000,0.00000,0.00000
83.423,0.00000,0.00000,0.00000,0.00000
83.454,0.00000,0.00000,0.00000,0.00000
83.485,0.00000,0.00000,0.00000,0.00000
83.516,0.00000,0.00000,0.00000,0.00000
83.548,0.00000,0.00000,0.00000,0.00000
83.578,0.00000,0.00000,0.00000,0.00000
83.609,0.00000,0.00000,0.00000,0.00000
83.641,0.00000,0.00000,0.00000,0.00000
83.672,0.00000,0.00000,0.00000,0.00000
83.703,0.00000,0.00000,0.00000,0.00000
83.734,0.00000,0.00000,0.00000,0.00000
83.765,0.00000,0.00000,0.00000,0.00000
83.796,0.00000,0.00000,0.00000,0.00000
83.828,0.00000,0.00000,0.00000,0.00000
83.859,0.00000,0.00000,0.00000,0.00000
83.890,0.00000,0.00000,0.00000,0.00000
83.921,0.00000,0.00000,0.00000,0.00000
83.952,0.00000,0.00000,0.00000,0.00000
83.983,0.00000,0.00000,0.00000,0.00000
84.014,0.00000,0.00000,0.00000,0.00000
84.046,0.00000,0.00000,0.00000,0.00000
84.077,0.00000,0.00000,0.00000,0.00000
84.108,0.00000,0.00000,0.00000,0.00000
84.139,0.00000,0.00000,0.00000,0.00000
84.170,0.00000,0.00000,0.00000,0.00000
84.201,0.00000,0.00000,0.00000,0.00000
84.232,0.00000,0.00000,0.00000,0.00000
84.263,0.00000,0.00000,0.00000,0.00000
84.295,0.00000,0.00000,0.00000,0.00000
84.326,0.00000,0.00000,0.00000,0.00000
84.357,0.00000,0.00000,0.00000,0.00000
84.389,0.00000,0.00000,0.00000,0.00000
84.420,0.00000,0.00000,0.00000,0.00000
84.450,0.00000,0.00000,0.00000,0.00000
84.481,0.00000,0.00000,0.00000,0.00000
84.513,0.00000,0.00000,0.00000,0.00000
84.544,0.00000,0.00000,0.00000,0.00000
84.576,0.00000,0.00000,0.00000,0.00000
84.606,0.00000,0.00000,0.00000,0.00000
84.637,0.00000,0.00000,0.00000,0.00000
84.668,0.00000,0.00000,0.00000,0.00000
84.699,0.00000,0.00000,0.00000,0.00000
84.731,0.00000,0.00000,0.00000,0.00000
84.763,0.00000,0.00000,0.00000,0.00000
84.795,0.00000,0.00000,0.00000,0.00000
84.825,0.00000,0.00000,0.00000,0.00000
84.857,0.00000,0.00000,0.00000,0.00000
84.887,0.00000,0.00000,0.00000,0.00000
84.919,0.00000,0.00000,0.00000,0.00000
84.950,0.00000,0.00000,0.00000,0.00000
84.981,0.00000,0.00000,0.00000,0.00000
85.011,0.00000,0.00000,0.00000,0.00000
85.042,0.00000,0.00000,0.00000,0.00000
85.073,0.00000,0.00000,0.00000,0.00000
85.104,0.00000,0.00000,0.00000,0.00000
85.134,0.00000,0.00000,0.00000,0.00000
85.166,0.00000,0.00000,0.00000,0.00000
85.197,0.00000,0.00000,0.00000,0.00000
85.227,0.00000,0.00000,0.00000,0.00000
85.258,0.00000,0.00000,0.00000,0.00000
85.289,0.00000,0.00000,0.00000,0.00000
85.321,0.00000,0.00000,0.00000,0.00000
85.352,0.00000,0.00000,0.00000,0.00000
85.398,0.00000,0.00000,0.00000,0.00000
85.444,0.00000,0.00000,0.00000,0.00000
85.475,0.00000,0.00000,0.00000,0.00000
85.506,0.00000,0.00000,0.00000,0.00000
85.538,0.00000,0.00000,0.00000,0.00000
85.569,0.00000,0.00000,0.00000,0.00000
85.600,0.00000,0.00000,0.00000,0.00000
85.632,0.00000,0.00000,0.00000,0.00000
85.662,0.00000,0.00000,0.00000,0.00000
85.693,0.00000,0.00000,0.00000,0.00000
85.724,0.00000,0.00000,0.00000,0.00000
85.755,0.00000,0.00000,0.00000,0.00000
85.786,0.00000,0.00000,0.00000,0.00000
85.817,0.00000,0.00000,0.00000,0.00000
85.849,0.00000,0.00000,0.00000,0.00000
85.880,0.00000,0.00000,0.00000,0.00000
85.912,0.00000,0.00000,0.00000,0.00000
85.942,0.00000,0.00000,0.00000,0.00000
85.974,0.00000,0.00000,0.00000,0.00000
86.004,0.00000,0.00000,0.00000,0.00000
86.035,0.00000,0.00000,0.00000,0.00000
86.067,0.00000,0.00000,0.00000,0.00000
86.098,0.00000,0.00000,0.00000,0.00000
86.130,0.00000,0.00000,0.00000,0.00000
86.161,0.00000,0.00000,0.00000,0.00000
86.192,0.00000,0.00000,0.00000,0.00000
86.222,0.00000,0.00000,0.00000,0.00000
86.253,0.00000,0.00000,0.00000,0.00000
86.284,0.00000,0.00000,0.00000,0.00000
86.315,0.00000,0.00000,0.00000,0.00000
86.347,0.00000,0.00000,0.00000,0.00000
86.376,0.00000,0.00000,0.00000,0.00000
86.408,0.00000,0.00000,0.00000,0.00000
86.440,0.00000,0.00000,0.00000,0.00000
86.471,0.00000,0.00000,0.00000,0.00000
86.502,0.00000,0.00000,0.00000,0.00000
86.533,0.00000,0.00000,0.00000,0.00000
86.563,0.00000,0.00000,0.00000,0.00000
86.595,0.00000,0.00000,0.00000,0.00000
86.626,0.00000,0.00000,0.00000,0.00000
86.657,0.00000,0.00000,0.00000,0.00000
86.689,0.00000,0.00000,0.00000,0.00000
86.720,0.00000,0.00000,0.00000,0.00000
86.751,0.00000,0.00000,0.00000,0.00000
86.782,0.00000,0.00000,0.00000,0.00000
86.813,0.00000,0.00000,0.00000,0.00000
86.845,0.00000,0.00000,0.00000,0.00000
86.875,0.00000,0.00000,0.00000,0.00000
86.907,0.00000,0.00000,0.00000,0.00000
86.937,0.00000,0.00000,0.00000,0.00000
86.968,0.00000,0.00000,0.00000,0.00000
86.999,0.00000,0.00000,0.00000,0.00000
87.031,0.00000,0.00000,0.00000,0.00000
87.062,0.00000,0.00000,0.00000,0.00000
87.092,0.00000,0.00000,0.00000,0.00000
87.124,0.00000,0.00000,0.00000,0.00000
87.155,0.00000,0.00000,0.00000,0.00000
87.187,0.00000,0.00000,0.00000,0.00000
87.217,0.00000,0.00000,0.00000,0.00000
87.249,0.00000,0.00000,0.00000,0.00000
87.282,0.00000,0.00000,0.00000,0.00000
87.312,0.00000,0.00000,0.00000,0.00000
87.343,0.00000,0.00000,0.00000,0.00000
87.374,0.00000,0.00000,0.00000,0.00000
87.405,0.00000,0.00000,0.00000,0.00000
87.436,0.00000,0.00000,0.00000,0.00000
87.466,0.00000,0.00000,0.00000,0.00000
87.497,0.00000,0.00000,0.00000,0.00000
87.528,0.00000,0.00000,0.00000,0.00000
87.559,0.00000,0.00000,0.00000,0.00000
87.591,0.00000,0.00000,0.00000,0.00000
87.622,0.00000,0.00000,0.00000,0.00000
87.653,0.00000,0.00000,0.00000,0.00000
87.684,0.00000,0.00000,0.00000,0.00000
87.715,0.00000,0.00000,0.00000,0.00000
87.747,0.00000,0.00000,0.00000,0.00000
87.777,0.00000,0.00000,0.00000,0.00000
87.808,0.00000,0.00000,0.00000,0.00000
87.840,0.00000,0.00000,0.00000,0.00000
87.871,0.00000,0.00000,0.00000,0.00000
87.902,0.00000,0.00000,0.00000,0.00000
87.933,0.00000,0.00000,0.00000,0.00000
87.964,0.00000,0.00000,0.00000,0.00000
87.995,0.00000,0.00000,0.00000,0.00000
88.026,0.00000,0.00000,0.00000,0.00000
88.057,0.00000,0.00000,0.00000,0.00000
88.088,0.00000,0.00000,0.00000,0.00000
88.119,0.00000,0.00000,0.00000,0.00000
88.150,0.00000,0.00000,0.00000,0.00000
88.181,0.00000,0.00000,0.00000,0.00000
88.213,0.00000,0.00000,0.00000,0.00000
88.244,0.00000,0.00000,0.00000,0.00000
88.275,0.00000,0.00000,0.00000,0.00000
88.306,0.00000,0.00000,0.00000,0.00000
88.337,0.00000,0.00000,0.00000,0.00000
88.368,0.00000,0.00000,0.00000,0.00000
88.399,0.00000,0.00000,0.00000,0.00000
88.430,0.00000,0.00000,0.00000,0.00000
88.476,0.00000,0.00000,0.00000,0.00000
88.523,0.00000,0.00000,0.00000,0.00000
88.570,0.00000,0.00000,0.00000,0.00000
88.616,0.00000,0.00000,0.00000,0.00000
88.662,0.00000,0.00000,0.00000,0.00000
88.694,0.00000,0.00000,0.00000,0.00000
88.724,0.00000,0.00000,0.00000,0.00000
88.755,0.00000,0.00000,0.00000,0.00000
88.787,0.00000,0.00000,0.00000,0.00000
88.819,0.00000,0.00000,0.00000,0.00000
88.850,0.00000,0.00000,0.00000,0.00000
88.880,0.00000,0.00000,0.00000,0.00000
88.911,0.00000,0.00000,0.00000,0.00000
88.944,0.00000,0.00000,0.00000,0.00000
88.974,0.00000,0.00000,0.00000,0.00000
89.005,0.00000,0.00000,0.00000,0.00000
89.036,0.00000,0.00000,0.00000,0.00000
89.067,0.00000,0.00000,0.00000,0.00000
89.097,0.00000,0.00000,0.00000,0.00000
89.129,0.00000,0.00000,0.00000,0.00000
89.160,0.00000,0.00000,0.00000,0.00000
89.191,0.00000,0.00000,0.00000,0.00000
89.222,0.00000,0.00000,0.00000,0.00000
89.254,0.00000,0.00000,0.00000,0.00000
89.285,0.00000,0.00000,0.00000,0.00000
89.317,0.00000,0.00000,0.00000,0.00000
89.348,0.00000,0.00000,0.00000,0.00000
89.380,0.00000,0.00000,0.00000,0.00000
89.412,0.00000,0.00000,0.00000,0.00000
89.442,0.00000,0.00000,0.00000,0.00000
89.473,0.00000,0.00000,0.00000,0.00000
89.505,0.00000,0.00000,0.00000,0.00000
89.536,0.00000,0.00000,0.00000,0.00000
89.568,0.00000,0.00000,0.00000,0.00000
89.599,0.00000,0.00000,0.00000,0.00000
89.630,0.00000,0.00000,0.00000,0.00000
89.661,0.00000,0.00000,0.00000,0.00000
89.693,0.00000,0.00000,0.00000,0.00000
89.723,0.00000,0.00000,0.00000,0.00000
89.754,0.00000,0.00000,0.00000,0.00000
89.785,0.00000,0.00000,0.00000,0.00000
89.816,0.00000,0.00000,0.00000,0.00000
89.847,0.00000,0.00000,0.00000,0.00000
89.878,0.00000,0.00000,0.00000,0.00000
89.909,0.00000,0.00000,0.00000,0.00000
89.941,0.00000,0.00000,0.00000,0.00000
89.972,0.00000,0.00000,0.00000,0.00000
90.003,0.00000,0.00000,0.00000,0.00000
90.034,0.00000,0.00000,0.00000,0.00000
90.066,0.00000,0.00000,0.00000,0.00000
90.097,0.00000,0.00000,0.00000,0.00000
90.129,0.00000,0.00000,0.00000,0.00000
90.160,0.00000,0.00000,0.00000,0.00000
90.192,0.00000,0.00000,0.00000,0.00000
90.223,0.00000,0.00000,0.00000,0.00000
90.254,0.00000,0.00000,0.00000,0.00000
90.285,0.00000,0.00000,0.00000,0.00000
90.317,0.00000,0.00000,0.00000,0.00000
90.348,0.00000,0.00000,0.00000,0.00000
90.379,0.00000,0.00000,0.00000,0.00000
90.410,0.00000,0.00000,0.00000,0.00000
90.440,0.00000,0.00000,0.00000,0.00000
90.472,0.00000,0.00000,0.00000,0.00000
90.503,0.00000,0.00000,0.00000,0.00000
90.535,0.00000,0.00000,0.00000,0.00000
90.565,0.00000,0.00000,0.00000,0.00000
90.598,0.00000,0.00000,0.00000,0.00000
90.628,0.00000,0.00000,0.00000,0.00000
90.659,0.00000,0.00000,0.00000,0.00000
90.690,0.00000,0.00000,0.00000,0.00000
90.721,0.00000,0.00000,0.00000,0.00000
90.751,0.00000,0.00000,0.00000,0.00000
90.783,0.00000,0.00000,0.00000,0.00000
90.813,0.00000,0.00000,0.00000,0.00000
90.845,0.00000,0.00000,0.00000,0.00000
90.876,0.00000,0.00000,0.00000,0.00000
90.907,0.00000,0.00000,0.00000,0.00000
90.938,0.00000,0.00000,0.00000,0.00000
90.969,0.00000,0.00000,0.00000,0.00000
91.000,0.00000,0.00000,0.00000,0.00000
91.030,0.00000,0.00000,0.00000,0.00000
91.062,0.00000,0.00000,0.00000,0.00000
91.093,0.00000,0.00000,0.00000,0.00000
91.123,0.00000,0.00000,0.00000,0.00000
91.154,0.00000,0.00000,0.00000,0.00000
91.187,0.00000,0.00000,0.00000,0.00000
91.218,0.00000,0.00000,0.00000,0.00000
91.248,0.00000,0.00000,0.00000,0.00000
91.280,0.00000,0.00000,0.00000,0.00000
91.312,0.00000,0.00000,0.00000,0.00000
91.343,0.00000,0.00000,0.00000,0.00000
91.375,0.00000,0.00000,0.00000,0.00000
91.405,0.00000,0.00000,0.00000,0.00000
91.437,0.00000,0.00000,0.00000,0.00000
91.468,0.00000,0.00000,0.00000,0.00000
91.498,0.00000,0.00000,0.00000,0.00000
91.530,0.00000,0.00000,0.00000,0.00000
91.560,0.00000,0.00000,0.00000,0.00000
91.592,0.00000,0.00000,0.00000,0.00000
91.622,0.00000,0.00000,0.00000,0.00000
91.654,0.00000,0.00000,0.00000,0.00000
91.685,0.00000,0.00000,0.00000,0.00000
91.716,0.00000,0.00000,0.00000,0.00000
91.746,0.00000,0.00000,0.00000,0.00000
91.777,0.00000,0.00000,0.00000,0.00000
91.809,0.00000,0.00000,0.00000,0.00000
91.839,0.00000,0.00000,0.00000,0.00000
91.870,0.00000,0.00000,0.00000,0.00000
91.901,0.00000,0.00000,0.00000,0.00000
91.931,0.00000,0.00000,0.00000,0.00000
91.963,0.00000,0.00000,0.00000,0.00000
91.994,0.00000,0.00000,0.00000,0.00000
92.025,0.00000,0.00000,0.00000,0.00000
92.055,0.00000,0.00000,0.00000,0.00000
92.087,0.00000,0.00000,0.00000,0.00000
92.119,0.00000,0.00000,0.00000,0.00000
92.150,0.00000,0.00000,0.00000,0.00000
92.181,0.00000,0.00000,0.00000,0.00000
92.212,0.00000,0.00000,0.00000,0.00000
92.245,0.00000,0.00000,0.00000,0.00000
92.274,0.00000,0.00000,0.00000,0.00000
92.320,0.00000,0.00000,0.00000,0.00000
92.352,0.00000,0.00000,0.00000,0.00000
92.399,0.00000,0.00000,0.00000,0.00000
92.445,0.00000,0.00000,0.00000,0.00000
92.477,0.00000,0.00000,0.00000,0.00000
92.508,0.00000,0.00000,0.00000,0.00000
92.539,0.00000,0.00000,0.00000,0.00000
92.585,0.00000,0.00000,0.00000,0.00000
92.617,0.00000,0.00000,0.00000,0.00000
92.663,0.00000,0.00000,0.00000,0.00000
92.694,0.00000,0.00000,0.00000,0.00000
92.725,0.00000,0.00000,0.00000,0.00000
92.756,0.00000,0.00000,0.00000,0.00000
92.787,0.00000,0.00000,0.00000,0.00000
92.818,0.00000,0.00000,0.00000,0.00000
92.849,0.00000,0.00000,0.00000,0.00000
92.880,0.00000,0.00000,0.00000,0.00000
92.911,0.00000,0.00000,0.00000,0.00000
92.942,0.00000,0.00000,0.00000,0.00000
92.973,0.00000,0.00000,0.00000,0.00000
93.005,0.00000,0.00000,0.00000,0.00000
93.036,0.00000,0.00000,0.00000,0.00000
93.068,0.00000,0.00000,0.00000,0.00000
93.098,0.00000,0.00000,0.00000,0.00000
93.129,0.00000,0.00000,0.00000,0.00000
93.160,0.00000,0.00000,0.00000,0.00000
93.191,0.00000,0.00000,0.00000,0.00000
93.223,0.00000,0.00000,0.00000,0.00000
93.254,0.00000,0.00000,0.00000,0.00000
93.285,0.00000,0.00000,0.00000,0.00000
93.317,0.00000,0.00000,0.00000,0.00000
93.348,0.00000,0.00000,0.00000,0.00000
93.379,0.00000,0.00000,0.00000,0.00000
93.410,0.00000,0.00000,0.00000,0.00000
93.441,0.00000,0.00000,0.00000,0.00000
93.473,0.00000,0.00000,0.00000,0.00000
93.503,0.00000,0.00000,0.00000,0.00000
93.534,0.00000,0.00000,0.00000,0.00000
93.565,0.00000,0.00000,0.00000,0.00000
93.596,0.00000,0.00000,0.00000,0.00000
93.627,0.00000,0.00000,0.00000,0.00000
93.657,0.00000,0.00000,0.00000,0.00000
93.688,0.00000,0.00000,0.00000,0.00000
93.720,0.00000,0.00000,0.00000,0.00000
93.751,0.00000,0.00000,0.00000,0.00000
93.782,0.00000,0.00000,0.00000,0.00000
93.814,0.00000,0.00000,0.00000,0.00000
93.845,0.00000,0.00000,0.00000,0.00000
93.875,0.00000,0.00000,0.00000,0.00000
93.907,0.00000,0.00000,0.00000,0.00000
93.938,0.00000,0.00000,0.00000,0.00000
93.969,0.00000,0.00000,0.00000,0.00000
94.000,0.00000,0.00000,0.00000,0.00000
94.032,0.00000,0.00000,0.00000,0.00000
94.062,0.00000,0.00000,0.00000,0.00000
94.093,0.00000,0.00000,0.00000,0.00000
94.124,0.00000,0.00000,0.00000,0.00000
94.156,0.00000,0.00000,0.00000,0.00000
94.187,0.00000,0.00000,0.00000,0.00000
94.217,0.00000,0.00000,0.00000,0.00000
94.249,0.00000,0.00000,0.00000,0.00000
94.280,0.00000,0.00000,0.00000,0.00000
94.311,0.00000,0.00000,0.00000,0.00000
94.341,0.00000,0.00000,0.00000,0.00000
94.373,0.00000,0.00000,0.00000,0.00000
94.404,0.00000,0.00000,0.00000,0.00000
94.437,0.00000,0.00000,0.00000,0.00000
94.467,0.00000,0.00000,0.00000,0.00000
94.499,0.00000,0.00000,0.00000,0.00000
94.530,0.00000,0.00000,0.00000,0.00000
94.562,0.00000,0.00000,0.00000,0.00000
94.593,0.00000,0.00000,0.00000,0.00000
94.625,0.00000,0.00000,0.00000,0.00000
94.655,0.00000,0.00000,0.00000,0.00000
94.687,0.00000,0.00000,0.00000,0.00000
94.719,0.00000,0.00000,0.00000,0.00000
94.749,0.00000,0.00000,0.00000,0.00000
94.780,0.00000,0.00000,0.00000,0.00000
94.811,0.00000,0.00000,0.00000,0.00000
94.842,0.00000,0.00000,0.00000,0.00000
94.873,0.00000,0.00000,0.00000,0.00000
94.904,0.00000,0.00000,0.00000,0.00000
94.934,0.00000,0.00000,0.00000,0.00000
94.966,0.00000,0.00000,0.00000,0.00000
94.997,0.00000,0.00000,0.00000,0.00000
95.027,0.00000,0.00000,0.00000,0.00000
95.058,0.00000,0.00000,0.00000,0.00000
95.089,0.00000,0.00000,0.00000,0.00000
95.121,0.00000,0.00000,0.00000,0.00000
95.152,0.00000,0.00000,0.00000,0.00000
95.183,0.00000,0.00000,0.00000,0.00000
95.214,0.00000,0.00000,0.00000,0.00000
95.245,0.00000,0.00000,0.00000,0.00000
95.278,0.00000,0.00000,0.00000,0.00000
95.308,0.00000,0.00000,0.00000,0.00000
95.340,0.00000,0.00000,0.00000,0.00000
95.371,0.00000,0.00000,0.00000,0.00000
95.402,0.00000,0.00000,0.00000,0.00000
95.433,0.00000,0.00000,0.00000,0.00000
95.464,0.00000,0.00000,0.00000,0.00000
95.496,0.00000,0.00000,0.00000,0.00000
95.526,0.00000,0.00000,0.00000,0.00000
95.557,0.00000,0.00000,0.00000,0.00000
95.589,0.00000,0.00000,0.00000,0.00000
95.619,0.00000,0.00000,0.00000,0.00000
95.650,0.00000,0.00000,0.00000,0.00000
95.681,0.00000,0.00000,0.00000,0.00000
95.713,0.00000,0.00000,0.00000,0.00000
95.743,0.00000,0.00000,0.00000,0.00000
95.774,0.00000,0.00000,0.00000,0.00000
95.807,0.00000,0.00000,0.00000,0.00000
95.837,0.00000,0.00000,0.00000,0.00000
95.867,0.00000,0.00000,0.00000,0.00000
95.899,0.00000,0.00000,0.00000,0.00000
95.930,0.00000,0.00000,0.00000,0.00000
95.977,0.00000,0.00000,0.00000,0.00000
96.008,0.00000,0.00000,0.00000,0.00000
96.054,0.00000,0.00000,0.00000,0.00000
96.085,0.00000,0.00000,0.00000,0.00000
96.131,0.00000,0.00000,0.00000,0.00000
96.162,0.00000,0.00000,0.00000,0.00000
96.193,0.00000,0.00000,0.00000,0.00000
96.225,0.00000,0.00000,0.00000,0.00000
96.256,0.00000,0.00000,0.00000,0.00000
96.287,0.00000,0.00000,0.00000,0.00000
96.318,0.00000,0.00000,0.00000,0.00000
96.349,0.00000,0.00000,0.00000,0.00000
96.380,0.00000,0.00000,0.00000,0.00000
96.411,0.00000,0.00000,0.00000,0.00000
96.442,0.00000,0.00000,0.00000,0.00000
96.473,0.00000,0.00000,0.00000,0.00000
96.504,0.00000,0.00000,0.00000,0.00000
96.536,0.00000,0.00000,0.00000,0.00000
96.567,0.00000,0.00000,0.00000,0.00000
96.598,0.00000,0.00000,0.00000,0.00000
96.630,0.00000,0.00000,0.00000,0.00000
96.662,0.00000,0.00000,0.00000,0.00000
96.693,0.00000,0.00000,0.00000,0.00000
96.725,0.00000,0.00000,0.00000,0.00000
96.757,0.00000,0.00000,0.00000,0.00000
96.788,0.00000,0.00000,0.00000,0.00000
96.819,0.00000,0.00000,0.00000,0.00000
96.850,0.00000,0.00000,0.00000,0.00000
96.882,0.00000,0.00000,0.00000,0.00000
96.928,0.00000,0.00000,0.00000,0.00000
96.960,0.00000,0.00000,0.00000,0.00000
96.991,0.00000,0.00000,0.00000,0.00000
97.023,0.00000,0.00000,0.00000,0.00000
97.069,0.00000,0.00000,0.00000,0.00000
97.101,0.00000,0.00000,0.00000,0.00000
97.132,0.00000,0.00000,0.00000,0.00000
97.163,0.00000,0.00000,0.00000,0.00000
97.194,0.00000,0.00000,0.00000,0.00000
97.225,0.00000,0.00000,0.00000,0.00000
97.257,0.00000,0.00000,0.00000,0.00000
97.288,0.00000,0.00000,0.00000,0.00000
97.319,0.00000,0.00000,0.00000,0.00000
97.350,0.00000,0.00000,0.00000,0.00000
97.381,0.00000,0.00000,0.00000,0.00000
97.413,0.00000,0.00000,0.00000,0.00000
97.444,0.00000,0.00000,0.00000,0.00000
97.474,0.00000,0.00000,0.00000,0.00000
97.506,0.00000,0.00000,0.00000,0.00000
97.537,0.00000,0.00000,0.00000,0.00000
97.568,0.00000,0.00000,0.00000,0.00000
97.600,0.00000,0.00000,0.00000,0.00000
97.632,0.00000,0.00000,0.00000,0.00000
97.663,0.00000,0.00000,0.00000,0.00000
97.694,0.00000,0.00000,0.00000,0.00000
97.726,0.00000,0.00000,0.00000,0.00000
97.758,0.00000,0.00000,0.00000,0.00000
97.804,0.00000,0.00000,0.00000,0.00000
97.850,0.00000,0.00000,0.00000,0.00000
97.882,0.00000,0.00000,0.00000,0.00000
97.913,0.00000,0.00000,0.00000,0.00000
97.944,0.00000,0.00000,0.00000,0.00000
97.976,0.00000,0.00000,0.00000,0.00000
98.007,0.00000,0.00000,0.00000,0.00000
98.038,0.00000,0.00000,0.00000,0.00000
98.070,0.00000,0.00000,0.00000,0.00000
98.117,0.00000,0.00000,0.00000,0.00000
98.149,0.00000,0.00000,0.00000,0.00000
98.180,0.00000,0.00000,0.00000,0.00000
98.212,0.00000,0.00000,0.00000,0.00000
98.243,0.00000,0.00000,0.00000,0.00000
98.274,0.00000,0.00000,0.00000,0.00000
98.306,0.00000,0.00000,0.00000,0.00000
98.337,0.00000,0.00000,0.00000,0.00000
98.367,0.00000,0.00000,0.00000,0.00000
98.399,0.00000,0.00000,0.00000,0.00000
98.430,0.00000,0.00000,0.00000,0.00000
98.462,0.00000,0.00000,0.00000,0.00000
98.492,0.00000,0.00000,0.00000,0.00000
98.523,0.00000,0.00000,0.00000,0.00000
98.570,0.00000,0.00000,0.00000,0.00000
98.602,0.00000,0.00000,0.00000,0.00000
98.649,0.00000,0.00000,0.00000,0.00000
98.680,0.00000,0.00000,0.00000,0.00000
98.711,0.00000,0.00000,0.00000,0.00000
98.743,0.00000,0.00000,0.00000,0.00000
98.774,0.00000,0.00000,0.00000,0.00000
98.805,0.00000,0.00000,0.00000,0.00000
98.837,0.00000,0.00000,0.00000,0.00000
98.868,0.00000,0.00000,0.00000,0.00000
98.899,0.00000,0.00000,0.00000,0.00000
98.930,0.00000,0.00000,0.00000,0.00000
98.976,0.00000,0.00000,0.00000,0.00000
99.023,0.00000,0.00000,0.00000,0.00000
99.053,0.00000,0.00000,0.00000,0.00000
99.084,0.00000,0.00000,0.00000,0.00000
99.115,0.00000,0.00000,0.00000,0.00000
99.147,0.00000,0.00000,0.00000,0.00000
99.179,0.00000,0.00000,0.00000,0.00000
99.226,0.00000,0.00000,0.00000,0.00000
99.257,0.00000,0.00000,0.00000,0.00000
99.288,0.00000,0.00000,0.00000,0.00000
99.319,0.00000,0.00000,0.00000,0.00000
99.350,0.00000,0.00000,0.00000,0.00000
99.382,0.00000,0.00000,0.00000,0.00000
99.413,0.00000,0.00000,0.00000,0.00000
99.444,0.00000,0.00000,0.00000,0.00000
99.475,0.00000,0.00000,0.00000,0.00000
99.507,0.00000,0.00000,0.00000,0.00000
99.538,0.00000,0.00000,0.00000,0.00000
99.569,0.00000,0.00000,0.00000,0.00000
99.600,0.00000,0.00000,0.00000,0.00000
99.632,0.00000,0.00000,0.00000,0.00000
99.663,0.00000,0.00000,0.00000,0.00000
99.694,0.00000,0.00000,0.00000,0.00000
99.724,0.00000,0.00000,0.00000,0.00000
99.755,0.00000,0.00000,0.00000,0.00000
99.786,0.00000,0.00000,0.00000,0.00000
99.817,0.00000,0.00000,0.00000,0.00000
99.847,0.00000,0.00000,0.00000,0.00000
99.878,0.00000,0.00000,0.00000,0.00000
99.909,0.00000,0.00000,0.00000,0.00000
99.940,0.00000,0.00000,0.00000,0.00000
99.971,0.00000,0.00000,0.00000,0.00000
100.002,0.00000,0.00000,0.00000,0.00000
100.033,0.00000,0.00000,0.00000,0.00000
100.064,0.00000,0.00000,0.00000,0.00000
100.096,0.00000,0.00000,0.00000,0.00000
100.127,0.00000,0.00000,0.00000,0.00000
100.157,0.00000,0.00000,0.00000,0.00000
100.189,0.00000,0.00000,0.00000,0.00000
100.220,0.00000,0.00000,0.00000,0.00000
100.251,0.00000,0.00000,0.00000,0.00000
100.282,0.00000,0.00000,0.00000,0.00000
100.315,0.00000,0.00000,0.00000,0.00000
100.346,0.00000,0.00000,0.00000,0.00000
100.376,0.00000,0.00000,0.00000,0.00000
100.408,0.00000,0.00000,0.00000,0.00000
100.439,0.00000,0.00000,0.00000,0.00000
100.470,0.00000,0.00000,0.00000,0.00000
100.500,0.00000,0.00000,0.00000,0.00000
100.533,0.00000,0.00000,0.00000,0.00000
100.564,0.00000,0.00000,0.00000,0.00000
100.596,0.00000,0.00000,0.00000,0.00000
100.627,0.00000,0.00000,0.00000,0.00000
100.658,0.00000,0.00000,0.00000,0.00000
100.689,0.00000,0.00000,0.00000,0.00000
100.719,0.00000,0.00000,0.00000,0.00000
100.750,0.00000,0.00000,0.00000,0.00000
100.782,0.00000,0.00000,0.00000,0.00000
100.813,0.00000,0.00000,0.00000,0.00000
100.843,0.00000,0.00000,0.00000,0.00000
100.875,0.00000,0.00000,0.00000,0.00000
100.906,0.00000,0.00000,0.00000,0.00000
100.937,0.00000,0.00000,0.00000,0.00000
100.969,0.00000,0.00000,0.00000,0.00000
101.000,0.00000,0.00000,0.00000,0.00000
101.031,0.00000,0.00000,0.00000,0.00000
101.061,0.00000,0.00000,0.00000,0.00000
101.093,0.00000,0.00000,0.00000,0.00000
101.124,0.00000,0.00000,0.00000,0.00000
101.155,0.00000,0.00000,0.00000,0.00000
101.186,0.00000,0.00000,0.00000,0.00000
101.217,0.00000,0.00000,0.00000,0.00000
101.249,0.00000,0.00000,0.00000,0.00000
101.280,0.00000,0.00000,0.00000,0.00000
101.311,0.00000,0.00000,0.00000,0.00000
101.343,0.00000,0.00000,0.00000,0.00000
101.375,0.00000,0.00000,0.00000,0.00000
101.406,0.00000,0.00000,0.00000,0.00000
101.437,0.00000,0.00000,0.00000,0.00000
101.467,0.00000,0.00000,0.00000,0.00000
101.499,0.00000,0.00000,0.00000,0.00000
101.530,0.00000,0.00000,0.00000,0.00000
101.562,0.00000,0.00000,0.00000,0.00000
101.593,0.00000,0.00000,0.00000,0.00000
101.624,0.00000,0.00000,0.00000,0.00000
101.655,0.00000,0.00000,0.00000,0.00000
101.687,0.00000,0.00000,0.00000,0.00000
101.719,0.00000,0.00000,0.00000,0.00000
101.750,0.00000,0.00000,0.00000,0.00000
101.782,0.00000,0.00000,0.00000,0.00000
101.813,0.00000,0.00000,0.00000,0.00000
101.845,0.00000,0.00000,0.00000,0.00000
101.875,0.00000,0.00000,0.00000,0.00000
101.907,0.00000,0.00000,0.00000,0.00000
101.937,0.00000,0.00000,0.00000,0.00000
101.969,0.00000,0.00000,0.00000,0.00000
102.000,0.00000,0.00000,0.00000,0.00000
102.032,0.00000,0.00000,0.00000,0.00000
102.063,0.00000,0.00000,0.00000,0.00000
102.094,0.00000,0.00000,0.00000,0.00000
102.126,0.00000,0.00000,0.00000,0.00000
102.157,0.00000,0.00000,0.00000,0.00000
102.189,0.00000,0.00000,0.00000,0.00000
102.220,0.00000,0.00000,0.00000,0.00000
102.251,0.00000,0.00000,0.00000,0.00000
102.283,0.00000,0.00000,0.00000,0.00000
102.314,0.00000,0.00000,0.00000,0.00000
102.346,0.00000,0.00000,0.00000,0.00000
102.377,0.00000,0.00000,0.00000,0.00000
102.408,0.00000,0.00000,0.00000,0.00000
102.440,0.00000,0.00000,0.00000,0.00000
102.471,0.00000,0.00000,0.00000,0.00000
102.502,0.00000,0.00000,0.00000,0.00000
102.534,0.00000,0.00000,0.00000,0.00000
102.565,0.00000,0.00000,0.00000,0.00000
102.596,0.00000,0.00000,0.00000,0.00000
102.627,0.00000,0.00000,0.00000,0.00000
102.659,0.00000,0.00000,0.00000,0.00000
102.690,0.00000,0.00000,0.00000,0.00000
102.721,0.00000,0.00000,0.00000,0.00000
102.752,0.00000,0.00000,0.00000,0.00000
102.783,0.00000,0.00000,0.00000,0.00000
102.815,0.00000,0.00000,0.00000,0.00000
102.846,0.00000,0.00000,0.00000,0.00000
102.876,0.00000,0.00000,0.00000,0.00000
102.907,0.00000,0.00000,0.00000,0.00000
102.938,0.00000,0.00000,0.00000,0.00000
102.969,0.00000,0.00000,0.00000,0.00000
103.000,0.00000,0.00000,0.00000,0.00000
103.031,0.00000,0.00000,0.00000,0.00000
103.063,0.00000,0.00000,0.00000,0.00000
103.094,0.00000,0.00000,0.00000,0.00000
103.125,0.00000,0.00000,0.00000,0.00000
103.156,0.00000,0.00000,0.00000,0.00000
103.187,0.00000,0.00000,0.00000,0.00000
103.218,0.00000,0.00000,0.00000,0.00000
103.249,0.00000,0.00000,0.00000,0.00000
103.280,0.00000,0.00000,0.00000,0.00000
103.311,0.00000,0.00000,0.00000,0.00000
103.343,0.00000,0.00000,0.00000,0.00000
103.374,0.00000,0.00000,0.00000,0.00000
103.405,0.00000,0.00000,0.00000,0.00000
103.436,0.00000,0.00000,0.00000,0.00000
103.468,0.00000,0.00000,0.00000,0.00000
103.499,0.00000,0.00000,0.00000,0.00000
103.530,0.00000,0.00000,0.00000,0.00000
103.561,0.00000,0.00000,0.00000,0.00000
103.592,0.00000,0.00000,0.00000,0.00000
103.623,0.00000,0.00000,0.00000,0.00000
103.655,0.00000,0.00000,0.00000,0.00000
103.685,0.00000,0.00000,0.00000,0.00000
103.716,0.00000,0.00000,0.00000,0.00000
103.747,0.00000,0.00000,0.00000,0.00000
103.778,0.00000,0.00000,0.00000,0.00000
103.809,0.00000,0.00000,0.00000,0.00000
103.841,0.00000,0.00000,0.00000,0.00000
103.871,0.00000,0.00000,0.00000,0.00000
103.902,0.00000,0.00000,0.00000,0.00000
103.933,0.00000,0.00000,0.00000,0.00000
103.963,0.00000,0.00000,0.00000,0.00000
103.995,0.00000,0.00000,0.00000,0.00000
104.026,0.00000,0.00000,0.00000,0.00000
104.057,0.00000,0.00000,0.00000,0.00000
104.089,0.00000,0.00000,0.00000,0.00000
104.120,0.00000,0.00000,0.00000,0.00000
104.151,0.00000,0.00000,0.00000,0.00000
104.183,0.00000,0.00000,0.00000,0.00000
104.214,0.00000,0.00000,0.00000,0.00000
104.246,0.00000,0.00000,0.00000,0.00000
104.277,0.00000,0.00000,0.00000,0.00000
104.309,0.00000,0.00000,0.00000,0.00000
104.340,0.00000,0.00000,0.00000,0.00000
104.372,0.00000,0.00000,0.00000,0.00000
104.403,0.00000,0.00000,0.00000,0.00000
104.435,0.00000,0.00000,0.00000,0.00000
104.466,0.00000,0.00000,0.00000,0.00000
104.498,0.00000,0.00000,0.00000,0.00000
104.529,0.00000,0.00000,0.00000,0.00000
104.560,0.00000,0.00000,0.00000,0.00000
104.592,0.00000,0.00000,0.00000,0.00000
104.623,0.00000,0.00000,0.00000,0.00000
104.655,0.00000,0.00000,0.00000,0.00000
104.686,0.00000,0.00000,0.00000,0.00000
104.718,0.00000,0.00000,0.00000,0.00000
104.749,0.00000,0.00000,0.00000,0.00000
104.780,0.00000,0.00000,0.00000,0.00000
104.811,0.00000,0.00000,0.00000,0.00000
104.843,0.00000,0.00000,0.00000,0.00000
104.874,0.00000,0.00000,0.00000,0.00000
104.905,0.00000,0.00000,0.00000,0.00000
104.937,0.00000,0.00000,0.00000,0.00000
104.968,0.00000,0.00000,0.00000,0.00000
104.998,0.00000,0.00000,0.00000,0.00000
105.030,0.00000,0.00000,0.00000,0.00000
105.062,0.00000,0.00000,0.00000,0.00000
105.093,0.00000,0.00000,0.00000,0.00000
105.124,0.00000,0.00000,0.00000,0.00000
105.155,0.00000,0.00000,0.00000,0.00000
105.186,0.00000,0.00000,0.00000,0.00000
105.217,0.00000,0.00000,0.00000,0.00000
105.248,0.00000,0.00000,0.00000,0.00000
105.279,0.00000,0.00000,0.00000,0.00000
105.310,0.00000,0.00000,0.00000,0.00000
105.342,0.00000,0.00000,0.00000,0.00000
105.373,0.00000,0.00000,0.00000,0.00000
105.404,0.00000,0.00000,0.00000,0.00000
105.435,0.00000,0.00000,0.00000,0.00000
105.466,0.00000,0.00000,0.00000,0.00000
105.497,0.00000,0.00000,0.00000,0.00000
105.529,0.00000,0.00000,0.00000,0.00000
105.560,0.00000,0.00000,0.00000,0.00000
105.592,0.00000,0.00000,0.00000,0.00000
105.623,0.00000,0.00000,0.00000,0.00000
105.655,0.00000,0.00000,0.00000,0.00000
105.685,0.00000,0.00000,0.00000,0.00000
105.716,0.00000,0.00000,0.00000,0.00000
105.748,0.00000,0.00000,0.00000,0.00000
105.779,0.00000,0.00000,0.00000,0.00000
105.810,0.00000,0.00000,0.00000,0.00000
105.841,0.00000,0.00000,0.00000,0.00000
105.873,0.00000,0.00000,0.00000,0.00000
105.905,0.00000,0.00000,0.00000,0.00000
105.936,0.00000,0.00000,0.00000,0.00000
105.968,0.00000,0.00000,0.00000,0.00000
105.998,0.00000,0.00000,0.00000,0.00000
106.029,0.00000,0.00000,0.00000,0.00000
106.060,0.00000,0.00000,0.00000,0.00000
106.090,0.00000,0.00000,0.00000,0.00000
106.122,0.00000,0.00000,0.00000,0.00000
106.152,0.00000,0.00000,0.00000,0.00000
106.184,0.00000,0.00000,0.00000,0.00000
106.214,0.00000,0.00000,0.00000,0.00000
106.245,0.00000,0.00000,0.00000,0.00000
106.276,0.00000,0.00000,0.00000,0.00000
106.307,0.00000,0.00000,0.00000,0.00000
106.338,0.00000,0.00000,0.00000,0.00000
106.369,0.00000,0.00000,0.00000,0.00000
106.400,0.00000,0.00000,0.00000,0.00000
106.432,0.00000,0.00000,0.00000,0.00000
106.463,0.00000,0.00000,0.00000,0.00000
106.494,0.00000,0.00000,0.00000,0.00000
106.526,0.00000,0.00000,0.00000,0.00000
106.557,0.00000,0.00000,0.00000,0.00000
106.588,0.00000,0.00000,0.00000,0.00000
106.619,0.00000,0.00000,0.00000,0.00000
106.650,0.00000,0.00000,0.00000,0.00000
106.682,0.00000,0.00000,0.00000,0.00000
106.713,0.00000,0.00000,0.00000,0.00000
106.744,0.00000,0.00000,0.00000,0.00000
106.775,0.00000,0.00000,0.00000,0.00000
106.806,0.00000,0.00000,0.00000,0.00000
106.837,0.00000,0.00000,0.00000,0.00000
106.869,0.00000,0.00000,0.00000,0.00000
106.900,0.00000,0.00000,0.00000,0.00000
106.931,0.00000,0.00000,0.00000,0.00000
106.962,0.00000,0.00000,0.00000,0.00000
106.993,0.00000,0.00000,0.00000,0.00000
107.024,0.00000,0.00000,0.00000,0.00000
107.056,0.00000,0.00000,0.00000,0.00000
107.087,0.00000,0.00000,0.00000,0.00000
107.117,0.00000,0.00000,0.00000,0.00000
107.164,0.00000,0.00000,0.00000,0.00000
107.210,0.00000,0.00000,0.00000,0.00000
107.242,0.00000,0.00000,0.00000,0.00000
107.289,0.00000,0.00000,0.00000,0.00000
107.336,0.00000,0.00000,0.00000,0.00000
107.382,0.00000,0.00000,0.00000,0.00000
107.413,0.00000,0.00000,0.00000,0.00000
107.460,0.00000,0.00000,0.00000,0.00000
107.492,0.00000,0.00000,0.00000,0.00000
107.538,0.00000,0.00000,0.00000,0.00000
107.569,0.00000,0.00000,0.00000,0.00000
107.600,0.00000,0.00000,0.00000,0.00000
107.631,0.00000,0.00000,0.00000,0.00000
107.663,0.00000,0.00000,0.00000,0.00000
107.693,0.00000,0.00000,0.00000,0.00000
107.724,0.00000,0.00000,0.00000,0.00000
107.755,0.00000,0.00000,0.00000,0.00000
107.786,0.00000,0.00000,0.00000,0.00000
107.817,0.00000,0.00000,0.00000,0.00000
107.849,0.00000,0.00000,0.00000,0.00000
107.881,0.00000,0.00000,0.00000,0.00000
107.912,0.00000,0.00000,0.00000,0.00000
107.943,0.00000,0.00000,0.00000,0.00000
107.975,0.00000,0.00000,0.00000,0.00000
108.006,0.00000,0.00000,0.00000,0.00000
108.037,0.00000,0.00000,0.00000,0.00000
108.067,0.00000,0.00000,0.00000,0.00000
108.098,0.00000,0.00000,0.00000,0.00000
108.129,0.00000,0.00000,0.00000,0.00000
108.160,0.00000,0.00000,0.00000,0.00000
108.192,0.00000,0.00000,0.00000,0.00000
108.222,0.00000,0.00000,0.00000,0.00000
108.254,0.00000,0.00000,0.00000,0.00000
108.285,0.00000,0.00000,0.00000,0.00000
108.316,0.00000,0.00000,0.00000,0.00000
108.347,0.00000,0.00000,0.00000,0.00000
108.379,0.00000,0.00000,0.00000,0.00000
108.409,0.00000,0.00000,0.00000,0.00000
108.441,0.00000,0.00000,0.00000,0.00000
108.472,0.00000,0.00000,0.00000,0.00000
108.503,0.00000,0.00000,0.00000,0.00000
108.534,0.00000,0.00000,0.00000,0.00000
108.566,0.00000,0.00000,0.00000,0.00000
108.597,0.00000,0.00000,0.00000,0.00000
108.628,0.00000,0.00000,0.00000,0.00000
108.659,0.00000,0.00000,0.00000,0.00000
108.691,0.00000,0.00000,0.00000,0.00000
108.722,0.00000,0.00000,0.00000,0.00000
108.753,0.00000,0.00000,0.00000,0.00000
108.784,0.00000,0.00000,0.00000,0.00000
108.816,0.00000,0.00000,0.00000,0.00000
108.847,0.00038,0.00111,0.00000,0.00000
108.878,0.00072,0.00111,0.00000,0.00000
108.909,0.05129,0.05174,0.00000,0.00000
108.940,0.05129,0.05174,0.00000,0.00000
108.972,0.05129,0.05174,0.00000,0.00000
109.003,0.00794,0.00836,0.00000,0.00000
109.034,0.01134,0.01314,0.00000,0.00000
109.066,0.01360,0.01314,0.00000,0.00000
109.097,0.01360,0.01314,0.00000,0.00000
109.127,0.01360,0.01249,0.00000,0.00000
109.159,0.01360,0.01249,0.00000,0.00000
109.190,0.00336,0.00437,0.00000,0.00000
109.222,0.00336,0.00407,0.00000,0.00000
109.253,0.00336,0.00407,0.00000,0.00000
109.284,0.00252,0.00270,0.00000,0.00000
109.314,0.00143,0.00171,0.00000,0.00000
109.345,0.00135,0.00145,0.00000,0.00000
109.376,0.00135,0.00196,0.00000,0.00000
109.407,0.00135,0.00196,0.00000,0.00000
109.439,0.00170,0.00196,0.00000,0.00000
109.471,0.00170,0.00196,0.00000,0.00000
109.502,0.00170,0.00138,0.00000,0.00000
109.533,0.00144,0.00138,0.00000,0.00000
109.564,0.00144,0.00131,0.00000,0.00000
109.595,0.00092,0.00111,0.00000,0.00000
109.626,0.00108,0.00111,0.00000,0.00000
109.657,0.00108,0.00105,0.00000,0.00000
109.688,0.00108,0.00105,0.00000,0.00000
109.719,0.00081,0.00105,0.00000,0.00000
109.750,0.00090,0.00070,0.00000,0.00000
109.780,0.00090,0.00070,0.00000,0.00000
109.811,0.00090,0.00075,0.00000,0.00000
109.841,0.00097,0.00075,0.00000,0.00000
109.872,0.00097,0.00075,0.00000,0.00000
109.902,0.00097,0.00075,0.00000,0.00000
109.934,0.00056,0.00060,0.00000,0.00000
109.965,0.00056,0.00060,0.00000,0.00000
109.996,0.00047,0.00062,0.00000,0.00000
110.027,0.00061,0.00084,0.00000,0.00000
110.058,0.00061,0.00084,0.00000,0.00000
110.089,0.00061,0.00084,0.00000,0.00000
110.120,0.00061,0.00084,0.00000,0.00000
110.152,0.00054,0.00058,0.00000,0.00000
110.183,0.00054,0.00058,0.00000,0.00000
110.214,0.00043,0.00058,0.00000,0.00000
110.244,0.00043,0.00043,0.00000,0.00000
110.276,0.00043,0.00040,0.00000,0.00000
110.307,0.00043,0.00040,0.00000,0.00000
110.338,0.00028,0.00040,0.00000,0.00000
110.369,0.00028,0.00043,0.00000,0.00000
110.400,0.00028,0.00043,0.00000,0.00000
110.431,0.00026,0.00043,0.00000,0.00000
110.462,0.00033,0.00038,0.00000,0.00000
110.493,0.00033,0.00038,0.00000,0.00000
110.524,0.00033,0.00038,0.00000,0.00000
110.570,0.00023,0.00032,0.00000,0.00000
110.602,0.00020,0.00032,0.00000,0.00000
110.648,0.00020,0.00034,0.00000,0.00000
110.695,0.00023,0.00034,0.00000,0.00000
110.742,0.00023,0.00015,0.00000,0.00000
110.789,0.00022,0.00024,0.00000,0.00000
110.836,0.00022,0.00024,0.00000,0.00000
110.883,0.00020,0.00024,0.00000,0.00000
110.928,0.00020,0.00020,0.00000,0.00000
110.959,0.00016,0.00015,0.00000,0.00000
110.991,0.00016,0.00013,0.00000,0.00000
111.021,0.00016,0.00013,0.00000,0.00000
111.052,0.00014,0.00017,0.00000,0.00000
111.083,0.00012,0.00017,0.00000,0.00000
111.114,0.00012,0.00017,0.00000,0.00000
111.145,0.00011,0.00016,0.00000,0.00000
111.176,0.00010,0.00013,0.00000,0.00000
111.207,0.00010,0.00010,0.00000,0.00000
111.239,0.00011,0.00008,0.00000,0.00000
111.270,0.00011,0.00008,0.00000,0.00000
111.301,0.00011,0.00008,0.00000,0.00000
111.332,0.00011,0.00010,0.00000,0.00000
111.362,0.00009,0.00010,0.00000,0.00000
111.395,0.00092,0.00092,0.03004,0.03256
111.425,0.01313,0.01299,0.50321,0.22722
111.456,0.03648,0.03626,0.50321,0.24314
111.488,0.04566,0.04542,0.50321,0.24314
111.520,0.09190,0.09150,0.50321,0.24314
111.550,0.20634,0.20548,0.11482,0.10135
111.582,0.26944,0.26866,0.00000,0.00000
111.612,0.26944,0.26866,0.00000,0.00000
111.644,0.26944,0.26866,0.00000,0.00000
111.674,0.29816,0.29796,0.00000,0.00000
111.706,0.29816,0.29796,0.00000,0.00000
111.736,0.29816,0.29796,0.00000,0.00000
111.767,0.25808,0.25822,0.00000,0.00000
111.798,0.25808,0.25822,0.00000,0.00000
111.830,0.24049,0.24042,0.00000,0.00000
111.861,0.24049,0.24042,0.00000,0.00000
111.892,0.19665,0.19646,0.00000,0.00000
111.922,0.13069,0.13027,0.00000,0.00000
111.954,0.12910,0.12867,0.00000,0.00000
111.985,0.20753,0.20618,0.00000,0.00000
112.016,0.20753,0.20618,0.00000,0.00000
112.047,0.20753,0.20618,0.00000,0.00000
112.079,0.21413,0.21291,0.00000,0.00000
112.110,0.21413,0.21291,0.00000,0.00000
112.141,0.21413,0.21291,0.00000,0.00000
112.172,0.21413,0.21291,0.00000,0.00000
112.204,0.17365,0.17299,0.00000,0.00000
112.235,0.17365,0.17299,0.00000,0.00000
112.266,0.17365,0.17299,0.00000,0.00000
112.297,0.18517,0.18469,0.00000,0.00000
112.329,0.18517,0.18469,0.00000,0.00000
112.360,0.18517,0.18469,0.00000,0.00000
112.391,0.18517,0.18469,0.00000,0.00000
112.422,0.14068,0.14072,0.00000,0.00000
112.453,0.14068,0.14072,0.00000,0.00000
112.484,0.12477,0.12484,0.00000,0.00000
112.516,0.12477,0.12484,0.00000,0.00000
112.546,0.08997,0.09026,0.00000,0.00000
112.578,0.09673,0.09708,0.00000,0.00000
112.609,0.09673,0.09708,0.00000,0.00000
112.640,0.09673,0.09708,0.00000,0.00000
112.671,0.09673,0.09708,0.00000,0.00000
112.702,0.06509,0.06539,0.00000,0.00000
112.733,0.06821,0.06852,0.00000,0.00000
112.764,0.10309,0.10351,0.00000,0.00000
112.795,0.10309,0.10351,0.00000,0.00000
112.826,0.10309,0.10351,0.00000,0.00000
112.858,0.09214,0.09174,0.00000,0.00000
112.890,0.09678,0.09595,0.00000,0.00000
112.921,0.09678,0.09595,0.00000,0.00000
112.952,0.10462,0.10310,0.00000,0.00000
112.984,0.10462,0.10310,0.00000,0.00000
113.015,0.10462,0.10310,0.00000,0.00000
113.047,0.08613,0.08442,0.00000,0.00000
113.078,0.09934,0.09663,0.00000,0.00000
113.108,0.09934,0.09663,0.00000,0.00000
113.139,0.09934,0.09663,0.00000,0.00000
113.171,0.09934,0.09663,0.00000,0.00000
113.202,0.07439,0.07153,0.00000,0.00000
113.233,0.07439,0.07153,0.00000,0.00000
113.264,0.06982,0.06594,0.00000,0.00000
113.295,0.05636,0.05317,0.00000,0.00000
113.326,0.05630,0.05310,0.00000,0.00000
113.357,0.04696,0.04392,0.00000,0.00000
113.388,0.04696,0.04392,0.00000,0.00000
113.419,0.04283,0.04016,0.00000,0.00000
113.450,0.03370,0.03148,0.00000,0.00000
113.481,0.03381,0.03161,0.00000,0.00000
113.513,0.03381,0.03161,0.00000,0.00000
113.544,0.03381,0.03161,0.00000,0.00000
113.575,0.04512,0.04409,0.00000,0.00000
113.606,0.04512,0.04409,0.00000,0.00000
113.637,0.04512,0.04409,0.00000,0.00000
113.668,0.03218,0.03147,0.00000,0.00000
113.698,0.03218,0.03147,0.00000,0.00000
113.730,0.03218,0.03147,0.00000,0.00000
113.761,0.03177,0.03107,0.00000,0.00000
113.792,0.02459,0.02404,0.00000,0.00000
113.824,0.03230,0.03159,0.00000,0.00000
113.854,0.04209,0.04117,0.00000,0.00000
113.885,0.04209,0.04117,0.00000,0.00000
113.915,0.04209,0.04117,0.00000,0.00000
113.946,0.02820,0.02754,0.00000,0.00000
113.977,0.02820,0.02754,0.00000,0.00000
114.008,0.02038,0.01989,0.00000,0.00000
114.040,0.01722,0.01681,0.00000,0.00000
114.071,0.01248,0.01218,0.00000,0.00000
114.117,0.00158,0.00154,0.00000,0.00000
114.164,0.00011,0.00011,0.00000,0.00000
114.195,0.00000,0.00000,0.00000,0.00000
114.241,0.00000,0.00000,0.00000,0.00000
114.272,0.00000,0.00000,0.00000,0.00000
114.303,0.00000,0.00000,0.00000,0.00000
114.334,0.00000,0.00000,0.00000,0.00000
114.365,0.00000,0.00000,0.00000,0.00000
114.396,0.00000,0.00000,0.00000,0.00000
114.427,0.00000,0.00000,0.00000,0.00000
114.459,0.00000,0.00000,0.00000,0.00000
114.490,0.00000,0.00000,0.00000,0.00000
114.521,0.00000,0.00000,0.00000,0.00000
114.552,0.00000,0.00000,0.00000,0.00000
114.583,0.00000,0.00000,0.00000,0.00000
114.614,0.00000,0.00000,0.00000,0.00000
114.645,0.00000,0.00000,0.00000,0.00000
114.676,0.00000,0.00000,0.00000,0.00000
114.707,0.00000,0.00000,0.00000,0.00000
114.738,0.00000,0.00000,0.00000,0.00000
114.769,0.00000,0.00000,0.00000,0.00000
114.801,0.00000,0.00000,0.00000,0.00000
114.832,0.00000,0.00000,0.00000,0.00000
114.863,0.00000,0.00000,0.00000,0.00000
114.894,0.00000,0.00000,0.00000,0.00000
114.925,0.00000,0.00000,0.00000,0.00000
114.956,0.00000,0.00000,0.00000,0.00000
114.988,0.00000,0.00000,0.00000,0.00000
115.019,0.00000,0.00000,0.00000,0.00000
115.051,0.00000,0.00000,0.00000,0.00000
115.081,0.00000,0.00000,0.00000,0.00000
115.113,0.00000,0.00000,0.00000,0.00000
115.143,0.00000,0.00000,0.00000,0.00000
115.174,0.00000,0.00000,0.00000,0.00000
115.205,0.00000,0.00000,0.00000,0.00000
115.236,0.00000,0.00000,0.00000,0.00000
115.266,0.00000,0.00000,0.00000,0.00000
115.298,0.00000,0.00000,0.00000,0.00000
115.329,0.00000,0.00000,0.00000,0.00000
115.360,0.00000,0.00000,0.00000,0.00000
115.391,0.00000,0.00000,0.00000,0.00000
115.422,0.00000,0.00000,0.00000,0.00000
115.453,0.00000,0.00000,0.00000,0.00000
115.484,0.00000,0.00000,0.00000,0.00000
115.516,0.00000,0.00000,0.00000,0.00000
115.548,0.00000,0.00000,0.00000,0.00000
115.578,0.00000,0.00000,0.00000,0.00000
115.609,0.00000,0.00000,0.00000,0.00000
115.641,0.00000,0.00000,0.00000,0.00000
115.671,0.00000,0.00000,0.00000,0.00000
115.703,0.00000,0.00000,0.00000,0.00000
115.734,0.00000,0.00000,0.00000,0.00000
115.765,0.00000,0.00000,0.00000,0.00000
115.796,0.00000,0.00000,0.00000,0.00000
115.828,0.00000,0.00000,0.00000,0.00000
115.859,0.00000,0.00000,0.00000,0.00000
115.889,0.00000,0.00000,0.00000,0.00000
115.921,0.00000,0.00000,0.00000,0.00000
115.952,0.00000,0.00000,0.00000,0.00000
115.983,0.00000,0.00000,0.00000,0.00000
116.014,0.00000,0.00000,0.00000,0.00000
116.045,0.00000,0.00000,0.00000,0.00000
116.076,0.00000,0.00000,0.00000,0.00000
116.107,0.00000,0.00000,0.00000,0.00000
116.139,0.00000,0.00000,0.00000,0.00000
116.170,0.00000,0.00000,0.00000,0.00000
116.201,0.00000,0.00000,0.00000,0.00000
116.232,0.00000,0.00000,0.00000,0.00000
116.264,0.00000,0.00000,0.00000,0.00000
116.295,0.00000,0.00000,0.00000,0.00000
116.325,0.00000,0.00000,0.00000,0.00000
116.356,0.00000,0.00000,0.00000,0.00000
116.388,0.00000,0.00000,0.00000,0.00000
116.418,0.00000,0.00000,0.00000,0.00000
116.449,0.00000,0.00000,0.00000,0.00000
116.480,0.00000,0.00000,0.00000,0.00000
116.511,0.00000,0.00000,0.00000,0.00000
116.541,0.00000,0.00000,0.00000,0.00000
116.573,0.00000,0.00000,0.00000,0.00000
116.604,0.00000,0.00000,0.00000,0.00000
116.635,0.00000,0.00000,0.00000,0.00000
116.666,0.00000,0.00000,0.00000,0.00000
116.697,0.00000,0.00000,0.00000,0.00000
116.728,0.00000,0.00000,0.00000,0.00000
116.759,0.00000,0.00000,0.00000,0.00000
116.790,0.00000,0.00000,0.00000,0.00000
116.821,0.00000,0.00000,0.00000,0.00000
116.852,0.00000,0.00000,0.00000,0.00000
116.898,0.00000,0.00000,0.00000,0.00000
116.930,0.00000,0.00000,0.00000,0.00000
116.962,0.00000,0.00000,0.00000,0.00000
116.992,0.00000,0.00000,0.00000,0.00000
117.039,0.00000,0.00000,0.00000,0.00000
117.085,0.00000,0.00000,0.00000,0.00000
117.132,0.00000,0.00000,0.00000,0.00000
117.163,0.00000,0.00000,0.00000,0.00000
117.194,0.00000,0.00000,0.00000,0.00000
117.225,0.00000,0.00000,0.00000,0.00000
117.257,0.00000,0.00000,0.00000,0.00000
117.289,0.00000,0.00000,0.00000,0.00000
117.335,0.00000,0.00000,0.00000,0.00000
117.366,0.00000,0.00000,0.00000,0.00000
117.398,0.00000,0.00000,0.00000,0.00000
117.429,0.00000,0.00000,0.00000,0.00000
117.460,0.00000,0.00000,0.00000,0.00000
117.491,0.00000,0.00000,0.00000,0.00000
117.538,0.00000,0.00000,0.00000,0.00000
117.568,0.00000,0.00000,0.00000,0.00000
117.600,0.00000,0.00000,0.00000,0.00000
117.631,0.00000,0.00000,0.00000,0.00000
117.662,0.00000,0.00000,0.00000,0.00000
117.693,0.00000,0.00000,0.00000,0.00000
117.724,0.00000,0.00000,0.00000,0.00000
117.756,0.00000,0.00000,0.00000,0.00000
117.787,0.00000,0.00000,0.00000,0.00000
117.818,0.00000,0.00000,0.00000,0.00000
117.849,0.00000,0.00000,0.00000,0.00000
117.880,0.00000,0.00000,0.00000,0.00000
117.910,0.00000,0.00000,0.00000,0.00000
117.941,0.00000,0.00000,0.00000,0.00000
117.972,0.00000,0.00000,0.00000,0.00000
118.004,0.00000,0.00000,0.00000,0.00000
118.034,0.00000,0.00000,0.00000,0.00000
118.065,0.00000,0.00000,0.00000,0.00000
118.097,0.00000,0.00000,0.00000,0.00000
118.128,0.00000,0.00000,0.00000,0.00000
118.160,0.00000,0.00000,0.00000,0.00000
118.191,0.00000,0.00000,0.00000,0.00000
118.222,0.00000,0.00000,0.00000,0.00000
118.252,0.00000,0.00000,0.00000,0.00000
118.284,0.00000,0.00000,0.00000,0.00000
118.314,0.00000,0.00000,0.00000,0.00000
118.345,0.00000,0.00000,0.00000,0.00000
118.376,0.00000,0.00000,0.00000,0.00000
118.408,0.00000,0.00000,0.00000,0.00000
118.440,0.00000,0.00000,0.00000,0.00000
118.471,0.00000,0.00000,0.00000,0.00000
118.502,0.00000,0.00000,0.00000,0.00000
118.533,0.00000,0.00000,0.00000,0.00000
118.563,0.00000,0.00000,0.00000,0.00000
118.594,0.00000,0.00000,0.00000,0.00000
118.627,0.00000,0.00000,0.00000,0.00000
118.658,0.00000,0.00000,0.00000,0.00000
118.689,0.00000,0.00000,0.00000,0.00000
118.720,0.00000,0.00000,0.00000,0.00000
118.751,0.00000,0.00000,0.00000,0.00000
118.782,0.00000,0.00000,0.00000,0.00000
118.812,0.00000,0.00000,0.00000,0.00000
118.843,0.00000,0.00000,0.00000,0.00000
118.874,0.00000,0.00000,0.00000,0.00000
118.905,0.00000,0.00000,0.00000,0.00000
118.936,0.00000,0.00000,0.00000,0.00000
118.967,0.00000,0.00000,0.00000,0.00000
118.998,0.00000,0.00000,0.00000,0.00000
119.029,0.00000,0.00000,0.00000,0.00000
119.060,0.00000,0.00000,0.00000,0.00000
119.091,0.00000,0.00000,0.00000,0.00000
119.122,0.00000,0.00000,0.00000,0.00000
119.152,0.00000,0.00000,0.00000,0.00000
119.183,0.00000,0.00000,0.00000,0.00000
119.214,0.00000,0.00000,0.00000,0.00000
119.245,0.00000,0.00000,0.00000,0.00000
119.277,0.00000,0.00000,0.00000,0.00000
119.307,0.00000,0.00000,0.00000,0.00000
119.338,0.00000,0.00000,0.00000,0.00000
119.369,0.00000,0.00000,0.00000,0.00000
119.401,0.00000,0.00000,0.00000,0.00000
119.432,0.00000,0.00000,0.00000,0.00000
119.462,0.00000,0.00000,0.00000,0.00000
119.493,0.00000,0.00000,0.00000,0.00000
119.525,0.00000,0.00000,0.00000,0.00000
119.555,0.00000,0.00000,0.00000,0.00000
119.586,0.00000,0.00000,0.00000,0.00000
119.633,0.00000,0.00000,0.00000,0.00000
119.664,0.00000,0.00000,0.00000,0.00000
119.696,0.00000,0.00000,0.00000,0.00000
119.742,0.00000,0.00000,0.00000,0.00000
119.789,0.00000,0.00000,0.00000,0.00000
119.835,0.00000,0.00000,0.00000,0.00000
119.883,0.00000,0.00000,0.00000,0.00000
119.929,0.00000,0.00000,0.00000,0.00000
119.961,0.00000,0.00000,0.00000,0.00000
120.007,0.00000,0.00000,0.00000,0.00000
120.038,0.00000,0.00000,0.00000,0.00000
120.069,0.00000,0.00000,0.00000,0.00000
120.101,0.00000,0.00000,0.00000,0.00000
120.132,0.00000,0.00000,0.00000,0.00000
120.163,0.00000,0.00000,0.00000,0.00000
120.194,0.00000,0.00000,0.00000,0.00000
120.225,0.00000,0.00000,0.00000,0.00000
120.257,0.00000,0.00000,0.00000,0.00000
120.289,0.00000,0.00000,0.00000,0.00000
120.335,0.00000,0.00000,0.00000,0.00000
120.382,0.00000,0.00000,0.00000,0.00000
120.413,0.00000,0.00000,0.00000,0.00000
120.445,0.00000,0.00000,0.00000,0.00000
120.491,0.00000,0.00000,0.00000,0.00000
120.523,0.00000,0.00000,0.00000,0.00000
120.569,0.00000,0.00000,0.00000,0.00000
120.600,0.00000,0.00000,0.00000,0.00000
120.631,0.00000,0.00000,0.00000,0.00000
120.661,0.00000,0.00000,0.01186,0.01152
120.693,0.00000,0.00000,0.01248,0.01152
120.723,0.00000,0.00000,0.03460,0.01152
120.755,0.00000,0.00000,0.03912,0.00990
120.786,0.00000,0.00000,0.04263,0.02132
120.817,0.00000,0.00000,0.05219,0.02132
120.848,0.00000,0.00000,0.07275,0.03590
120.879,0.00000,0.00000,0.07275,0.03933
120.910,0.00000,0.00000,0.08461,0.05448
120.942,0.00000,0.00000,0.08461,0.05448
120.974,0.00000,0.00000,0.08461,0.05448
121.004,0.00000,0.00000,0.09265,0.05828
121.035,0.00000,0.00000,0.09265,0.05828
121.066,0.00000,0.00000,0.11785,0.05828
121.098,0.00000,0.00000,0.11785,0.05828
121.128,0.00000,0.00000,0.11871,0.05915
121.160,0.00000,0.00000,0.11871,0.05915
121.191,0.00000,0.00000,0.16596,0.05915
121.222,0.00000,0.00000,0.16596,0.05652
121.253,0.00000,0.00000,0.16596,0.06307
121.284,0.00000,0.00000,0.19865,0.15301
121.315,0.00000,0.00000,0.19865,0.15301
121.346,0.00000,0.00000,0.19865,0.15301
121.377,0.00000,0.00000,0.20713,0.17287
121.408,0.00000,0.00000,0.25461,0.18620
121.439,0.00000,0.00000,0.40512,0.37566
121.469,0.00000,0.00000,0.40512,0.37566
121.501,0.00000,0.00000,0.40512,0.37566
121.532,0.00000,0.00000,0.42566,0.38541
121.563,0.00000,0.00000,0.42566,0.38541
121.593,0.00000,0.00000,0.42566,0.38541
121.624,0.00000,0.00000,0.35919,0.35143
121.656,0.00000,0.00000,0.44222,0.44806
121.688,0.00000,0.00000,0.44222,0.44806
121.719,0.00000,0.00000,0.44222,0.44806
121.750,0.00000,0.00000,0.44222,0.44806
121.781,0.00000,0.00000,0.32563,0.33931
121.812,0.00000,0.00000,0.32563,0.33931
121.843,0.00000,0.00000,0.32563,0.33931
121.874,0.00000,0.00000,0.26474,0.16131
121.905,0.00000,0.00000,0.26474,0.18896
121.936,0.00000,0.00000,0.34747,0.27010
121.967,0.00000,0.00000,0.34747,0.27010
121.998,0.00000,0.00000,0.34747,0.27010
122.030,0.00000,0.00000,0.30064,0.18027
122.061,0.00000,0.00000,0.39757,0.17068
122.091,0.00000,0.00000,0.39757,0.18562
122.123,0.00000,0.00000,0.39757,0.18562
122.153,0.00000,0.00000,0.39246,0.18562
122.184,0.00000,0.00000,0.38146,0.15944
122.216,0.00000,0.00000,0.46682,0.15944
122.246,0.00000,0.00000,0.46682,0.16136
122.278,0.00000,0.00000,0.46682,0.16136
122.309,0.00000,0.00000,0.40721,0.19669
122.340,0.00000,0.00000,0.40721,0.19669
122.370,0.00000,0.00000,0.40721,0.19669
122.401,0.00000,0.00000,0.34046,0.19669
122.433,0.00000,0.00000,0.30126,0.15384
122.464,0.00000,0.00000,0.30126,0.16399
122.496,0.00000,0.00000,0.28911,0.16399
122.526,0.00000,0.00000,0.28394,0.16399
122.558,0.00000,0.00000,0.27610,0.16399
122.588,0.00000,0.00000,0.35111,0.14090
122.620,0.00000,0.00000,0.35111,0.18786
122.650,0.00000,0.00000,0.36789,0.18786
122.681,0.00000,0.00000,0.36789,0.18786
122.713,0.00000,0.00000,0.36789,0.14845
122.744,0.00000,0.00000,0.39091,0.14773
122.775,0.00000,0.00000,0.39091,0.14773
122.806,0.00000,0.00000,0.39091,0.12658
122.837,0.00000,0.00000,0.36949,0.15677
122.868,0.00000,0.00000,0.40067,0.15677
122.899,0.00000,0.00000,0.40067,0.15677
122.931,0.00000,0.00000,0.40067,0.15677
122.961,0.00000,0.00000,0.30243,0.13454
122.993,0.00000,0.00000,0.30389,0.15450
123.025,0.00000,0.00000,0.31653,0.17682
123.055,0.00000,0.00000,0.31653,0.17682
123.086,0.00000,0.00000,0.32199,0.17682
123.133,0.00000,0.00000,0.37463,0.19889
123.179,0.00000,0.00000,0.43122,0.19889
123.225,0.00000,0.00000,0.53870,0.38698
123.256,0.00000,0.00000,0.54060,0.38698
123.288,0.00000,0.00000,0.54060,0.38698
123.319,0.00000,0.00000,0.54060,0.29882
123.349,0.00000,0.00000,0.59718,0.41265
123.381,0.00000,0.00000,0.64826,0.44523
123.412,0.00000,0.00000,0.64826,0.51238
123.442,0.00000,0.00000,0.64826,0.51238
123.473,0.00000,0.00000,0.62275,0.51238
123.504,0.00000,0.00000,0.82382,0.63303
123.536,0.00000,0.00000,1.00000,0.93889
123.568,0.00000,0.00000,1.00000,1.00000
123.598,0.00000,0.00000,1.00000,1.00000
123.629,0.00000,0.00000,1.00000,1.00000
123.659,0.00000,0.00000,0.99864,0.77971
123.690,0.00000,0.00000,0.82720,0.67503
123.721,0.00000,0.00000,0.82720,0.57253
123.752,0.00000,0.00000,0.82720,0.53884
123.782,0.00000,0.00000,0.63082,0.35991
123.814,0.00000,0.00000,0.84705,0.66359
123.844,0.00000,0.00000,0.84705,0.66359
123.875,0.00000,0.00000,0.84705,0.66359
123.906,0.00000,0.00000,0.84705,0.66359
123.937,0.00000,0.00000,0.63890,0.37262
123.968,0.00000,0.00000,1.00000,0.77851
124.000,0.00000,0.00000,1.00000,0.77851
124.031,0.00000,0.00000,1.00000,0.77851
124.062,0.00000,0.00000,0.79823,0.66561
124.093,0.00000,0.00000,0.66142,0.66561
124.124,0.00000,0.00000,0.81940,0.70278
124.156,0.00000,0.00000,0.81940,0.70278
124.187,0.00000,0.00000,0.86819,0.86287
124.219,0.00000,0.00000,0.86819,0.86287
124.250,0.00000,0.00000,0.86819,0.86287
124.280,0.00000,0.00000,0.86819,0.86287
124.311,0.00000,0.00000,0.85485,0.69776
124.342,0.00000,0.00000,0.75985,0.64262
124.373,0.00000,0.00000,0.75985,0.64262
124.404,0.00000,0.00000,0.75985,0.64262
124.434,0.00000,0.00000,0.83712,0.81690
124.465,0.00000,0.00000,1.00000,0.81690
124.496,0.00000,0.00000,1.00000,0.81690
124.527,0.00000,0.00000,1.00000,0.77740
124.559,0.00000,0.00000,0.86973,0.76897
124.589,0.00000,0.00000,0.85759,0.80507
124.619,0.00000,0.00000,0.90975,0.82855
124.651,0.00000,0.00000,0.90975,0.82855
124.681,0.00000,0.00000,0.90975,0.82855
124.712,0.00000,0.00000,0.74238,0.73673
124.742,0.00000,0.00000,0.51729,0.50203
124.774,0.00000,0.00000,0.72289,0.69024
124.820,0.00000,0.00000,0.72289,0.69024
124.868,0.00000,0.00000,0.71609,0.62351
124.899,0.00000,0.00000,0.71609,0.65342
124.945,0.00000,0.00000,0.69907,0.65342
124.976,0.00000,0.00000,0.69907,0.65342
125.023,0.00000,0.00000,0.64365,0.60034
125.069,0.00000,0.00000,0.64365,0.60034
125.100,0.00000,0.00000,0.64365,0.60034
125.132,0.00000,0.00000,0.46036,0.45731
125.163,0.00000,0.00000,0.59271,0.56534
125.194,0.00000,0.00000,0.59271,0.56534
125.225,0.00000,0.00000,0.59271,0.56534
125.256,0.00000,0.00000,0.71726,0.70796
125.286,0.00000,0.00000,0.78406,0.78817
125.318,0.00000,0.00000,0.78406,0.78817
125.350,0.00000,0.00000,0.78406,0.79296
125.380,0.00000,0.00000,0.73425,0.79296
125.411,0.00000,0.00000,0.71442,0.79296
125.442,0.00000,0.00000,0.50458,0.52490
125.473,0.00000,0.00000,0.50521,0.42558
125.504,0.00000,0.00000,0.53785,0.48300
125.536,0.00000,0.00000,0.53785,0.48300
125.566,0.00000,0.00000,0.53785,0.48300
125.597,0.00000,0.00000,0.53785,0.48300
125.629,0.00000,0.00000,0.35694,0.30425
125.661,0.00000,0.00000,0.26188,0.26422
125.691,0.00000,0.00000,0.26188,0.26422
125.723,0.00000,0.00000,0.18588,0.18650
125.753,0.00000,0.00000,0.09075,0.08315
125.784,0.00000,0.00000,0.11741,0.10948
125.815,0.00000,0.00000,0.15729,0.14094
125.846,0.00000,0.00000,0.15729,0.14094
125.877,0.00000,0.00000,0.15729,0.14094
125.909,0.00000,0.00000,0.09981,0.10043
125.941,0.00000,0.00000,0.09729,0.08659
125.971,0.00000,0.00000,0.10114,0.08838
126.003,0.00000,0.00000,0.10114,0.08838
126.034,0.00000,0.00000,0.10114,0.08838
126.064,0.00000,0.00000,0.08505,0.08421
126.095,0.18615,0.17588,0.50116,0.20394
126.127,0.18615,0.17588,0.50116,0.29039
126.157,0.18615,0.17588,0.50116,0.29039
126.188,0.17647,0.16389,0.50116,0.29039
126.220,0.05682,0.04353,0.40546,0.14031
126.251,0.05555,0.05346,0.07969,0.07991
126.282,0.05555,0.05346,0.07969,0.07991
126.313,0.05555,0.05346,0.06869,0.06631
126.344,0.05303,0.05051,0.06869,0.06631
126.375,0.04975,0.04141,0.06180,0.05863
126.406,0.04999,0.04287,0.06180,0.05863
126.437,0.05801,0.05302,0.04924,0.04714
126.469,0.05801,0.05302,0.04924,0.04714
126.500,0.05801,0.05302,0.03011,0.02847
126.531,0.05301,0.05099,0.03011,0.02847
126.561,0.05575,0.05137,0.03011,0.02847
126.593,0.05575,0.05137,0.03011,0.02049
126.623,0.06822,0.05185,0.01387,0.01355
126.655,0.10222,0.08443,0.00731,0.00685
126.685,0.10222,0.08443,0.00660,0.00573
126.716,0.10222,0.08443,0.00378,0.00355
126.747,0.10077,0.07934,0.00078,0.00074
126.778,0.06759,0.05666,0.00000,0.00000
126.810,0.08437,0.07556,0.00000,0.00000
126.841,0.08437,0.07556,0.00000,0.00000
126.872,0.08437,0.07556,0.00000,0.00000
126.903,0.06118,0.04894,0.03228,0.03471
126.934,0.08025,0.07145,0.50341,0.22867
126.965,0.27652,0.28049,0.50341,0.24250
126.996,0.27652,0.28049,0.50341,0.24250
127.028,0.27652,0.28049,0.43854,0.24250
127.058,0.28329,0.25505,0.09172,0.08351
127.090,0.28329,0.25505,0.00000,0.00000
127.121,0.28329,0.25505,0.00000,0.00000
127.153,0.28329,0.25505,0.00000,0.00000
127.184,0.23354,0.22547,0.00000,0.00000
127.215,0.23354,0.22547,0.00000,0.00000
127.246,0.21767,0.21963,0.00000,0.00000
127.277,0.09825,0.09760,0.00000,0.00000
127.309,0.09337,0.09760,0.00000,0.00000
127.339,0.16247,0.14775,0.00000,0.00000
127.371,0.16247,0.14775,0.00000,0.00000
127.402,0.16247,0.14775,0.00000,0.00000
127.432,0.21010,0.19533,0.00000,0.00000
127.464,0.22542,0.21640,0.00000,0.00000
127.495,0.22542,0.21640,0.00000,0.00000
127.526,0.22542,0.21640,0.00000,0.00000
127.557,0.18923,0.17810,0.00000,0.00000
127.588,0.19454,0.18324,0.00000,0.00000
127.619,0.19454,0.18324,0.00000,0.00000
127.650,0.19454,0.18324,0.00000,0.00000
127.681,0.15661,0.14755,0.00000,0.00000
127.712,0.20587,0.19599,0.00000,0.00000
127.744,0.20587,0.19599,0.00000,0.00000
127.774,0.21045,0.19735,0.00000,0.00000
127.806,0.21045,0.19735,0.00000,0.00000
127.837,0.21045,0.19735,0.00000,0.00000
127.883,0.16548,0.15416,0.00000,0.00000
127.930,0.14290,0.13313,0.00000,0.00000
127.961,0.14290,0.13313,0.00000,0.00000
127.993,0.14290,0.13313,0.00000,0.00000
128.025,0.12322,0.11560,0.00000,0.00000
128.056,0.16231,0.15236,0.00000,0.00000
128.087,0.16231,0.15236,0.00000,0.00000
128.119,0.18586,0.17457,0.00000,0.00000
128.150,0.18586,0.17457,0.00000,0.00000
128.181,0.18586,0.17457,0.00000,0.00000
128.213,0.12072,0.11376,0.00000,0.00000
128.244,0.12072,0.11376,0.00000,0.00000
128.275,0.12310,0.11563,0.00000,0.00000
128.305,0.12310,0.11563,0.00000,0.00000
128.337,0.15473,0.14283,0.00000,0.00000
128.368,0.15473,0.14283,0.00000,0.00000
128.399,0.15473,0.14346,0.00000,0.00000
128.445,0.15301,0.14346,0.00000,0.00000
128.477,0.15301,0.14346,0.00000,0.00000
128.524,0.13283,0.12304,0.00000,0.00000
128.555,0.13283,0.12304,0.00000,0.00000
128.587,0.10527,0.10271,0.00000,0.00000
128.618,0.10527,0.10271,0.00000,0.00000
128.650,0.06934,0.05670,0.00000,0.00000
128.681,0.08009,0.07974,0.00000,0.00000
128.711,0.08009,0.07974,0.00000,0.00000
128.743,0.08875,0.07974,0.00000,0.00000
128.774,0.09080,0.08020,0.00000,0.00000
128.821,0.09080,0.08020,0.00000,0.00000
128.867,0.08197,0.08020,0.00000,0.00000
128.914,0.06738,0.06382,0.00000,0.00000
128.960,0.06929,0.06382,0.00000,0.00000
129.008,0.08042,0.05628,0.00000,0.00000
129.054,0.08042,0.04865,0.00000,0.00000
129.085,0.05274,0.04865,0.00000,0.00000
129.117,0.05066,0.05018,0.00000,0.00000
129.164,0.05769,0.05362,0.00000,0.00000
129.195,0.05769,0.05362,0.00000,0.00000
129.226,0.05769,0.05362,0.00000,0.00000
129.257,0.04888,0.05484,0.00000,0.00000
129.289,0.04291,0.05484,0.00000,0.00000
129.336,0.04454,0.05484,0.00000,0.00000
129.367,0.04454,0.04646,0.00000,0.00000
129.399,0.04454,0.04646,0.00000,0.00000
129.446,0.06865,0.05576,0.00000,0.00000
129.492,0.06865,0.05576,0.00000,0.00000
129.539,0.06865,0.05576,0.00000,0.00000
129.586,0.04907,0.04804,0.00000,0.00000
129.617,0.04907,0.03903,0.00000,0.00000
129.663,0.05897,0.04367,0.00000,0.00000
129.710,0.05897,0.04367,0.00000,0.00000
129.740,0.05897,0.04367,0.00000,0.00000
129.771,0.03609,0.02730,0.00000,0.00000
129.803,0.03609,0.02709,0.00000,0.00000
129.835,0.03609,0.02721,0.00000,0.00000
129.866,0.03390,0.02721,0.00000,0.00000
129.897,0.03390,0.02721,0.00000,0.00000
129.928,0.03390,0.02409,0.00000,0.00000
129.959,0.03390,0.02409,0.00000,0.00000
129.990,0.04572,0.04473,0.00000,0.00000
130.022,0.04572,0.04473,0.00000,0.00000
130.052,0.04572,0.04473,0.00000,0.00000
130.083,0.04409,0.03564,0.00000,0.00000
130.114,0.04409,0.03496,0.00000,0.00000
130.144,0.04409,0.03496,0.00000,0.00000
130.176,0.02916,0.02643,0.00000,0.00000
130.206,0.03422,0.02643,0.00000,0.00000
130.238,0.05505,0.03955,0.00000,0.00000
130.268,0.05505,0.03955,0.00000,0.00000
130.300,0.05505,0.03955,0.00000,0.00000
130.332,0.05505,0.03955,0.00000,0.00000
130.362,0.03262,0.02945,0.00000,0.00000
130.392,0.01937,0.01668,0.00000,0.00000
130.423,0.01937,0.01492,0.00000,0.00000
130.455,0.01645,0.01294,0.00000,0.00000
130.485,0.01982,0.01709,0.00000,0.00000
130.517,0.01982,0.01709,0.00000,0.00000
130.548,0.01982,0.01709,0.00000,0.00000
130.578,0.01507,0.01318,0.00000,0.00000
130.609,0.00912,0.00748,0.00000,0.00000
130.640,0.00195,0.00175,0.00000,0.00000
130.671,0.00038,0.00021,0.00000,0.00000
130.701,0.00000,0.00000,0.00000,0.00000
130.733,0.00000,0.00000,0.00000,0.00000
130.764,0.00000,0.00000,0.00000,0.00000
130.795,0.00000,0.00000,0.00000,0.00000
130.826,0.00000,0.00000,0.00000,0.00000
130.857,0.00000,0.00000,0.00000,0.00000
130.888,0.00000,0.00000,0.00000,0.00000
130.921,0.00000,0.00000,0.00000,0.00000
130.951,0.00000,0.00000,0.00000,0.00000
130.982,0.00000,0.00000,0.00000,0.00000
131.013,0.00000,0.00000,0.00000,0.00000
131.045,0.00000,0.00000,0.00000,0.00000
131.075,0.00000,0.00000,0.00000,0.00000
131.106,0.00000,0.00000,0.00000,0.00000
131.136,0.00000,0.00000,0.00000,0.00000
131.169,0.00000,0.00000,0.00000,0.00000
131.199,0.00000,0.00000,0.00000,0.00000
131.230,0.00000,0.00000,0.00000,0.00000
131.262,0.00000,0.00000,0.00000,0.00000
131.293,0.00000,0.00000,0.00000,0.00000
131.325,0.00000,0.00000,0.00000,0.00000
131.357,0.00000,0.00000,0.00000,0.00000
131.388,0.00000,0.00000,0.00000,0.00000
131.420,0.00000,0.00000,0.00000,0.00000
131.450,0.00000,0.00000,0.00000,0.00000
131.481,0.00000,0.00000,0.00000,0.00000
131.513,0.00000,0.00000,0.00000,0.00000
131.544,0.00000,0.00000,0.00000,0.00000
131.575,0.00000,0.00000,0.00000,0.00000
131.606,0.00000,0.00000,0.00000,0.00000
131.637,0.00000,0.00000,0.00000,0.00000
131.669,0.00000,0.00000,0.00000,0.00000
131.701,0.00000,0.00000,0.00000,0.00000
131.731,0.00000,0.00000,0.00000,0.00000
131.762,0.00000,0.00000,0.00000,0.00000
131.793,0.00000,0.00000,0.00000,0.00000
131.825,0.00000,0.00000,0.00000,0.00000
131.855,0.00000,0.00000,0.00000,0.00000
131.887,0.00000,0.00000,0.00000,0.00000
131.917,0.00000,0.00000,0.00000,0.00000
131.948,0.00000,0.00000,0.00000,0.00000
131.980,0.00000,0.00000,0.00000,0.00000
132.011,0.00000,0.00000,0.00000,0.00000
132.041,0.00000,0.00000,0.00000,0.00000
132.072,0.00000,0.00000,0.00000,0.00000
132.103,0.00000,0.00000,0.00000,0.00000
132.133,0.00000,0.00000,0.00000,0.00000
132.164,0.00000,0.00000,0.00000,0.00000
132.197,0.00000,0.00000,0.00000,0.00000
132.229,0.00000,0.00000,0.00000,0.00000
132.260,0.00000,0.00000,0.00000,0.00000
132.291,0.00000,0.00000,0.00000,0.00000
132.323,0.00000,0.00000,0.00000,0.00000
132.354,0.00000,0.00000,0.00000,0.00000
132.386,0.00000,0.00000,0.00000,0.00000
132.417,0.00000,0.00000,0.00000,0.00000
132.448,0.00000,0.00000,0.00000,0.00000
132.479,0.00000,0.00000,0.00000,0.00000
132.509,0.00000,0.00000,0.00000,0.00000
132.541,0.00000,0.00000,0.00000,0.00000
132.572,0.00000,0.00000,0.00000,0.00000
132.603,0.00000,0.00000,0.00000,0.00000
132.634,0.00000,0.00000,0.00000,0.00000
132.665,0.00000,0.00000,0.00000,0.00000
132.695,0.00000,0.00000,0.00000,0.00000
132.742,0.00000,0.00000,0.00000,0.00000
132.772,0.00000,0.00000,0.00000,0.00000
132.804,0.00000,0.00000,0.00000,0.00000
132.835,0.00000,0.00000,0.00000,0.00000
132.867,0.00000,0.00000,0.00000,0.00000
132.897,0.00000,0.00000,0.00000,0.00000
132.929,0.00000,0.00000,0.00000,0.00000
132.960,0.00000,0.00000,0.00000,0.00000
132.991,0.00000,0.00000,0.00000,0.00000
133.022,0.00000,0.00000,0.00000,0.00000
133.053,0.00000,0.00000,0.00000,0.00000
133.084,0.00000,0.00000,0.00000,0.00000
133.115,0.00000,0.00000,0.00000,0.00000
133.146,0.00000,0.00000,0.00000,0.00000
133.177,0.00000,0.00000,0.00000,0.00000
133.208,0.00000,0.00000,0.00000,0.00000
133.239,0.00000,0.00000,0.00000,0.00000
133.270,0.00000,0.00000,0.00000,0.00000
133.301,0.00000,0.00000,0.00000,0.00000
133.333,0.00000,0.00000,0.00000,0.00000
133.364,0.00000,0.00000,0.00000,0.00000
133.395,0.00000,0.00000,0.00000,0.00000
133.427,0.00000,0.00000,0.00000,0.00000
133.458,0.00000,0.00000,0.00000,0.00000
133.489,0.00000,0.00000,0.00000,0.00000
133.520,0.00000,0.00000,0.00000,0.00000
133.551,0.00000,0.00000,0.00000,0.00000
133.582,0.00000,0.00000,0.00000,0.00000
133.613,0.00000,0.00000,0.00000,0.00000
133.645,0.00000,0.00000,0.00000,0.00000
133.676,0.00000,0.00000,0.00000,0.00000
133.707,0.00000,0.00000,0.00000,0.00000
133.739,0.00000,0.00000,0.00000,0.00000
133.770,0.00000,0.00000,0.00000,0.00000
133.802,0.00000,0.00000,0.00000,0.00000
133.833,0.00000,0.00000,0.00000,0.00000
133.864,0.00000,0.00000,0.00000,0.00000
133.896,0.00000,0.00000,0.00000,0.00000
133.927,0.00000,0.00000,0.00000,0.00000
133.958,0.00000,0.00000,0.00000,0.00000
133.989,0.00000,0.00000,0.00000,0.00000
134.020,0.00000,0.00000,0.00000,0.00000
134.051,0.00000,0.00000,0.00000,0.00000
134.082,0.00000,0.00000,0.00000,0.00000
134.114,0.00000,0.00000,0.00000,0.00000
134.144,0.00000,0.00000,0.00000,0.00000
134.175,0.00000,0.00000,0.00000,0.00000
134.206,0.00000,0.00000,0.00000,0.00000
134.237,0.00000,0.00000,0.00000,0.00000
134.268,0.00000,0.00000,0.00000,0.00000
134.298,0.00000,0.00000,0.00000,0.00000
134.329,0.00000,0.00000,0.00000,0.00000
134.360,0.00000,0.00000,0.00000,0.00000
134.392,0.00000,0.00000,0.00000,0.00000
134.426,0.00000,0.00000,0.00000,0.00000
134.454,0.00000,0.00000,0.00000,0.00000
134.485,0.00000,0.00000,0.00000,0.00000
134.517,0.00000,0.00000,0.00000,0.00000
134.548,0.00000,0.00000,0.00000,0.00000
134.578,0.00000,0.00000,0.00000,0.00000
134.609,0.00000,0.00000,0.00000,0.00000
134.641,0.00000,0.00000,0.00000,0.00000
134.672,0.00000,0.00000,0.00000,0.00000
134.703,0.00000,0.00000,0.00000,0.00000
134.734,0.00000,0.00000,0.00000,0.00000
134.766,0.00000,0.00000,0.00000,0.00000
134.796,0.00000,0.00000,0.00000,0.00000
134.828,0.00000,0.00000,0.00000,0.00000
134.860,0.00000,0.00000,0.00000,0.00000
134.891,0.00000,0.00000,0.00000,0.00000
134.922,0.00000,0.00000,0.00000,0.00000
134.953,0.00000,0.00000,0.00000,0.00000
134.985,0.00000,0.00000,0.00000,0.00000
135.016,0.00000,0.00000,0.00000,0.00000
135.047,0.00000,0.00000,0.00000,0.00000
135.078,0.00000,0.00000,0.00000,0.00000
135.109,0.00000,0.00000,0.00000,0.00000
135.140,0.00000,0.00000,0.00000,0.00000
135.171,0.00000,0.00000,0.00000,0.00000
135.203,0.00000,0.00000,0.00000,0.00000
135.234,0.00000,0.00000,0.00000,0.00000
135.266,0.00000,0.00000,0.00000,0.00000
135.297,0.00000,0.00000,0.00000,0.00000
135.329,0.00000,0.00000,0.00000,0.00000
135.360,0.00000,0.00000,0.00000,0.00000
135.390,0.00000,0.00000,0.00000,0.00000
135.421,0.00000,0.00000,0.00000,0.00000
135.453,0.00000,0.00000,0.00000,0.00000
135.483,0.00000,0.00000,0.00000,0.00000
135.514,0.00000,0.00000,0.00000,0.00000
135.546,0.00000,0.00000,0.00000,0.00000
135.576,0.00000,0.00000,0.00000,0.00000
135.608,0.00000,0.00000,0.00000,0.00000
135.639,0.00000,0.00000,0.00000,0.00000
135.669,0.00000,0.00000,0.00000,0.00000
135.700,0.00000,0.00000,0.00000,0.00000
135.732,0.00000,0.00000,0.00000,0.00000
135.763,0.00000,0.00000,0.00000,0.00000
135.794,0.00000,0.00000,0.00000,0.00000
135.826,0.00000,0.00000,0.00000,0.00000
135.856,0.00000,0.00000,0.00000,0.00000
135.887,0.00000,0.00000,0.00000,0.00000
135.919,0.00000,0.00000,0.00000,0.00000
135.951,0.00000,0.00000,0.00000,0.00000
135.982,0.00000,0.00000,0.00000,0.00000
136.013,0.00000,0.00000,0.00000,0.00000
136.044,0.00000,0.00000,0.00000,0.00000
136.075,0.00000,0.00000,0.00000,0.00000
136.106,0.00000,0.00000,0.00000,0.00000
136.137,0.00000,0.00000,0.00000,0.00000
136.168,0.00000,0.00000,0.00000,0.00000
136.199,0.00000,0.00000,0.00000,0.00000
136.231,0.00000,0.00000,0.00000,0.00000
136.262,0.00000,0.00000,0.00000,0.00000
136.293,0.00000,0.00000,0.00000,0.00000
136.324,0.00000,0.00000,0.00000,0.00000
136.355,0.00000,0.00000,0.00000,0.00000
136.386,0.00000,0.00000,0.00000,0.00000
136.417,0.00000,0.00000,0.00000,0.00000
136.448,0.00000,0.00000,0.00000,0.00000
136.478,0.00000,0.00000,0.00000,0.00000
136.509,0.00000,0.00000,0.00000,0.00000
136.541,0.00000,0.00000,0.00000,0.00000
136.573,0.00000,0.00000,0.00000,0.00000
136.603,0.00000,0.00000,0.00000,0.00000
136.635,0.00000,0.00000,0.00000,0.00000
136.665,0.00000,0.00000,0.00000,0.00000
136.696,0.00000,0.00000,0.00000,0.00000
136.727,0.00000,0.00000,0.00000,0.00000
136.759,0.00000,0.00000,0.00000,0.00000
136.790,0.00000,0.00000,0.00000,0.00000
136.821,0.00000,0.00000,0.00000,0.00000
136.853,0.00000,0.00000,0.00000,0.00000
136.885,0.00000,0.00000,0.00000,0.00000
136.915,0.00000,0.00000,0.00000,0.00000
136.946,0.00000,0.00000,0.00000,0.00000
136.977,0.00000,0.00000,0.00000,0.00000
137.009,0.00000,0.00000,0.00000,0.00000
137.039,0.00000,0.00000,0.00000,0.00000
137.071,0.00000,0.00000,0.00000,0.00000
137.102,0.00000,0.00000,0.00000,0.00000
137.149,0.00000,0.00000,0.00000,0.00000
137.195,0.00000,0.00000,0.00000,0.00000
137.241,0.00000,0.00000,0.00000,0.00000
137.273,0.00000,0.00000,0.00000,0.00000
137.304,0.00000,0.00000,0.00000,0.00000
137.351,0.00000,0.00000,0.00000,0.00000
137.397,0.00000,0.00000,0.00000,0.00000
137.428,0.00000,0.00000,0.00000,0.00000
137.459,0.00000,0.00000,0.00000,0.00000
137.491,0.00000,0.00000,0.00000,0.00000
137.523,0.00000,0.00000,0.00000,0.00000
137.555,0.00000,0.00000,0.00000,0.00000
137.601,0.00000,0.00000,0.00000,0.00000
137.632,0.00000,0.00000,0.00000,0.00000
137.679,0.00000,0.00000,0.00000,0.00000
137.710,0.00000,0.00000,0.00000,0.00000
137.757,0.00000,0.00000,0.00000,0.00000
137.789,0.00000,0.00000,0.00000,0.00000
137.836,0.00000,0.00000,0.00000,0.00000
137.883,0.00000,0.00000,0.00000,0.00000
137.929,0.00000,0.00000,0.00000,0.00000
137.960,0.00000,0.00000,0.00000,0.00000
137.991,0.00000,0.00000,0.00000,0.00000
138.022,0.00000,0.00000,0.00000,0.00000
138.052,0.00000,0.00000,0.00000,0.00000
138.084,0.00000,0.00000,0.00000,0.00000
138.114,0.00000,0.00000,0.00000,0.00000
138.146,0.00000,0.00000,0.00000,0.00000
138.177,0.00000,0.00000,0.00000,0.00000
138.208,0.00000,0.00000,0.00000,0.00000
138.240,0.00000,0.00000,0.00000,0.00000
138.271,0.00000,0.00000,0.00000,0.00000
138.302,0.00000,0.00000,0.00000,0.00000
138.333,0.00000,0.00000,0.00000,0.00000
138.363,0.00000,0.00000,0.00000,0.00000
138.395,0.00000,0.00000,0.00000,0.00000
138.427,0.00000,0.00000,0.00000,0.00000
138.457,0.00000,0.00000,0.00000,0.00000
138.489,0.00000,0.00000,0.00000,0.00000
138.519,0.00000,0.00000,0.00000,0.00000
138.551,0.00000,0.00000,0.00000,0.00000
138.582,0.00000,0.00000,0.00000,0.00000
138.613,0.00000,0.00000,0.00000,0.00000
138.645,0.00000,0.00000,0.00000,0.00000
138.676,0.00000,0.00000,0.00000,0.00000
138.708,0.00000,0.00000,0.00000,0.00000
138.738,0.00000,0.00000,0.00000,0.00000
138.770,0.00000,0.00000,0.00000,0.00000
138.801,0.00000,0.00000,0.00000,0.00000
138.833,0.00000,0.00000,0.00000,0.00000
138.864,0.00000,0.00000,0.00000,0.00000
138.895,0.00000,0.00000,0.00000,0.00000
138.925,0.00000,0.00000,0.00000,0.00000
138.957,0.00000,0.00000,0.00000,0.00000
138.989,0.00000,0.00000,0.00000,0.00000
139.019,0.00000,0.00000,0.00000,0.00000
139.051,0.00000,0.00000,0.00000,0.00000
139.082,0.00000,0.00000,0.00000,0.00000
139.113,0.00000,0.00000,0.00000,0.00000
139.143,0.00000,0.00000,0.00000,0.00000
139.175,0.00000,0.00000,0.00000,0.00000
139.206,0.00000,0.00000,0.00000,0.00000
139.238,0.00000,0.00000,0.00000,0.00000
139.268,0.00000,0.00000,0.00000,0.00000
139.299,0.00000,0.00000,0.00000,0.00000
139.330,0.00000,0.00000,0.00000,0.00000
139.361,0.00000,0.00000,0.00000,0.00000
139.392,0.00000,0.00000,0.00000,0.00000
139.423,0.00000,0.00000,0.00000,0.00000
139.454,0.00000,0.00000,0.00000,0.00000
139.485,0.00000,0.00000,0.00000,0.00000
139.516,0.00000,0.00000,0.00000,0.00000
139.547,0.00000,0.00000,0.00000,0.00000
139.577,0.00000,0.00000,0.00000,0.00000
139.608,0.00000,0.00000,0.00000,0.00000
139.640,0.00000,0.00000,0.00000,0.00000
139.672,0.00000,0.00000,0.00000,0.00000
139.702,0.00000,0.00000,0.00000,0.00000
139.733,0.00000,0.00000,0.00000,0.00000
139.764,0.00000,0.00000,0.00000,0.00000
139.795,0.00000,0.00000,0.00000,0.00000
139.827,0.00000,0.00000,0.00000,0.00000
139.858,0.00000,0.00000,0.00000,0.00000
139.889,0.00000,0.00000,0.00000,0.00000
139.921,0.00000,0.00000,0.00000,0.00000
139.952,0.00000,0.00000,0.00000,0.00000
139.982,0.00000,0.00000,0.00000,0.00000
140.013,0.00000,0.00000,0.00000,0.00000
140.045,0.00000,0.00000,0.00000,0.00000
140.076,0.00000,0.00000,0.00000,0.00000
140.107,0.00000,0.00000,0.00000,0.00000
140.138,0.00000,0.00000,0.00000,0.00000
140.170,0.00000,0.00000,0.00000,0.00000
140.200,0.00000,0.00000,0.00000,0.00000
140.232,0.00000,0.00000,0.00000,0.00000
140.263,0.00000,0.00000,0.00000,0.00000
140.294,0.00000,0.00000,0.00000,0.00000
140.326,0.00000,0.00000,0.00000,0.00000
140.355,0.00000,0.00000,0.00000,0.00000
140.387,0.00000,0.00000,0.00000,0.00000
140.417,0.00000,0.00000,0.00000,0.00000
140.448,0.00000,0.00000,0.00000,0.00000
140.479,0.00000,0.00000,0.00000,0.00000
140.511,0.00000,0.00000,0.00000,0.00000
140.542,0.00000,0.00000,0.00000,0.00000
140.573,0.00000,0.00000,0.00000,0.00000
140.604,0.00000,0.00000,0.00000,0.00000
140.636,0.00000,0.00000,0.00000,0.00000
140.667,0.00000,0.00000,0.00000,0.00000
140.698,0.00000,0.00000,0.00000,0.00000
140.729,0.00000,0.00000,0.00000,0.00000
140.761,0.00000,0.00000,0.00000,0.00000
140.791,0.00000,0.00000,0.00000,0.00000
140.822,0.00000,0.00000,0.00000,0.00000
140.853,0.00000,0.00000,0.00000,0.00000
140.884,0.00000,0.00000,0.00000,0.00000
140.916,0.00000,0.00000,0.00000,0.00000
140.948,0.00000,0.00000,0.00000,0.00000
140.979,0.00000,0.00000,0.00000,0.00000
141.010,0.00000,0.00000,0.00000,0.00000
141.041,0.00000,0.00000,0.00000,0.00000
141.073,0.00000,0.00000,0.00000,0.00000
141.105,0.00000,0.00000,0.00000,0.00000
141.136,0.00000,0.00000,0.00000,0.00000
141.167,0.00000,0.00000,0.00000,0.00000
141.197,0.00000,0.00000,0.00000,0.00000
141.229,0.00000,0.00000,0.00000,0.00000
141.259,0.00000,0.00000,0.00000,0.00000
141.290,0.00000,0.00000,0.00000,0.00000
141.322,0.00000,0.00000,0.00000,0.00000
141.352,0.00000,0.00000,0.00000,0.00000
141.383,0.00000,0.00000,0.00000,0.00000
141.430,0.00000,0.00000,0.00000,0.00000
141.461,0.00000,0.00000,0.00000,0.00000
141.507,0.00000,0.00000,0.00000,0.00000
141.539,0.00000,0.00000,0.00000,0.00000
141.585,0.00000,0.00000,0.00000,0.00000
141.631,0.00000,0.00000,0.00000,0.00000
141.663,0.00000,0.00000,0.00000,0.00000
141.693,0.00000,0.00000,0.00000,0.00000
141.724,0.00000,0.00000,0.00000,0.00000
141.756,0.00000,0.00000,0.00000,0.00000
141.788,0.00000,0.00000,0.00000,0.00000
141.819,0.00000,0.00000,0.00000,0.00000
141.850,0.00000,0.00000,0.00000,0.00000
141.881,0.00000,0.00000,0.00000,0.00000
141.914,0.00000,0.00000,0.00000,0.00000
141.959,0.00000,0.00000,0.00000,0.00000
141.991,0.00000,0.00000,0.00000,0.00000
142.022,0.00000,0.00000,0.00000,0.00000
142.053,0.00000,0.00000,0.00000,0.00000
142.084,0.00000,0.00000,0.00000,0.00000
142.115,0.00000,0.00000,0.00000,0.00000
142.146,0.00000,0.00000,0.00000,0.00000
142.176,0.00000,0.00000,0.00000,0.00000
142.209,0.00000,0.00000,0.00000,0.00000
142.239,0.00000,0.00000,0.00000,0.00000
142.270,0.00000,0.00000,0.00000,0.00000
142.301,0.00000,0.00000,0.00000,0.00000
142.332,0.00000,0.00000,0.00000,0.00000
142.363,0.00000,0.00000,0.00000,0.00000
142.395,0.00000,0.00000,0.00000,0.00000
142.425,0.00000,0.00000,0.00000,0.00000
142.457,0.00000,0.00000,0.00000,0.00000
142.488,0.00000,0.00000,0.00000,0.00000
142.519,0.00000,0.00000,0.00000,0.00000
142.551,0.00000,0.00000,0.00000,0.00000
142.582,0.00000,0.00000,0.00000,0.00000
142.613,0.00000,0.00000,0.00000,0.00000
142.645,0.00000,0.00000,0.00000,0.00000
142.676,0.00000,0.00000,0.00000,0.00000
142.707,0.00000,0.00000,0.00000,0.00000
142.738,0.00000,0.00000,0.00000,0.00000
142.770,0.00000,0.00000,0.00000,0.00000
142.800,0.00000,0.00000,0.00000,0.00000
142.831,0.00000,0.00000,0.00000,0.00000
142.862,0.00000,0.00000,0.00000,0.00000
142.893,0.00000,0.00000,0.00000,0.00000
142.925,0.00000,0.00000,0.00000,0.00000
142.956,0.00000,0.00000,0.00000,0.00000
142.987,0.00000,0.00000,0.00000,0.00000
143.018,0.00000,0.00000,0.00000,0.00000
143.049,0.00000,0.00000,0.00000,0.00000
143.081,0.00000,0.00000,0.00000,0.00000
143.112,0.00000,0.00000,0.00000,0.00000
143.143,0.00000,0.00000,0.00000,0.00000
143.175,0.00000,0.00000,0.00000,0.00000
143.206,0.00000,0.00000,0.00000,0.00000
143.237,0.00000,0.00000,0.00000,0.00000
143.269,0.00000,0.00000,0.00000,0.00000
143.300,0.00000,0.00000,0.00000,0.00000
143.331,0.00000,0.00000,0.00000,0.00000
143.363,0.00000,0.00000,0.00000,0.00000
143.394,0.00000,0.00000,0.00000,0.00000
143.424,0.00000,0.00000,0.00000,0.00000
143.457,0.00000,0.00000,0.00000,0.00000
143.486,0.00000,0.00000,0.00000,0.00000
143.517,0.00000,0.00000,0.00000,0.00000
143.549,0.00000,0.00000,0.00000,0.00000
143.580,0.00000,0.00000,0.00000,0.00000
143.611,0.00000,0.00000,0.00000,0.00000
143.642,0.00000,0.00000,0.00000,0.00000
143.673,0.00000,0.00000,0.00000,0.00000
143.705,0.00000,0.00000,0.00000,0.00000
143.736,0.00000,0.00000,0.00000,0.00000
143.767,0.00000,0.00000,0.00000,0.00000
143.799,0.00000,0.00000,0.00000,0.00000
143.830,0.00000,0.00000,0.00000,0.00000
143.861,0.00000,0.00000,0.00000,0.00000
143.892,0.00000,0.00000,0.00000,0.00000
143.923,0.00000,0.00000,0.00000,0.00000
143.953,0.00000,0.00000,0.00000,0.00000
143.983,0.00000,0.00000,0.00000,0.00000
144.014,0.00000,0.00000,0.00000,0.00000
144.046,0.00000,0.00000,0.00000,0.00000
144.077,0.00000,0.00000,0.00000,0.00000
144.107,0.00000,0.00000,0.00000,0.00000
144.139,0.00000,0.00000,0.00000,0.00000
144.170,0.00000,0.00000,0.00000,0.00000
144.202,0.00000,0.00000,0.00000,0.00000
144.233,0.00000,0.00000,0.00000,0.00000
144.265,0.00000,0.00000,0.00000,0.00000
144.296,0.00000,0.00000,0.00000,0.00000
144.327,0.00000,0.00000,0.00000,0.00000
144.358,0.00000,0.00000,0.00000,0.00000
144.388,0.00000,0.00000,0.00000,0.00000
144.419,0.00000,0.00000,0.00000,0.00000
144.450,0.00000,0.00000,0.00000,0.00000
144.482,0.00000,0.00000,0.00000,0.00000
144.513,0.00000,0.00000,0.00000,0.00000
144.544,0.00000,0.00000,0.00000,0.00000
144.576,0.00000,0.00000,0.00000,0.00000
144.607,0.00000,0.00000,0.00000,0.00000
144.637,0.00000,0.00000,0.00000,0.00000
144.668,0.00000,0.00000,0.00000,0.00000
144.699,0.00000,0.00000,0.00000,0.00000
144.730,0.00000,0.00000,0.00000,0.00000
144.760,0.00000,0.00000,0.00000,0.00000
144.791,0.00000,0.00000,0.00000,0.00000
144.823,0.00000,0.00000,0.00000,0.00000
144.854,0.00000,0.00000,0.00000,0.00000
144.886,0.00000,0.00000,0.00000,0.00000
144.917,0.00000,0.00000,0.00000,0.00000
144.948,0.00000,0.00000,0.00000,0.00000
144.979,0.00000,0.00000,0.00000,0.00000
145.010,0.00000,0.00000,0.00000,0.00000
145.041,0.00000,0.00000,0.00000,0.00000
145.073,0.00000,0.00000,0.00000,0.00000
145.105,0.00000,0.00000,0.00000,0.00000
145.136,0.00000,0.00000,0.00000,0.00000
145.169,0.00000,0.00000,0.00000,0.00000
145.196,0.00000,0.00000,0.00000,0.00000
145.228,0.00000,0.00000,0.00000,0.00000
145.261,0.00000,0.00000,0.00000,0.00000
145.292,0.00000,0.00000,0.00000,0.00000
145.322,0.00000,0.00000,0.00000,0.00000
145.353,0.00000,0.00000,0.00000,0.00000
145.385,0.00000,0.00000,0.00000,0.00000
145.416,0.00000,0.00000,0.00000,0.00000
145.446,0.00000,0.00000,0.00000,0.00000
145.478,0.00000,0.00000,0.00000,0.00000
145.508,0.00000,0.00000,0.00000,0.00000
145.540,0.00000,0.00000,0.00000,0.00000
145.571,0.00000,0.00000,0.00000,0.00000
145.603,0.00000,0.00000,0.00000,0.00000
145.648,0.00000,0.00000,0.00000,0.00000
145.697,0.00000,0.00000,0.00000,0.00000
145.727,0.00000,0.00000,0.00000,0.00000
145.773,0.00000,0.00000,0.00000,0.00000
145.820,0.00000,0.00000,0.00000,0.00000
145.867,0.00000,0.00000,0.00000,0.00000
145.899,0.00000,0.00000,0.00000,0.00000
145.930,0.00000,0.00000,0.00000,0.00000
145.961,0.00000,0.00000,0.00000,0.00000
146.008,0.00000,0.00000,0.00000,0.00000
146.054,0.00000,0.00000,0.00000,0.00000
146.084,0.00000,0.00000,0.00000,0.00000
146.117,0.00000,0.00000,0.00000,0.00000
146.163,0.00000,0.00000,0.00000,0.00000
146.209,0.00000,0.00000,0.00000,0.00000
146.240,0.00000,0.00000,0.00000,0.00000
146.272,0.00000,0.00000,0.00000,0.00000
146.302,0.00000,0.00000,0.00000,0.00000
146.333,0.00000,0.00000,0.00000,0.00000
146.365,0.00000,0.00000,0.00000,0.00000
146.396,0.00000,0.00000,0.00000,0.00000
146.427,0.00000,0.00000,0.00000,0.00000
146.459,0.00000,0.00000,0.00000,0.00000
146.490,0.00000,0.00000,0.00000,0.00000
146.521,0.00000,0.00000,0.00000,0.00000
146.551,0.00000,0.00000,0.00000,0.00000
146.583,0.00000,0.00000,0.00000,0.00000
146.614,0.00000,0.00000,0.00000,0.00000
146.646,0.00000,0.00000,0.00000,0.00000
146.677,0.00000,0.00000,0.00000,0.00000
146.709,0.00000,0.00000,0.00000,0.00000
146.740,0.00000,0.00000,0.00000,0.00000
146.771,0.00000,0.00000,0.00000,0.00000
146.803,0.00000,0.00000,0.00000,0.00000
146.834,0.00000,0.00000,0.00000,0.00000
146.864,0.00000,0.00000,0.00000,0.00000
146.896,0.00000,0.00000,0.00000,0.00000
146.927,0.00000,0.00000,0.00000,0.00000
146.958,0.00000,0.00000,0.00000,0.00000
146.989,0.00000,0.00000,0.00000,0.00000
147.019,0.00000,0.00000,0.00000,0.00000
147.050,0.00000,0.00000,0.00000,0.00000
147.081,0.00000,0.00000,0.00000,0.00000
147.112,0.00000,0.00000,0.00000,0.00000
147.143,0.00000,0.00000,0.00000,0.00000
147.175,0.00000,0.00000,0.00000,0.00000
147.206,0.00000,0.00000,0.00000,0.00000
147.237,0.00000,0.00000,0.00000,0.00000
147.267,0.00000,0.00000,0.00000,0.00000
147.299,0.00000,0.00000,0.00000,0.00000
147.330,0.00000,0.00000,0.00000,0.00000
147.361,0.00000,0.00000,0.00000,0.00000
147.393,0.00000,0.00000,0.00000,0.00000
147.425,0.00000,0.00000,0.00000,0.00000
147.455,0.00000,0.00000,0.00000,0.00000
147.487,0.00000,0.00000,0.00000,0.00000
147.519,0.00000,0.00000,0.00000,0.00000
147.550,0.00000,0.00000,0.00000,0.00000
147.582,0.00000,0.00000,0.00000,0.00000
147.612,0.00000,0.00000,0.00000,0.00000
147.643,0.00000,0.00000,0.00000,0.00000
147.674,0.00000,0.00000,0.00000,0.00000
147.706,0.00000,0.00000,0.00000,0.00000
147.737,0.00000,0.00000,0.00000,0.00000
147.769,0.00000,0.00000,0.00000,0.00000
147.799,0.00000,0.00000,0.00000,0.00000
147.830,0.00000,0.00000,0.00000,0.00000
147.862,0.00000,0.00000,0.00000,0.00000
147.892,0.00000,0.00000,0.00000,0.00000
147.924,0.00000,0.00000,0.00000,0.00000
147.955,0.00000,0.00000,0.00000,0.00000
147.986,0.00000,0.00000,0.00000,0.00000
148.017,0.00000,0.00000,0.00000,0.00000
148.048,0.00000,0.00000,0.00000,0.00000
148.080,0.00000,0.00000,0.00000,0.00000
148.110,0.00000,0.00000,0.00000,0.00000
148.141,0.00000,0.00000,0.00000,0.00000
148.173,0.00000,0.00000,0.00000,0.00000
148.204,0.00000,0.00000,0.00000,0.00000
148.235,0.00000,0.00000,0.00000,0.00000
148.266,0.00000,0.00000,0.00000,0.00000
148.297,0.00000,0.00000,0.00000,0.00000
148.329,0.00000,0.00000,0.00000,0.00000
148.361,0.00000,0.00000,0.00000,0.00000
148.391,0.00000,0.00000,0.00000,0.00000
148.423,0.00000,0.00000,0.00000,0.00000
148.455,0.00000,0.00000,0.00000,0.00000
148.485,0.00000,0.00000,0.00000,0.00000
148.516,0.00000,0.00000,0.00000,0.00000
148.547,0.00000,0.00000,0.00000,0.00000
148.579,0.00000,0.00000,0.00000,0.00000
148.610,0.00000,0.00000,0.00000,0.00000
148.641,0.00000,0.00000,0.00000,0.00000
148.673,0.00000,0.00000,0.00000,0.00000
148.704,0.00000,0.00000,0.00000,0.00000
148.735,0.00000,0.00000,0.00000,0.00000
148.767,0.00000,0.00000,0.00000,0.00000
148.799,0.00000,0.00000,0.00000,0.00000
148.831,0.00000,0.00000,0.00000,0.00000
148.863,0.00000,0.00000,0.00000,0.00000
148.894,0.00000,0.00000,0.00000,0.00000
148.925,0.00000,0.00000,0.00000,0.00000
148.956,0.00000,0.00000,0.00000,0.00000
148.987,0.00000,0.00000,0.00000,0.00000
149.019,0.00000,0.00000,0.00000,0.00000
149.050,0.00000,0.00000,0.00000,0.00000
149.081,0.00000,0.00000,0.00000,0.00000
149.112,0.00000,0.00000,0.00000,0.00000
149.143,0.00000,0.00000,0.00000,0.00000
149.175,0.00000,0.00000,0.00000,0.00000
149.206,0.00000,0.00000,0.00000,0.00000
149.238,0.00000,0.00000,0.00000,0.00000
149.269,0.00000,0.00000,0.00000,0.00000
149.302,0.00000,0.00000,0.00000,0.00000
149.331,0.00000,0.00000,0.00000,0.00000
149.362,0.00000,0.00000,0.00000,0.00000
149.393,0.00000,0.00000,0.00000,0.00000
149.425,0.00000,0.00000,0.00000,0.00000
149.456,0.00000,0.00000,0.00000,0.00000
149.487,0.00000,0.00000,0.00000,0.00000
149.517,0.00000,0.00000,0.00000,0.00000
149.548,0.00000,0.00000,0.00000,0.00000
149.579,0.00000,0.00000,0.00000,0.00000
149.610,0.00000,0.00000,0.00000,0.00000
149.642,0.00000,0.00000,0.00000,0.00000
149.673,0.00000,0.00000,0.00000,0.00000
149.705,0.00000,0.00000,0.00000,0.00000
149.736,0.00000,0.00000,0.00000,0.00000
149.767,0.00000,0.00000,0.00000,0.00000
149.798,0.00000,0.00000,0.00000,0.00000
149.830,0.00000,0.00000,0.00000,0.00000
149.861,0.00000,0.00000,0.00000,0.00000
149.892,0.00000,0.00000,0.00000,0.00000
149.922,0.00000,0.00000,0.00000,0.00000
149.953,0.00000,0.00000,0.00000,0.00000
149.984,0.00000,0.00000,0.00000,0.00000
150.015,0.00000,0.00000,0.00000,0.00000
150.046,0.00000,0.00000,0.00000,0.00000
150.076,0.00000,0.00000,0.00000,0.00000
150.107,0.00000,0.00000,0.00000,0.00000
150.138,0.00000,0.00000,0.00000,0.00000
150.169,0.00000,0.00000,0.00000,0.00000
150.200,0.00000,0.00000,0.00000,0.00000
150.231,0.00000,0.00000,0.00000,0.00000
150.263,0.00000,0.00000,0.00000,0.00000
150.293,0.00000,0.00000,0.00000,0.00000
150.325,0.00000,0.00000,0.00000,0.00000
150.356,0.00000,0.00000,0.00000,0.00000
150.388,0.00000,0.00000,0.00000,0.00000
150.418,0.00000,0.00000,0.00000,0.00000
150.449,0.00000,0.00000,0.00000,0.00000
150.481,0.00000,0.00000,0.00000,0.00000
150.511,0.00000,0.00000,0.00000,0.00000
150.542,0.00000,0.00000,0.00000,0.00000
150.574,0.00000,0.00000,0.00000,0.00000
150.604,0.00000,0.00000,0.00000,0.00000
150.636,0.00000,0.00000,0.00000,0.00000
150.667,0.00000,0.00000,0.00000,0.00000
150.698,0.00000,0.00000,0.00000,0.00000
150.730,0.00000,0.00000,0.00000,0.00000
150.761,0.00000,0.00000,0.00000,0.00000
150.792,0.00000,0.00000,0.00000,0.00000
150.823,0.00000,0.00000,0.00000,0.00000
150.855,0.00000,0.00000,0.00000,0.00000
150.885,0.00000,0.00000,0.00000,0.00000
150.917,0.00000,0.00000,0.00000,0.00000
150.948,0.00000,0.00000,0.00000,0.00000
150.979,0.00000,0.00000,0.00000,0.00000
151.010,0.00000,0.00000,0.00000,0.00000
151.041,0.00000,0.00000,0.00000,0.00000
151.072,0.00000,0.00000,0.00000,0.00000
151.103,0.00000,0.00000,0.00000,0.00000
151.134,0.00000,0.00000,0.00000,0.00000
151.164,0.00000,0.00000,0.00000,0.00000
151.211,0.00000,0.00000,0.00000,0.00000
151.258,0.00000,0.00000,0.00000,0.00000
151.290,0.00000,0.00000,0.00000,0.00000
151.321,0.00000,0.00000,0.00000,0.00000
151.367,0.00000,0.00000,0.00000,0.00000
151.413,0.00000,0.00000,0.00000,0.00000
151.460,0.00000,0.00000,0.00000,0.00000
151.507,0.00000,0.00000,0.00000,0.00000
151.538,0.00000,0.00000,0.00000,0.00000
151.569,0.00000,0.00000,0.00000,0.00000
151.599,0.00000,0.00000,0.00000,0.00000
151.630,0.00000,0.00000,0.00000,0.00000
151.661,0.00000,0.00000,0.00000,0.00000
151.692,0.00000,0.00000,0.00000,0.00000
151.723,0.00000,0.00000,0.00000,0.00000
151.754,0.00000,0.00000,0.00000,0.00000
151.784,0.00000,0.00000,0.00000,0.00000
151.816,0.00000,0.00000,0.00000,0.00000
151.847,0.00000,0.00000,0.00000,0.00000
151.880,0.00000,0.00000,0.00000,0.00000
151.910,0.00000,0.00000,0.00000,0.00000
151.942,0.00000,0.00000,0.00000,0.00000
151.973,0.00000,0.00000,0.00000,0.00000
152.004,0.00000,0.00000,0.00000,0.00000
152.035,0.00000,0.00000,0.00000,0.00000
152.066,0.00000,0.00000,0.00000,0.00000
152.097,0.00000,0.00000,0.00000,0.00000
152.128,0.00000,0.00000,0.00000,0.00000
152.159,0.00000,0.00000,0.00000,0.00000
152.190,0.00000,0.00000,0.00000,0.00000
152.223,0.00000,0.00000,0.00000,0.00000
152.252,0.00000,0.00000,0.00000,0.00000
152.283,0.00000,0.00000,0.00000,0.00000
152.315,0.00000,0.00000,0.00000,0.00000
152.346,0.00000,0.00000,0.00000,0.00000
152.376,0.00000,0.00000,0.00000,0.00000
152.407,0.00000,0.00000,0.00000,0.00000
152.438,0.00000,0.00000,0.00000,0.00000
152.469,0.00000,0.00000,0.00000,0.00000
152.500,0.00000,0.00000,0.00000,0.00000
152.532,0.00000,0.00000,0.00000,0.00000
152.563,0.00000,0.00000,0.00000,0.00000
152.594,0.00000,0.00000,0.00000,0.00000
152.625,0.00000,0.00000,0.00000,0.00000
152.655,0.00000,0.00000,0.00000,0.00000
152.688,0.00000,0.00000,0.00000,0.00000
152.718,0.00000,0.00000,0.00000,0.00000
152.749,0.00000,0.00000,0.00000,0.00000
152.780,0.00000,0.00000,0.00000,0.00000
152.810,0.00000,0.00000,0.00000,0.00000
152.842,0.00000,0.00000,0.00000,0.00000
152.872,0.00000,0.00000,0.00000,0.00000
152.903,0.00000,0.00000,0.00000,0.00000
152.935,0.00000,0.00000,0.00000,0.00000
152.966,0.00000,0.00000,0.00000,0.00000
152.997,0.00000,0.00000,0.00000,0.00000
153.028,0.00000,0.00000,0.00000,0.00000
153.059,0.00000,0.00000,0.00000,0.00000
153.090,0.00000,0.00000,0.00000,0.00000
153.122,0.00000,0.00000,0.00000,0.00000
153.153,0.00000,0.00000,0.00000,0.00000
153.185,0.00000,0.00000,0.00000,0.00000
153.216,0.00000,0.00000,0.00000,0.00000
153.247,0.00000,0.00000,0.00000,0.00000
153.278,0.00000,0.00000,0.00000,0.00000
153.309,0.00000,0.00000,0.00000,0.00000
153.340,0.00000,0.00000,0.00000,0.00000
153.372,0.00000,0.00000,0.00000,0.00000
153.403,0.00000,0.00000,0.00000,0.00000
153.433,0.00000,0.00000,0.00000,0.00000
153.464,0.00000,0.00000,0.00000,0.00000
153.495,0.00000,0.00000,0.00000,0.00000
153.526,0.00000,0.00000,0.00000,0.00000
153.558,0.00000,0.00000,0.00000,0.00000
153.589,0.00000,0.00000,0.00000,0.00000
153.621,0.00000,0.00000,0.00000,0.00000
153.652,0.00000,0.00000,0.00000,0.00000
153.684,0.00000,0.00000,0.00000,0.00000
153.715,0.00000,0.00000,0.00000,0.00000
153.746,0.00000,0.00000,0.00000,0.00000
153.777,0.00000,0.00000,0.00000,0.00000
153.809,0.00000,0.00000,0.00000,0.00000
153.839,0.00000,0.00000,0.00000,0.00000
153.870,0.00000,0.00000,0.00000,0.00000
153.901,0.00000,0.00000,0.00000,0.00000
153.932,0.00000,0.00000,0.00000,0.00000
153.963,0.00000,0.00000,0.00000,0.00000
153.995,0.00000,0.00000,0.00000,0.00000
154.026,0.00000,0.00000,0.00000,0.00000
154.057,0.00000,0.00000,0.00000,0.00000
154.088,0.00000,0.00000,0.00000,0.00000
154.119,0.00000,0.00000,0.00000,0.00000
154.151,0.00000,0.00000,0.00000,0.00000
154.182,0.00000,0.00000,0.00000,0.00000
154.213,0.00000,0.00000,0.00000,0.00000
154.243,0.00000,0.00000,0.00000,0.00000
154.275,0.00000,0.00000,0.00000,0.00000
154.306,0.00000,0.00000,0.00000,0.00000
154.337,0.00000,0.00000,0.00000,0.00000
154.368,0.00000,0.00000,0.00000,0.00000
154.400,0.00000,0.00000,0.00000,0.00000
154.431,0.00000,0.00000,0.00000,0.00000
154.464,0.00000,0.00000,0.00000,0.00000
154.495,0.00000,0.00000,0.00000,0.00000
154.525,0.00000,0.00000,0.00000,0.00000
154.556,0.00000,0.00000,0.00000,0.00000
154.588,0.00000,0.00000,0.00000,0.00000
154.620,0.00000,0.00000,0.00000,0.00000
154.651,0.00000,0.00000,0.00000,0.00000
154.682,0.00000,0.00000,0.00000,0.00000
154.713,0.00000,0.00000,0.00000,0.00000
154.745,0.00000,0.00000,0.00000,0.00000
154.776,0.00000,0.00000,0.00000,0.00000
154.807,0.00000,0.00000,0.00000,0.00000
154.839,0.00000,0.00000,0.00000,0.00000
154.871,0.00000,0.00000,0.00000,0.00000
154.901,0.00000,0.00000,0.00000,0.00000
154.932,0.00000,0.00000,0.00000,0.00000
154.963,0.00000,0.00000,0.00000,0.00000
154.995,0.00000,0.00000,0.00000,0.00000
155.025,0.00000,0.00000,0.00000,0.00000
155.056,0.00000,0.00000,0.00000,0.00000
155.087,0.00000,0.00000,0.00000,0.00000
155.118,0.00000,0.00000,0.00000,0.00000
155.149,0.00000,0.00000,0.00000,0.00000
155.195,0.00000,0.00000,0.00000,0.00000
155.242,0.00000,0.00000,0.00000,0.00000
155.288,0.00000,0.00000,0.00000,0.00000
155.319,0.00000,0.00000,0.00000,0.00000
155.351,0.00000,0.00000,0.00000,0.00000
155.382,0.00000,0.00000,0.00000,0.00000
155.429,0.00000,0.00000,0.00000,0.00000
155.460,0.00000,0.00000,0.00000,0.00000
155.491,0.00000,0.00000,0.00000,0.00000
155.522,0.00000,0.00000,0.00000,0.00000
155.553,0.00000,0.00000,0.00000,0.00000
155.583,0.00000,0.00000,0.00000,0.00000
155.615,0.00000,0.00000,0.00000,0.00000
155.646,0.00000,0.00000,0.00000,0.00000
155.677,0.00000,0.00000,0.00000,0.00000
155.709,0.00000,0.00000,0.00000,0.00000
155.740,0.00000,0.00000,0.00000,0.00000
155.770,0.00000,0.00000,0.00000,0.00000
155.801,0.00000,0.00000,0.00000,0.00000
155.833,0.00000,0.00000,0.00000,0.00000
155.865,0.00000,0.00000,0.00000,0.00000
155.896,0.00000,0.00000,0.00000,0.00000
155.927,0.00000,0.00000,0.00000,0.00000
155.959,0.00000,0.00000,0.00000,0.00000
155.990,0.00000,0.00000,0.00000,0.00000
156.021,0.00000,0.00000,0.00000,0.00000
156.052,0.00000,0.00000,0.00000,0.00000
156.083,0.00000,0.00000,0.00000,0.00000
156.114,0.00000,0.00000,0.00000,0.00000
156.145,0.00000,0.00000,0.00000,0.00000
156.176,0.00000,0.00000,0.00000,0.00000
156.207,0.00000,0.00000,0.00000,0.00000
156.238,0.00000,0.00000,0.00000,0.00000
156.269,0.00000,0.00000,0.00000,0.00000
156.300,0.00000,0.00000,0.00000,0.00000
156.331,0.00000,0.00000,0.00000,0.00000
156.363,0.00000,0.00000,0.00000,0.00000
156.395,0.00000,0.00000,0.00000,0.00000
156.427,0.00000,0.00000,0.00000,0.00000
156.458,0.00000,0.00000,0.00000,0.00000
156.489,0.00000,0.00000,0.00000,0.00000
156.519,0.00000,0.00000,0.00000,0.00000
156.551,0.00000,0.00000,0.00000,0.00000
156.581,0.00000,0.00000,0.00000,0.00000
156.613,0.00000,0.00000,0.00000,0.00000
156.645,0.00000,0.00000,0.00000,0.00000
156.676,0.00000,0.00000,0.00000,0.00000
156.707,0.00000,0.00000,0.00000,0.00000
156.738,0.00000,0.00000,0.00000,0.00000
156.770,0.00000,0.00000,0.00000,0.00000
156.801,0.00000,0.00000,0.00000,0.00000
156.832,0.00000,0.00000,0.00000,0.00000
156.863,0.00000,0.00000,0.00000,0.00000
156.895,0.00000,0.00000,0.00000,0.00000
156.926,0.00000,0.00000,0.00000,0.00000
156.957,0.00000,0.00000,0.00000,0.00000
156.988,0.00000,0.00000,0.00000,0.00000
157.019,0.00000,0.00000,0.00000,0.00000
157.049,0.00000,0.00000,0.00000,0.00000
157.081,0.00000,0.00000,0.00000,0.00000
157.112,0.00000,0.00000,0.00000,0.00000
157.143,0.00000,0.00000,0.00000,0.00000
157.173,0.00000,0.00000,0.00000,0.00000
157.204,0.00000,0.00000,0.00000,0.00000
157.235,0.00000,0.00000,0.00000,0.00000
157.266,0.00000,0.00000,0.00000,0.00000
157.297,0.00000,0.00000,0.00000,0.00000
157.328,0.00000,0.00000,0.00000,0.00000
157.358,0.00000,0.00000,0.00000,0.00000
157.389,0.00000,0.00000,0.00000,0.00000
157.420,0.00000,0.00000,0.00000,0.00000
157.451,0.00000,0.00000,0.00000,0.00000
157.481,0.00000,0.00000,0.00000,0.00000
157.512,0.00000,0.00000,0.00000,0.00000
157.543,0.00000,0.00000,0.00000,0.00000
157.574,0.00000,0.00000,0.00000,0.00000
157.605,0.00000,0.00000,0.00000,0.00000
157.636,0.00000,0.00000,0.00000,0.00000
157.667,0.00000,0.00000,0.00000,0.00000
157.697,0.00000,0.00000,0.00000,0.00000
157.729,0.00000,0.00000,0.00000,0.00000
157.760,0.00000,0.00000,0.00000,0.00000
157.792,0.00000,0.00000,0.00000,0.00000
157.823,0.00000,0.00000,0.00000,0.00000
157.855,0.00000,0.00000,0.00000,0.00000
157.885,0.00000,0.00000,0.00000,0.00000
157.916,0.00000,0.00000,0.00000,0.00000
157.947,0.00000,0.00000,0.00000,0.00000
157.978,0.00000,0.00000,0.00000,0.00000
158.009,0.00000,0.00000,0.00000,0.00000
158.040,0.00000,0.00000,0.00000,0.00000
158.072,0.00000,0.00000,0.00000,0.00000
158.103,0.00000,0.00000,0.00000,0.00000
158.135,0.00000,0.00000,0.00000,0.00000
158.165,0.00000,0.00000,0.00000,0.00000
158.197,0.00000,0.00000,0.00000,0.00000
158.227,0.00000,0.00000,0.00000,0.00000
158.273,0.00000,0.00000,0.00000,0.00000
158.305,0.00000,0.00000,0.00000,0.00000
158.352,0.00000,0.00000,0.00000,0.00000
158.384,0.00000,0.00000,0.00000,0.00000
158.415,0.00000,0.00000,0.00000,0.00000
158.446,0.00000,0.00000,0.00000,0.00000
158.477,0.00000,0.00000,0.00000,0.00000
158.509,0.00000,0.00000,0.00000,0.00000
158.541,0.00000,0.00000,0.00000,0.00000
158.573,0.00000,0.00000,0.00000,0.00000
158.604,0.00000,0.00000,0.00000,0.00000
158.635,0.00000,0.00000,0.00000,0.00000
158.666,0.00000,0.00000,0.00000,0.00000
158.696,0.00000,0.00000,0.00000,0.00000
158.728,0.00000,0.00000,0.00000,0.00000
158.759,0.00000,0.00000,0.00000,0.00000
158.790,0.00000,0.00000,0.00000,0.00000
158.822,0.00000,0.00000,0.00000,0.00000
158.852,0.00000,0.00000,0.00000,0.00000
158.883,0.00000,0.00000,0.00000,0.00000
158.915,0.00000,0.00000,0.00000,0.00000
158.947,0.00000,0.00000,0.00000,0.00000
158.978,0.00000,0.00000,0.00000,0.00000
159.009,0.00000,0.00000,0.00000,0.00000
159.040,0.00000,0.00000,0.58302,0.39518
159.071,0.00000,0.00000,1.00000,1.00000
159.102,0.00000,0.00000,1.00000,1.00000
159.134,0.00000,0.00000,1.00000,1.00000
159.165,0.00000,0.00000,1.00000,1.00000
159.197,0.00000,0.00000,1.00000,1.00000
159.228,0.00000,0.00000,1.00000,1.00000
159.259,0.00000,0.00000,1.00000,1.00000
159.290,0.00000,0.00000,1.00000,1.00000
159.321,0.00000,0.00000,0.87845,0.35966
159.352,0.00000,0.00000,1.00000,1.00000
159.383,0.00000,0.00000,1.00000,1.00000
159.429,0.00000,0.00000,1.00000,1.00000
159.460,0.00000,0.00000,1.00000,1.00000
159.492,0.00000,0.00000,1.00000,1.00000
159.522,0.00000,0.00000,1.00000,1.00000
159.553,0.00000,0.00000,1.00000,1.00000
159.585,0.00000,0.00000,1.00000,1.00000
159.616,0.00000,0.00000,0.62634,0.15683
159.647,0.00000,0.00000,0.09955,0.07636
159.678,0.00000,0.00000,1.00000,1.00000
159.710,0.00000,0.00000,1.00000,1.00000
159.742,0.00000,0.00000,1.00000,1.00000
159.789,0.00000,0.00000,1.00000,1.00000
159.821,0.00000,0.00000,1.00000,1.00000
159.867,0.00000,0.00000,1.00000,1.00000
159.914,0.00000,0.00000,1.00000,1.00000
159.960,0.00000,0.00000,0.75686,0.39518
159.991,0.00000,0.00000,1.00000,1.00000
160.022,0.00000,0.00000,1.00000,1.00000
160.053,0.00000,0.00000,1.00000,1.00000
160.085,0.00000,0.00000,1.00000,1.00000
160.116,0.00000,0.00000,1.00000,1.00000
160.148,0.00000,0.00000,1.00000,1.00000
160.179,0.00000,0.00000,1.00000,1.00000
160.226,0.00000,0.00000,1.00000,1.00000
160.274,0.00000,0.00000,0.10619,0.07636
160.305,0.00000,0.00000,1.00000,1.00000
160.337,0.00000,0.00000,1.00000,1.00000
160.383,0.00000,0.00000,1.00000,1.00000
160.415,0.00000,0.00000,1.00000,1.00000
160.446,0.00000,0.00000,1.00000,1.00000
160.478,0.00000,0.00000,1.00000,1.00000
160.509,0.00000,0.00000,1.00000,1.00000
160.540,0.00000,0.00000,1.00000,1.00000
160.572,0.00000,0.00000,0.19186,0.14175
160.602,0.00000,0.00000,1.00000,1.00000
160.633,0.00000,0.00000,1.00000,1.00000
160.665,0.00000,0.00000,1.00000,1.00000
160.711,0.00000,0.00000,1.00000,1.00000
160.758,0.00000,0.00000,1.00000,1.00000
160.804,0.00000,0.00000,1.00000,1.00000
160.851,0.00000,0.00000,1.00000,1.00000
160.882,0.00000,0.00000,0.00000,0.00000
160.913,0.00000,0.00000,0.00000,0.00000
160.945,0.00000,0.00000,0.00000,0.00000
160.992,0.00000,0.00000,0.00000,0.00000
161.024,0.00000,0.00000,0.00000,0.00000
161.071,0.00000,0.00000,0.00000,0.00000
161.102,0.00000,0.00000,0.00000,0.00000
161.133,0.00000,0.00000,0.00000,0.00000
161.165,0.00000,0.00000,0.00000,0.00000
161.211,0.00000,0.00000,0.00000,0.00000
161.258,0.00000,0.00000,0.00000,0.00000
161.304,0.00000,0.00000,0.00000,0.00000
161.335,0.00000,0.00000,0.00000,0.00000
161.367,0.00000,0.00000,0.00000,0.00000
161.397,0.00000,0.00000,0.00000,0.00000
161.428,0.00000,0.00000,0.00000,0.00000
161.459,0.00000,0.00000,0.00000,0.00000
161.491,0.00000,0.00000,0.00000,0.00000
161.522,0.00000,0.00000,0.00000,0.00000
161.553,0.00000,0.00000,0.00000,0.00000
161.584,0.00000,0.00000,0.00000,0.00000
161.615,0.00000,0.00000,0.00000,0.00000
161.647,0.00000,0.00000,0.00000,0.00000
161.678,0.00000,0.00000,0.00000,0.00000
161.708,0.00000,0.00000,0.00000,0.00000
161.739,0.00000,0.00000,0.00000,0.00000
161.770,0.00000,0.00000,0.00000,0.00000
161.802,0.00000,0.00000,0.00000,0.00000
161.833,0.00000,0.00000,0.00000,0.00000
161.865,0.00000,0.00000,0.00000,0.00000
161.895,0.00000,0.00000,0.00000,0.00000
161.927,0.00000,0.00000,0.00000,0.00000
161.957,0.00000,0.00000,0.00000,0.00000
161.989,0.00000,0.00000,0.00000,0.00000
162.021,0.00000,0.00000,0.00000,0.00000
162.052,0.00000,0.00000,0.00000,0.00000
162.083,0.00000,0.00000,0.00000,0.00000
162.114,0.00000,0.00000,0.00000,0.00000
162.145,0.00000,0.00000,0.00000,0.00000
162.177,0.00000,0.00000,0.00000,0.00000
162.208,0.00000,0.00000,0.00000,0.00000
162.239,0.00000,0.00000,0.00000,0.00000
162.269,0.00000,0.00000,0.00000,0.00000
162.301,0.00000,0.00000,0.00000,0.00000
162.332,0.00000,0.00000,0.00000,0.00000
162.363,0.00000,0.00000,0.00000,0.00000
162.395,0.00000,0.00000,0.00000,0.00000
162.426,0.00000,0.00000,0.00000,0.00000
162.456,0.00000,0.00000,0.00000,0.00000
162.488,0.00000,0.00000,0.00000,0.00000
162.519,0.00000,0.00000,0.00000,0.00000
162.551,0.00000,0.00000,0.00000,0.00000
162.582,0.00000,0.00000,0.00000,0.00000
162.613,0.00000,0.00000,0.00000,0.00000
162.643,0.00000,0.00000,0.00000,0.00000
162.675,0.00000,0.00000,0.00000,0.00000
162.706,0.00000,0.00000,0.00000,0.00000
162.737,0.00000,0.00000,0.00000,0.00000
162.768,0.00000,0.00000,0.00000,0.00000
162.799,0.00000,0.00000,0.00000,0.00000
162.831,0.00000,0.00000,0.00000,0.00000
162.862,0.00000,0.00000,0.00000,0.00000
162.893,0.00000,0.00000,0.00000,0.00000
162.925,0.00000,0.00000,0.00000,0.00000
162.956,0.00000,0.00000,0.00000,0.00000
162.988,0.00000,0.00000,0.00000,0.00000
163.020,0.00000,0.00000,0.00000,0.00000
163.051,0.00000,0.00000,0.00000,0.00000
163.082,0.00000,0.00000,0.00000,0.00000
163.113,0.00000,0.00000,0.00000,0.00000
163.145,0.00000,0.00000,0.00000,0.00000
163.176,0.00000,0.00000,0.00000,0.00000
163.207,0.00000,0.00000,0.00000,0.00000
163.239,0.00000,0.00000,0.00000,0.00000
163.271,0.00000,0.00000,0.00000,0.00000
163.302,0.00000,0.00000,0.00000,0.00000
163.333,0.00000,0.00000,0.00000,0.00000
163.365,0.00000,0.00000,0.00000,0.00000
163.396,0.00000,0.00000,0.00000,0.00000
163.428,0.00000,0.00000,0.00000,0.00000
163.459,0.00000,0.00000,0.00000,0.00000
163.491,0.00000,0.00000,0.00000,0.00000
163.522,0.00000,0.00000,0.00000,0.00000
163.553,0.00000,0.00000,0.00000,0.00000
163.585,0.00000,0.00000,0.00000,0.00000
163.616,0.00000,0.00000,0.00000,0.00000
163.648,0.00000,0.00000,0.00000,0.00000
163.679,0.00000,0.00000,0.00000,0.00000
163.725,0.00000,0.00000,0.00000,0.00000
163.757,0.00000,0.00000,0.00000,0.00000
163.788,0.00000,0.00000,0.00000,0.00000
163.819,0.00000,0.00000,0.00000,0.00000
163.850,0.00000,0.00000,0.00000,0.00000
163.882,0.00000,0.00000,0.00000,0.00000
163.913,0.00000,0.00000,0.00000,0.00000
163.944,0.00000,0.00000,0.00000,0.00000
163.976,0.00000,0.00000,0.00000,0.00000
164.008,0.00000,0.00000,0.00000,0.00000
164.055,0.00000,0.00000,0.00000,0.00000
164.086,0.00000,0.00000,0.00000,0.00000
164.118,0.00000,0.00000,0.00000,0.00000
164.164,0.00000,0.00000,0.00000,0.00000
164.195,0.00000,0.00000,0.00000,0.00000
164.242,0.00000,0.00000,0.00000,0.00000
164.273,0.00000,0.00000,0.00000,0.00000
164.319,0.00000,0.00000,0.00000,0.00000
164.351,0.00000,0.00000,0.00000,0.00000
164.398,0.00000,0.00000,0.00000,0.00000
164.445,0.00000,0.00000,0.00000,0.00000
164.476,0.00000,0.00000,0.00000,0.00000
164.524,0.00000,0.00000,0.00000,0.00000
164.571,0.00000,0.00000,0.00000,0.00000
164.602,0.00000,0.00000,0.00000,0.00000
164.633,0.00000,0.00000,0.00000,0.00000
164.665,0.00000,0.00000,0.00000,0.00000
164.696,0.00000,0.00000,0.00000,0.00000
164.728,0.00000,0.00000,0.00000,0.00000
164.759,0.00000,0.00000,0.00000,0.00000
164.790,0.00000,0.00000,0.00000,0.00000
164.821,0.00000,0.00000,0.00000,0.00000
164.868,0.00000,0.00000,0.00000,0.00000
164.914,0.00000,0.00000,0.00000,0.00000
164.961,0.00000,0.00000,0.00000,0.00000
165.007,0.00000,0.00000,0.00000,0.00000
165.039,0.00000,0.00000,0.00000,0.00000
165.069,0.00000,0.00000,0.00000,0.00000
165.100,0.00000,0.00000,0.00000,0.00000
165.132,0.00000,0.00000,0.00000,0.00000
165.163,0.00000,0.00000,0.00000,0.00000
165.195,0.00000,0.00000,0.00000,0.00000
165.226,0.00000,0.00000,0.00000,0.00000
165.273,0.00000,0.00000,0.00000,0.00000
165.320,0.00000,0.00000,0.00000,0.00000
165.368,0.00000,0.00000,0.00000,0.00000
165.399,0.00000,0.00000,0.00000,0.00000
165.431,0.00000,0.00000,0.00000,0.00000
165.462,0.00000,0.00000,0.00000,0.00000
165.493,0.00000,0.00000,0.00000,0.00000
165.538,0.00000,0.00000,0.00000,0.00000
165.571,0.00000,0.00000,0.00000,0.00000
165.617,0.00000,0.00000,0.00000,0.00000
165.663,0.00000,0.00000,0.00000,0.00000
165.695,0.00000,0.00000,0.00000,0.00000
165.742,0.00000,0.00000,0.00000,0.00000
165.773,0.00000,0.00000,0.00000,0.00000
165.804,0.00000,0.00000,0.00000,0.00000
165.835,0.00000,0.00000,0.00000,0.00000
165.867,0.00000,0.00000,0.00000,0.00000
165.898,0.00000,0.00000,0.00000,0.00000
165.929,0.00000,0.00000,0.00000,0.00000
165.961,0.00000,0.00000,0.00000,0.00000
166.007,0.00000,0.00000,0.00000,0.00000
166.053,0.00000,0.00000,0.00000,0.00000
166.086,0.00000,0.00000,0.00000,0.00000
166.132,0.00000,0.00000,0.00000,0.00000
166.163,0.00000,0.00000,0.00000,0.00000
166.194,0.00000,0.00000,0.00000,0.00000
166.225,0.00000,0.00000,0.00000,0.00000
166.256,0.00000,0.00000,0.00000,0.00000
166.286,0.00000,0.00000,0.00000,0.00000
166.317,0.00000,0.00000,0.00000,0.00000
166.349,0.00000,0.00000,0.00000,0.00000
166.381,0.00000,0.00000,0.00000,0.00000
166.412,0.00000,0.00000,0.00000,0.00000
166.443,0.00000,0.00000,0.00000,0.00000
166.475,0.00000,0.00000,0.00000,0.00000
166.506,0.00000,0.00000,0.00000,0.00000
166.538,0.00000,0.00000,0.00000,0.00000
166.569,0.00000,0.00000,0.00000,0.00000
166.600,0.00000,0.00000,0.00000,0.00000
166.630,0.00000,0.00000,0.00000,0.00000
166.662,0.00000,0.00000,0.00000,0.00000
166.694,0.00000,0.00000,0.00000,0.00000
166.725,0.00000,0.00000,0.00000,0.00000
166.756,0.00000,0.00000,0.00000,0.00000
166.787,0.00000,0.00000,0.00000,0.00000
166.818,0.00000,0.00000,0.00000,0.00000
166.850,0.00000,0.00000,0.00000,0.00000
166.881,0.00000,0.00000,0.00000,0.00000
166.912,0.00000,0.00000,0.00000,0.00000
166.943,0.00000,0.00000,0.00000,0.00000
166.975,0.00000,0.00000,0.00000,0.00000
167.005,0.00000,0.00000,0.00000,0.00000
167.036,0.00000,0.00000,0.00000,0.00000
167.067,0.00000,0.00000,0.00000,0.00000
167.098,0.00000,0.00000,0.00000,0.00000
167.129,0.00000,0.00000,0.00000,0.00000
167.160,0.00000,0.00000,0.00000,0.00000
167.191,0.00000,0.00000,0.00000,0.00000
167.222,0.00000,0.00000,0.00000,0.00000
167.253,0.00000,0.00000,0.00000,0.00000
167.283,0.00000,0.00000,0.00000,0.00000
167.314,0.00000,0.00000,0.00000,0.00000
167.346,0.00000,0.00000,0.00000,0.00000
167.378,0.00000,0.00000,0.00000,0.00000
167.409,0.00000,0.00000,0.00000,0.00000
167.439,0.00000,0.00000,0.00000,0.00000
167.471,0.00000,0.00000,0.00000,0.00000
167.502,0.00000,0.00000,0.00000,0.00000
167.533,0.00000,0.00000,0.00000,0.00000
167.564,0.00000,0.00000,0.00000,0.00000
167.595,0.00000,0.00000,0.00000,0.00000
167.626,0.00000,0.00000,0.00000,0.00000
167.658,0.00000,0.00000,0.00000,0.00000
167.689,0.00000,0.00000,0.00000,0.00000
167.720,0.00000,0.00000,0.00000,0.00000
167.750,0.00000,0.00000,0.00000,0.00000
167.781,0.00000,0.00000,0.00000,0.00000
167.812,0.00000,0.00000,0.00000,0.00000
167.844,0.00000,0.00000,0.00000,0.00000
167.875,0.00000,0.00000,0.00000,0.00000
167.905,0.00000,0.00000,0.00000,0.00000
167.937,0.00000,0.00000,0.00000,0.00000
167.968,0.00000,0.00000,0.00000,0.00000
167.999,0.00000,0.00000,0.00000,0.00000
168.031,0.00000,0.00000,0.00000,0.00000
168.062,0.00000,0.00000,0.00000,0.00000
168.094,0.00000,0.00000,0.00000,0.00000
168.124,0.00000,0.00000,0.00000,0.00000
168.155,0.00000,0.00000,0.00000,0.00000
168.186,0.00000,0.00000,0.00000,0.00000
168.217,0.00000,0.00000,0.00000,0.00000
168.248,0.00000,0.00000,0.00000,0.00000
168.279,0.00000,0.00000,0.00000,0.00000
168.311,0.00000,0.00000,0.00000,0.00000
168.342,0.00000,0.00000,0.00000,0.00000
168.372,0.00000,0.00000,0.00000,0.00000
168.403,0.00000,0.00000,0.00000,0.00000
168.435,0.00000,0.00000,0.00000,0.00000
168.465,0.00000,0.00000,0.00000,0.00000
168.496,0.00000,0.00000,0.00000,0.00000
168.528,0.00000,0.00000,0.00000,0.00000
168.560,0.00000,0.00000,0.00000,0.00000
168.591,0.00000,0.00000,0.00000,0.00000
168.622,0.00000,0.00000,0.00000,0.00000
168.653,0.00000,0.00000,0.00000,0.00000
168.683,0.00000,0.00000,0.00000,0.00000
168.715,0.00000,0.00000,0.02701,0.02688
168.746,0.00000,0.00000,0.57001,0.57537
168.777,0.00000,0.00000,1.00000,1.00000
168.808,0.00000,0.00000,1.00000,1.00000
168.839,0.00000,0.00000,1.00000,1.00000
168.869,0.00000,0.00000,1.00000,1.00000
168.901,0.00000,0.00000,1.00000,1.00000
168.932,0.00000,0.00000,1.00000,1.00000
168.964,0.00000,0.00000,1.00000,1.00000
168.995,0.00000,0.00000,1.00000,1.00000
169.026,0.00000,0.00000,1.00000,1.00000
169.057,0.00000,0.00000,1.00000,1.00000
169.088,0.00000,0.00000,1.00000,1.00000
169.119,0.00000,0.00000,1.00000,1.00000
169.151,0.00000,0.00000,0.62344,0.59294
169.182,0.00000,0.00000,0.00000,0.00000
169.213,0.00000,0.00000,0.00000,0.00000
169.245,0.00000,0.00000,0.00000,0.00000
169.276,0.00000,0.00000,0.00000,0.00000
169.307,0.00000,0.00000,0.00000,0.00000
169.337,0.00000,0.00000,0.00000,0.00000
169.369,0.00000,0.00000,0.00000,0.00000
169.400,0.00000,0.00000,0.00000,0.00000
169.432,0.00000,0.00000,0.00000,0.00000
169.463,0.00000,0.00000,0.00000,0.00000
169.494,0.00000,0.00000,0.00000,0.00000
169.525,0.00000,0.00000,0.00000,0.00000
169.556,0.00000,0.00000,0.00000,0.00000
169.587,0.00000,0.00000,0.00000,0.00000
169.621,0.00000,0.00000,0.00000,0.00000
169.653,0.00000,0.00000,0.00000,0.00000
169.723,0.00000,0.00000,0.00000,0.00000
169.777,0.00000,0.00000,0.00000,0.00000
169.823,0.00000,0.00000,0.00000,0.00000
169.871,0.00000,0.00000,0.00000,0.00000
169.911,0.00000,0.00000,0.00000,0.00000
169.958,0.00000,0.00000,0.00000,0.00000
169.996,0.00000,0.00000,0.00000,0.00000
170.029,0.00000,0.00000,0.00000,0.00000
170.055,0.00000,0.00000,0.00000,0.00000
170.113,0.00000,0.00000,0.00000,0.00000
170.149,0.00000,0.00000,0.00000,0.00000
170.181,0.00000,0.00000,0.00000,0.00000
170.227,0.00000,0.00000,0.00000,0.00000
170.274,0.00000,0.00000,0.00000,0.00000
170.321,0.00000,0.00000,0.00000,0.00000
170.355,0.00000,0.00000,0.00000,0.00000
170.386,0.00000,0.00000,0.00000,0.00000
170.415,0.00000,0.00000,0.00000,0.00000
170.446,0.00000,0.00000,0.00000,0.00000
170.478,0.00000,0.00000,0.00000,0.00000
170.509,0.00000,0.00000,0.00000,0.00000
170.541,0.00000,0.00000,0.00000,0.00000
170.572,0.00000,0.00000,0.00000,0.00000
170.604,0.00000,0.00000,0.00000,0.00000
170.635,0.00000,0.00000,0.00000,0.00000
170.666,0.00000,0.00000,0.00000,0.00000
170.697,0.00000,0.00000,0.00000,0.00000
170.728,0.00000,0.00000,0.00000,0.00000
170.759,0.00000,0.00000,0.00000,0.00000
170.789,0.00000,0.00000,0.00000,0.00000
170.835,0.00000,0.00000,0.00000,0.00000
170.882,0.00000,0.00000,0.00000,0.00000
170.913,0.00000,0.00000,0.00000,0.00000
170.945,0.00000,0.00000,0.00000,0.00000
170.992,0.00000,0.00000,0.00000,0.00000
171.039,0.00000,0.00000,0.00000,0.00000
171.071,0.00000,0.00000,0.00000,0.00000
171.103,0.00000,0.00000,0.00000,0.00000
171.133,0.00000,0.00000,0.00000,0.00000
171.165,0.00000,0.00000,0.00000,0.00000
171.196,0.00000,0.00000,0.00000,0.00000
171.228,0.00000,0.00000,0.00000,0.00000
171.260,0.00000,0.00000,0.00000,0.00000
171.291,0.00000,0.00000,0.00000,0.00000
171.322,0.00000,0.00000,0.00000,0.00000
171.354,0.00000,0.00000,0.00000,0.00000
171.384,0.00000,0.00000,0.00000,0.00000
171.415,0.00000,0.00000,0.00000,0.00000
171.446,0.00000,0.00000,0.00000,0.00000
171.478,0.00000,0.00000,0.00000,0.00000
171.509,0.00000,0.00000,0.00000,0.00000
171.540,0.00000,0.00000,0.00000,0.00000
171.572,0.00000,0.00000,0.00000,0.00000
171.603,0.00000,0.00000,0.00000,0.00000
171.635,0.00000,0.00000,0.00000,0.00000
171.665,0.00000,0.00000,0.00000,0.00000
171.712,0.00000,0.00000,0.00000,0.00000
171.751,0.00000,0.00000,0.00000,0.00000
171.789,0.00000,0.00000,0.00000,0.00000
171.835,0.00000,0.00000,0.00000,0.00000
171.882,0.00000,0.00000,0.00000,0.00000
171.913,0.00000,0.00000,0.00000,0.00000
171.944,0.00000,0.00000,0.00000,0.00000
171.991,0.00000,0.00000,0.00000,0.00000
172.023,0.00000,0.00000,0.00000,0.00000
172.055,0.00000,0.00000,0.00000,0.00000
172.086,0.00000,0.00000,0.00000,0.00000
172.133,0.00000,0.00000,0.00000,0.00000
172.180,0.00000,0.00000,0.00000,0.00000
172.212,0.00000,0.00000,0.00000,0.00000
172.258,0.00000,0.00000,0.00000,0.00000
172.291,0.00000,0.00000,0.00000,0.00000
172.321,0.00000,0.00000,0.00000,0.00000
172.352,0.00000,0.00000,0.00000,0.00000
172.384,0.00000,0.00000,0.00000,0.00000
172.416,0.00000,0.00000,0.00000,0.00000
172.461,0.00000,0.00000,0.00000,0.00000
172.508,0.00000,0.00000,0.00000,0.00000
172.554,0.00000,0.00000,0.00000,0.00000
172.585,0.00000,0.00000,0.00000,0.00000
172.616,0.00000,0.00000,0.00000,0.00000
172.648,0.00000,0.00000,0.00000,0.00000
172.695,0.00000,0.00000,0.00000,0.00000
172.740,0.00000,0.00000,0.00000,0.00000
172.771,0.00000,0.00000,0.00000,0.00000
172.802,0.00000,0.00000,0.00000,0.00000
172.832,0.00000,0.00000,0.00000,0.00000
172.864,0.00000,0.00000,0.00000,0.00000
172.895,0.00000,0.00000,0.00000,0.00000
172.927,0.00000,0.00000,0.00000,0.00000
172.958,0.00000,0.00000,0.00000,0.00000
172.988,0.00000,0.00000,0.00000,0.00000
173.020,0.00000,0.00000,0.00000,0.00000
173.050,0.00000,0.00000,0.00000,0.00000
173.082,0.00000,0.00000,0.00000,0.00000
173.113,0.00000,0.00000,0.00000,0.00000
173.144,0.00000,0.00000,0.00000,0.00000
173.176,0.00000,0.00000,0.00000,0.00000
173.206,0.00000,0.00000,0.00000,0.00000
173.237,0.00000,0.00000,0.00000,0.00000
173.269,0.00000,0.00000,0.00000,0.00000
173.300,0.00000,0.00000,0.00000,0.00000
173.330,0.00000,0.00000,0.00000,0.00000
173.362,0.00000,0.00000,0.00000,0.00000
173.394,0.00000,0.00000,0.00000,0.00000
173.424,0.00000,0.00000,0.00000,0.00000
173.458,0.00000,0.00000,0.00000,0.00000
173.486,0.00000,0.00000,0.00000,0.00000
173.517,0.00000,0.00000,0.00000,0.00000
173.549,0.00000,0.00000,0.00000,0.00000
173.595,0.00000,0.00000,0.00000,0.00000
173.625,0.00000,0.00000,0.00000,0.00000
173.656,0.00000,0.00000,0.00000,0.00000
173.687,0.00000,0.00000,0.00000,0.00000
173.718,0.00000,0.00000,0.00000,0.00000
173.749,0.00000,0.00000,0.00114,0.00023
173.781,0.00000,0.00000,0.48341,0.36046
173.811,0.00000,0.00000,0.97887,0.90296
173.843,0.00000,0.00000,1.00000,1.00000
173.874,0.00000,0.00000,1.00000,1.00000
173.905,0.00000,0.00000,1.00000,1.00000
173.936,0.00000,0.00000,1.00000,1.00000
173.967,0.00000,0.00000,1.00000,1.00000
173.998,0.00000,0.00000,1.00000,1.00000
174.029,0.00000,0.00000,1.00000,1.00000
174.061,0.00000,0.00000,1.00000,1.00000
174.092,0.00000,0.00000,1.00000,1.00000
174.123,0.00000,0.00000,1.00000,1.00000
174.154,0.00000,0.00000,1.00000,1.00000
174.185,0.00000,0.00000,1.00000,1.00000
174.216,0.00000,0.00000,0.35565,0.13350
174.247,0.00000,0.00000,0.00000,0.00000
174.278,0.00000,0.00000,0.00000,0.00000
174.309,0.00000,0.00000,0.00000,0.00000
174.340,0.00000,0.00000,0.00000,0.00000
174.372,0.00000,0.00000,0.00000,0.00000
174.404,0.00000,0.00000,0.00000,0.00000
174.435,0.00000,0.00000,0.00000,0.00000
174.467,0.00000,0.00000,0.00000,0.00000
174.498,0.00000,0.00000,0.00000,0.00000
174.529,0.00000,0.00000,0.00000,0.00000
174.561,0.00000,0.00000,0.00000,0.00000
174.592,0.00000,0.00000,0.00000,0.00000
174.623,0.00000,0.00000,0.00000,0.00000
174.655,0.00000,0.00000,0.00000,0.00000
174.686,0.00000,0.00000,0.00000,0.00000
174.718,0.00000,0.00000,0.00000,0.00000
174.749,0.00000,0.00000,0.00000,0.00000
174.780,0.00000,0.00000,0.00000,0.00000
174.811,0.00000,0.00000,0.00000,0.00000
174.842,0.00000,0.00000,0.00000,0.00000
174.873,0.00000,0.00000,0.00000,0.00000
174.905,0.00000,0.00000,0.00000,0.00000
174.937,0.00000,0.00000,0.00000,0.00000
174.968,0.00000,0.00000,0.00000,0.00000
175.000,0.00000,0.00000,0.00000,0.00000
175.031,0.00000,0.00000,0.00000,0.00000
175.061,0.00000,0.00000,0.00000,0.00000
175.092,0.00000,0.00000,0.00000,0.00000
175.124,0.00000,0.00000,0.00000,0.00000
175.154,0.00000,0.00000,0.00000,0.00000
175.185,0.00000,0.00000,0.00000,0.00000
175.218,0.00000,0.00000,0.00000,0.00000
175.247,0.00000,0.00000,0.00000,0.00000
175.278,0.00000,0.00000,0.00000,0.00000
175.310,0.00000,0.00000,0.00000,0.00000
175.341,0.00000,0.00000,0.00000,0.00000
175.372,0.00000,0.00000,0.00000,0.00000
175.404,0.00000,0.00000,0.00000,0.00000
175.434,0.00000,0.00000,0.00000,0.00000
175.465,0.00000,0.00000,0.00000,0.00000
175.496,0.00000,0.00000,0.00000,0.00000
175.528,0.00000,0.00000,0.00000,0.00000
175.557,0.00000,0.00000,0.00000,0.00000
175.590,0.00000,0.00000,0.00000,0.00000
175.621,0.00000,0.00000,0.00000,0.00000
175.652,0.00000,0.00000,0.00000,0.00000
175.683,0.00000,0.00000,0.00000,0.00000
175.715,0.00000,0.00000,0.00000,0.00000
175.746,0.00000,0.00000,0.00000,0.00000
175.778,0.00000,0.00000,0.00000,0.00000
175.809,0.00000,0.00000,0.00000,0.00000
175.840,0.00000,0.00000,0.00000,0.00000
175.872,0.00000,0.00000,0.00000,0.00000
175.904,0.00000,0.00000,0.00000,0.00000
175.935,0.00000,0.00000,0.00000,0.00000
175.967,0.00000,0.00000,0.00000,0.00000
175.998,0.00000,0.00000,0.00000,0.00000
176.029,0.00000,0.00000,0.00000,0.00000
176.060,0.00000,0.00000,0.00000,0.00000
176.092,0.00000,0.00000,0.00000,0.00000
176.124,0.00000,0.00000,0.00000,0.00000
176.155,0.00000,0.00000,0.00000,0.00000
176.186,0.00000,0.00000,0.00000,0.00000
176.217,0.00000,0.00000,0.00000,0.00000
176.247,0.00000,0.00000,0.00000,0.00000
176.279,0.00000,0.00000,0.00000,0.00000
176.309,0.00000,0.00000,0.00000,0.00000
176.340,0.00000,0.00000,0.00000,0.00000
176.372,0.00000,0.00000,0.00000,0.00000
176.403,0.00000,0.00000,0.00000,0.00000
176.433,0.00000,0.00000,0.00000,0.00000
176.464,0.00000,0.00000,0.00000,0.00000
176.495,0.00000,0.00000,0.00000,0.00000
176.526,0.00000,0.00000,0.00000,0.00000
176.558,0.00000,0.00000,0.00000,0.00000
176.588,0.00000,0.00000,0.00000,0.00000
176.620,0.00000,0.00000,0.00000,0.00000
176.651,0.00000,0.00000,0.00000,0.00000
176.682,0.00000,0.00000,0.00000,0.00000
176.713,0.00000,0.00000,0.00000,0.00000
176.745,0.00000,0.00000,0.00000,0.00000
176.776,0.04699,0.08139,0.00000,0.00000
176.807,0.05595,0.09691,0.00000,0.00000
176.838,0.07198,0.12467,0.00000,0.00000
176.869,0.07198,0.12467,0.00000,0.00000
176.900,0.07198,0.12467,0.00000,0.00000
176.930,0.07198,0.12467,0.00000,0.00000
176.962,0.05420,0.09387,0.00000,0.00000
176.993,0.05260,0.09111,0.00000,0.00000
177.025,0.05260,0.09111,0.00000,0.00000
177.055,0.02650,0.04590,0.00000,0.00000
177.086,0.02242,0.03882,0.00000,0.00000
177.118,0.02196,0.03804,0.00000,0.00000
177.149,0.01999,0.03462,0.00000,0.00000
177.181,0.00944,0.01635,0.00000,0.00000
177.226,0.00619,0.01072,0.00000,0.00000
177.273,0.00446,0.00773,0.00000,0.00000
177.305,0.00324,0.00561,0.00000,0.00000
177.336,0.00255,0.00442,0.00000,0.00000
177.368,0.00221,0.00383,0.00000,0.00000
177.399,0.00191,0.00331,0.00000,0.00000
177.431,0.00170,0.00294,0.00000,0.00000
177.462,0.00162,0.00280,0.00000,0.00000
177.494,0.00162,0.00280,0.00000,0.00000
177.524,0.00154,0.00267,0.00000,0.00000
177.556,0.00128,0.00222,0.00000,0.00000
177.588,0.00119,0.00206,0.00000,0.00000
177.620,0.00119,0.00206,0.00000,0.00000
177.650,0.00082,0.00142,0.00000,0.00000
177.682,0.00072,0.00125,0.00000,0.00000
177.713,0.00074,0.00128,0.00000,0.00000
177.744,0.00074,0.00128,0.00000,0.00000
177.775,0.00074,0.00128,0.00000,0.00000
177.805,0.00070,0.00121,0.00000,0.00000
177.837,0.00045,0.00079,0.00000,0.00000
177.883,0.00038,0.00066,0.00000,0.00000
177.915,0.00033,0.00056,0.00000,0.00000
177.947,0.00032,0.00056,0.00000,0.00000
177.977,0.00022,0.00039,0.00000,0.00000
178.008,0.00022,0.00039,0.00000,0.00000
178.041,0.00016,0.00026,0.00000,0.00000
178.071,0.00015,0.00026,0.00000,0.00000
178.117,0.00010,0.00018,0.00000,0.00000
178.163,0.00006,0.00011,0.00000,0.00000
178.195,0.00005,0.00009,0.00000,0.00000
178.242,0.00003,0.00005,0.00000,0.00000
178.289,0.00002,0.00003,0.38120,0.36567
178.321,0.00000,0.00000,0.38120,0.36567
178.352,0.00000,0.00000,0.38120,0.36567
178.384,0.00000,0.00000,0.37027,0.35372
178.429,0.00000,0.00000,0.36849,0.35045
178.460,0.00000,0.00000,0.33907,0.32450
178.490,0.00000,0.00000,0.36705,0.35414
178.522,0.00000,0.00000,0.36705,0.35414
178.553,0.00000,0.00000,0.36705,0.35414
178.584,0.00000,0.00000,0.36457,0.35107
178.615,0.00000,0.00000,0.36457,0.35107
178.646,0.00000,0.00000,0.36457,0.35107
178.676,0.00000,0.00000,0.31211,0.30097
178.707,0.00000,0.00000,0.30329,0.29232
178.739,0.00000,0.00000,0.25484,0.24548
178.771,0.00000,0.00000,0.22291,0.19822
178.802,0.00000,0.00000,0.20706,0.19822
178.833,0.00000,0.00000,0.20706,0.19822
178.864,0.00000,0.00000,0.23037,0.21644
178.895,0.00000,0.00000,0.23037,0.21644
178.926,0.00000,0.00000,0.23037,0.21644
178.958,0.00000,0.00000,0.21996,0.20548
178.989,0.00000,0.00000,0.21996,0.20548
179.020,0.00000,0.00000,0.20323,0.18986
179.052,0.00000,0.00000,0.19340,0.18069
179.084,0.00000,0.00000,0.18209,0.17024
179.115,0.00000,0.00000,0.18209,0.17024
179.147,0.00000,0.00000,0.18209,0.17024
179.178,0.00000,0.00000,0.15606,0.14581
179.210,0.00000,0.00000,0.56622,0.33871
179.241,0.00000,0.00000,0.56622,0.33871
179.272,0.00000,0.00000,0.56622,0.33871
179.304,0.00000,0.00000,0.47923,0.26573
179.335,0.00000,0.00000,0.53939,0.31007
179.366,0.00000,0.00000,0.53939,0.31007
179.397,0.00000,0.00000,0.53939,0.31007
179.428,0.00000,0.00000,0.53939,0.31007
179.460,0.00000,0.00000,0.32823,0.19186
179.491,0.00000,0.00000,0.34468,0.18586
179.522,0.00000,0.00000,0.34468,0.17391
179.553,0.00000,0.00000,0.34468,0.19871
179.585,0.00000,0.00000,0.32060,0.19871
179.615,0.00000,0.00000,0.30853,0.19871
179.647,0.00000,0.00000,0.29242,0.17555
179.679,0.00000,0.00000,0.29242,0.17555
179.711,0.00000,0.00000,0.20086,0.10854
179.757,0.00000,0.00000,0.26485,0.13232
179.789,0.00000,0.00000,0.26650,0.13232
179.820,0.00000,0.00000,0.26650,0.13232
179.852,0.00000,0.00000,0.26650,0.13095
179.898,0.00000,0.00000,0.20687,0.10638
179.929,0.00000,0.00000,0.20687,0.10638
179.960,0.00000,0.00000,0.19533,0.09482
179.991,0.00000,0.00000,0.19533,0.09482
180.022,0.00000,0.00000,0.17749,0.07229
180.053,0.00000,0.00000,0.17749,0.07229
180.084,0.00000,0.00000,0.14919,0.05677
180.115,0.00000,0.00000,0.14755,0.05361
180.146,0.00000,0.00000,0.14755,0.05361
180.177,0.00000,0.00000,0.11481,0.03305
180.209,0.00000,0.00000,0.11481,0.05070
180.241,0.00000,0.00000,0.10164,0.05999
180.273,0.00000,0.00000,0.10164,0.05999
180.319,0.00000,0.00000,0.49795,0.41100
180.349,0.00000,0.00000,1.00000,0.94243
180.381,0.00000,0.00000,1.00000,1.00000
180.411,0.00000,0.00000,1.00000,1.00000
180.443,0.00000,0.00000,1.00000,1.00000
180.473,0.00000,0.00000,1.00000,1.00000
180.505,0.00000,0.00000,1.00000,1.00000
180.536,0.00000,0.00000,1.00000,1.00000
180.567,0.00000,0.00000,1.00000,1.00000
180.598,0.00000,0.00000,1.00000,1.00000
180.628,0.00000,0.00000,1.00000,1.00000
180.660,0.00000,0.00000,1.00000,1.00000
180.691,0.00000,0.00000,1.00000,1.00000
180.722,0.00000,0.00000,1.00000,1.00000
180.753,0.00000,0.00000,0.32382,0.35026
180.783,0.00000,0.00000,0.29321,0.31564
180.814,0.00000,0.00000,0.27951,0.30297
180.845,0.00000,0.00000,0.26794,0.28759
180.877,0.00000,0.00000,0.26794,0.28759
180.907,0.00000,0.00000,0.19812,0.21188
180.938,0.00000,0.00000,0.17328,0.18535
180.969,0.00000,0.00000,0.17328,0.18535
180.999,0.00000,0.00000,0.17328,0.18535
181.031,0.00000,0.00000,0.15267,0.16338
181.062,0.00000,0.00000,0.15267,0.16338
181.093,0.00000,0.00000,0.14952,0.15932
181.124,0.00000,0.00000,0.14952,0.15932
181.155,0.00000,0.00000,0.12757,0.13591
181.185,0.00000,0.00000,0.10809,0.11731
181.216,0.00000,0.00000,0.10809,0.11731
181.248,0.00000,0.00000,0.09214,0.10071
181.279,0.00000,0.00000,0.09214,0.10071
181.310,0.00000,0.00000,0.09214,0.10071
181.342,0.00000,0.00000,0.08404,0.09259
181.373,0.00000,0.00000,0.09967,0.11065
181.403,0.00000,0.00000,0.09967,0.11065
181.435,0.00000,0.00000,0.09967,0.11065
181.466,0.00000,0.00000,0.09489,0.10518
181.496,0.00000,0.00000,0.08829,0.09867
181.527,0.00000,0.00000,0.08829,0.09867
181.559,0.00000,0.00000,0.06265,0.07006
181.589,0.00000,0.00000,0.06265,0.07006
181.620,0.00000,0.00000,0.06265,0.07006
181.651,0.00000,0.00000,0.06182,0.06993
181.682,0.00000,0.00000,0.06182,0.06993
181.714,0.00000,0.00000,0.06182,0.06993
181.745,0.00000,0.00000,0.04225,0.04929
181.777,0.00000,0.00000,0.04087,0.05259
181.807,0.00000,0.00000,0.04087,0.05259
181.839,0.00000,0.00000,0.04087,0.05259
181.874,0.00000,0.00000,0.02012,0.02778
181.902,0.00000,0.00000,0.01981,0.03385
181.933,0.00000,0.00000,0.01980,0.03385
181.964,0.00000,0.00000,0.01980,0.03385
181.995,0.00000,0.00000,0.01413,0.02787
182.026,0.00000,0.00000,0.01413,0.02787
182.057,0.00000,0.00000,0.01413,0.02787
182.088,0.00000,0.00000,0.01133,0.02395
182.120,0.00000,0.00000,0.00799,0.01759
182.150,0.00000,0.00000,0.19661,0.47510
182.182,0.00000,0.00000,0.19661,0.47510
182.214,0.00000,0.00000,0.19661,0.47510
182.244,0.00000,0.00000,0.19001,0.47313
182.275,0.00000,0.00000,0.18987,0.47313
182.306,0.00000,0.00000,0.18987,0.47313
182.338,0.00000,0.00000,0.18674,0.46899
182.369,0.00000,0.00000,0.17463,0.44747
182.400,0.00000,0.00000,0.17463,0.44747
182.432,0.00000,0.00000,0.13086,0.34016
182.463,0.00000,0.00000,0.13086,0.34016
182.494,0.00000,0.00000,0.13086,0.34016
182.524,0.00000,0.00000,0.12640,0.33271
182.555,0.00000,0.00000,0.12640,0.33271
182.601,0.00000,0.00000,0.08644,0.22817
182.648,0.00000,0.00000,0.08136,0.21490
182.679,0.00000,0.00000,0.07353,0.19710
182.710,0.00000,0.00000,0.07353,0.19710
182.741,0.00000,0.00000,0.07678,0.20809
182.772,0.00000,0.00000,0.07678,0.20809
182.804,0.00000,0.00000,0.07678,0.20809
182.834,0.00000,0.00000,0.06441,0.17603
182.865,0.00000,0.00000,0.06441,0.17603
182.896,0.00000,0.00000,0.06441,0.17603
182.927,0.00000,0.00000,0.05531,0.15350
182.958,0.00000,0.00000,0.04311,0.13024
182.990,0.00000,0.00000,0.04311,0.13024
183.021,0.00000,0.00000,0.03640,0.11103
183.052,0.00000,0.00000,0.03640,0.11103
183.083,0.00000,0.00000,0.03449,0.10570
183.115,0.00000,0.00000,0.02991,0.09185
183.146,0.00000,0.00000,0.02991,0.09185
183.178,0.00000,0.00000,0.02683,0.08343
183.209,0.00000,0.00000,0.02683,0.08343
183.240,0.00000,0.00000,0.02683,0.08343
183.271,0.00000,0.00000,0.02384,0.07443
183.302,0.00000,0.00000,0.01768,0.05482
183.332,0.00000,0.00000,0.02152,0.06399
183.363,0.00000,0.00000,0.02161,0.06399
183.394,0.00000,0.00000,0.02161,0.06399
183.426,0.00000,0.00000,0.02161,0.06245
183.457,0.00000,0.00000,0.02161,0.05918
183.488,0.00000,0.00000,0.02161,0.05918
183.519,0.00000,0.00000,0.01743,0.04048
183.550,0.00000,0.00000,0.01743,0.03882
183.581,0.00000,0.00000,0.01743,0.03882
183.613,0.00000,0.00000,0.01705,0.03312
183.643,0.00000,0.00000,0.01705,0.03312
183.675,0.00000,0.00000,0.01705,0.03312
183.707,0.00000,0.00000,0.01335,0.02563
183.738,0.00000,0.00000,0.01335,0.02529
183.769,0.00000,0.00000,0.00965,0.01810
183.800,0.00000,0.00000,0.00787,0.01535
183.831,0.00000,0.00000,0.00601,0.01195
183.862,0.00000,0.00000,0.00601,0.01195
183.893,0.00000,0.00000,0.00438,0.00907
183.925,0.00000,0.00000,0.00438,0.00907
183.955,0.00000,0.00000,0.00438,0.00907
183.987,0.00000,0.00000,0.00344,0.00730
184.018,0.00000,0.00000,0.00264,0.00572
184.050,0.00000,0.00000,0.00264,0.00572
184.080,0.00000,0.00000,0.00209,0.00455
184.111,0.00000,0.00000,0.00208,0.00455
184.143,0.00000,0.00000,0.00165,0.00363
184.175,0.00000,0.00000,0.00101,0.00221
184.205,0.00000,0.00000,0.00085,0.00187
184.238,0.00000,0.00000,0.00040,0.00089
184.269,0.00000,0.00000,0.00015,0.00034
184.300,0.00000,0.00000,0.00003,0.00006
184.331,0.00000,0.00000,0.00000,0.00000
184.362,0.00000,0.00000,0.00000,0.00000
184.393,0.00000,0.00000,0.00000,0.00000
184.425,0.00000,0.00000,0.00000,0.00000
184.456,0.00000,0.00000,0.00000,0.00000
184.487,0.00000,0.00000,0.00000,0.00000
184.518,0.00000,0.00000,0.00000,0.00000
184.549,0.00000,0.00000,0.00000,0.00000
184.579,0.00000,0.00000,0.00000,0.00000
184.610,0.00000,0.00000,0.00000,0.00000
184.642,0.00000,0.00000,0.00000,0.00000
184.673,0.00000,0.00000,0.00000,0.00000
184.705,0.00000,0.00000,0.00584,0.00504
184.737,0.00000,0.00000,0.31414,0.27116
184.769,0.00000,0.00000,0.87828,0.75777
184.799,0.00000,0.00000,1.00000,1.00000
184.831,0.00000,0.00000,1.00000,1.00000
184.862,0.00000,0.00000,1.00000,1.00000
184.893,0.00000,0.00000,1.00000,1.00000
184.924,0.00000,0.00000,1.00000,1.00000
184.955,0.00000,0.00000,1.00000,1.00000
184.986,0.00000,0.00000,1.00000,1.00000
185.016,0.00000,0.00000,1.00000,1.00000
185.047,0.00000,0.00000,1.00000,1.00000
185.079,0.00000,0.00000,1.00000,1.00000
185.110,0.00000,0.00000,1.00000,1.00000
185.141,0.00000,0.00000,1.00000,1.00000
185.172,0.00000,0.00000,1.00000,1.00000
185.204,0.00000,0.00000,1.00000,1.00000
185.235,0.00000,0.00000,1.00000,1.00000
185.266,0.00000,0.00000,1.00000,1.00000
185.297,0.00000,0.00000,1.00000,1.00000
185.328,0.00000,0.00000,0.00000,0.00000
185.360,0.00000,0.00000,0.00000,0.00000
185.390,0.00000,0.00000,0.00000,0.00000
185.421,0.00000,0.00000,0.00000,0.00000
185.452,0.00000,0.00000,0.00000,0.00000
185.483,0.00000,0.00000,0.00000,0.00000
185.514,0.00000,0.00000,0.00000,0.00000
185.546,0.00000,0.00000,0.00000,0.00000
185.576,0.00000,0.00000,0.00000,0.00000
185.608,0.00000,0.00000,0.00000,0.00000
185.639,0.00000,0.00000,0.00000,0.00000
185.671,0.00000,0.00000,0.00000,0.00000
185.703,0.00000,0.00000,0.00000,0.00000
185.734,0.00000,0.00000,0.00000,0.00000
185.765,0.00000,0.00000,0.00000,0.00000
185.797,0.00000,0.00000,0.00000,0.00000
185.827,0.00000,0.00000,0.00000,0.00000
185.859,0.00000,0.00000,0.00000,0.00000
185.891,0.00000,0.00000,0.00000,0.00000
185.922,0.00000,0.00000,0.00000,0.00000
185.953,0.00000,0.00000,0.00000,0.00000
185.983,0.00000,0.00000,0.00000,0.00000
186.015,0.00000,0.00000,0.00000,0.00000
186.046,0.00000,0.00000,0.00000,0.00000
186.077,0.00000,0.00000,0.00000,0.00000
186.108,0.00000,0.00000,0.00000,0.00000
186.139,0.00000,0.00000,0.00000,0.00000
186.171,0.00000,0.00000,0.00000,0.00000
186.202,0.00000,0.00000,0.00000,0.00000
186.233,0.00000,0.00000,0.00000,0.00000
186.263,0.00000,0.00000,0.00000,0.00000
186.295,0.00000,0.00000,0.00000,0.00000
186.325,0.00000,0.00000,0.00000,0.00000
186.356,0.00000,0.00000,0.00000,0.00000
186.387,0.00000,0.00000,0.00000,0.00000
186.418,0.00000,0.00000,0.00000,0.00000
186.450,0.00000,0.00000,0.00000,0.00000
186.481,0.00000,0.00000,0.00000,0.00000
186.513,0.00000,0.00000,0.00000,0.00000
186.544,0.00000,0.00000,0.00000,0.00000
186.575,0.00000,0.00000,0.00000,0.00000
186.606,0.00000,0.00000,0.00000,0.00000
186.637,0.00000,0.00000,0.00000,0.00000
186.668,0.00000,0.00000,0.00000,0.00000
186.698,0.00000,0.00000,0.00000,0.00000
186.729,0.00000,0.00000,0.00000,0.00000
186.761,0.00000,0.00000,0.00000,0.00000
186.792,0.00000,0.00000,0.00000,0.00000
186.824,0.00000,0.00000,0.00000,0.00000
186.854,0.00000,0.00000,0.00000,0.00000
186.886,0.00000,0.00000,0.00000,0.00000
186.917,0.00000,0.00000,0.00000,0.00000
186.947,0.00000,0.00000,0.00000,0.00000
186.978,0.00000,0.00000,0.00000,0.00000
187.008,0.00000,0.00000,0.00000,0.00000
187.040,0.00000,0.00000,0.00000,0.00000
187.072,0.00000,0.00000,0.00000,0.00000
187.103,0.00000,0.00000,0.00000,0.00000
187.135,0.00000,0.00000,0.00000,0.00000
187.166,0.00000,0.00000,0.00000,0.00000
187.198,0.00000,0.00000,0.00000,0.00000
187.229,0.00000,0.00000,0.00000,0.00000
187.261,0.00000,0.00000,0.00000,0.00000
187.292,0.00000,0.00000,0.00000,0.00000
187.324,0.00000,0.00000,0.00000,0.00000
187.355,0.00000,0.00000,0.00000,0.00000
187.386,0.00000,0.00000,0.00000,0.00000
187.417,0.00000,0.00000,0.00000,0.00000
187.449,0.00000,0.00000,0.00000,0.00000
187.480,0.00000,0.00000,0.00000,0.00000
187.510,0.00000,0.00000,0.00000,0.00000
187.541,0.00000,0.00000,0.00000,0.00000
187.572,0.00000,0.00000,0.00000,0.00000
187.604,0.00000,0.00000,0.00000,0.00000
187.636,0.00000,0.00000,0.00000,0.00000
187.667,0.00000,0.00000,0.00000,0.00000
187.697,0.00000,0.00000,0.00000,0.00000
187.729,0.00000,0.00000,0.00000,0.00000
187.759,0.00000,0.00000,0.00000,0.00000
187.791,0.00000,0.00000,0.00000,0.00000
187.822,0.00000,0.00000,0.00000,0.00000
187.853,0.00000,0.00000,0.00000,0.00000
187.884,0.00000,0.00000,0.00000,0.00000
187.916,0.00000,0.00000,0.00000,0.00000
187.947,0.00000,0.00000,0.00000,0.00000
187.978,0.00000,0.00000,0.00000,0.00000
188.009,0.00000,0.00000,0.00000,0.00000
188.040,0.00000,0.00000,0.00000,0.00000
188.072,0.00000,0.00000,0.00000,0.00000
188.102,0.00000,0.00000,0.00000,0.00000
188.133,0.00000,0.00000,0.00000,0.00000
188.180,0.00000,0.00000,0.00000,0.00000
188.212,0.00000,0.00000,0.00000,0.00000
188.244,0.00000,0.00000,0.00000,0.00000
188.275,0.00000,0.00000,0.00000,0.00000
188.306,0.00000,0.00000,0.00000,0.00000
188.337,0.00000,0.00000,0.00000,0.00000
188.368,0.00000,0.00000,0.00000,0.00000
188.414,0.00000,0.00000,0.00000,0.00000
188.446,0.00000,0.00000,0.00000,0.00000
188.492,0.00000,0.00000,0.00000,0.00000
188.540,0.00000,0.00000,0.00000,0.00000
188.585,0.00000,0.00000,0.00000,0.00000
188.632,0.00000,0.00000,0.00000,0.00000
188.663,0.00000,0.00000,0.00000,0.00000
188.694,0.00000,0.00000,0.00000,0.00000
188.725,0.00000,0.00000,0.00000,0.00000
188.756,0.00000,0.00000,0.00000,0.00000
188.787,0.00000,0.00000,0.00000,0.00000
188.818,0.00000,0.00000,0.00000,0.00000
188.849,0.00000,0.00000,0.00000,0.00000
188.880,0.00000,0.00000,0.00000,0.00000
188.911,0.00000,0.00000,0.00000,0.00000
188.942,0.00000,0.00000,0.00000,0.00000
188.973,0.00000,0.00000,0.00000,0.00000
189.004,0.00000,0.00000,0.00000,0.00000
189.034,0.00000,0.00000,0.00000,0.00000
189.066,0.00000,0.00000,0.00000,0.00000
189.097,0.00000,0.00000,0.00000,0.00000
189.128,0.00000,0.00000,0.00000,0.00000
189.160,0.00000,0.00000,0.00000,0.00000
189.190,0.00000,0.00000,0.00000,0.00000
189.222,0.00000,0.00000,0.00000,0.00000
189.252,0.00000,0.00000,0.00000,0.00000
189.283,0.00000,0.00000,0.00000,0.00000
189.313,0.00000,0.00000,0.00000,0.00000
189.344,0.00000,0.00000,0.00000,0.00000
189.376,0.00000,0.00000,0.00000,0.00000
189.407,0.00000,0.00000,0.00000,0.00000
189.437,0.00000,0.00000,0.00000,0.00000
189.468,0.00000,0.00000,0.00000,0.00000
189.499,0.00000,0.00000,0.00000,0.00000
189.531,0.00000,0.00000,0.00000,0.00000
189.563,0.00000,0.00000,0.00000,0.00000
189.594,0.00000,0.00000,0.00000,0.00000
189.625,0.00000,0.00000,0.00000,0.00000
189.656,0.00000,0.00000,0.00000,0.00000
189.687,0.00000,0.00000,0.00000,0.00000
189.717,0.00000,0.00000,0.00000,0.00000
189.749,0.00000,0.00000,0.00000,0.00000
189.779,0.00000,0.00000,0.00000,0.00000
189.811,0.00000,0.00000,0.00000,0.00000
189.841,0.00000,0.00000,0.00000,0.00000
189.872,0.00000,0.00000,0.00000,0.00000
189.904,0.00000,0.00000,0.00000,0.00000
189.935,0.00000,0.00000,0.00000,0.00000
189.966,0.00000,0.00000,0.00000,0.00000
189.998,0.00000,0.00000,0.00000,0.00000
190.030,0.00000,0.00000,0.00000,0.00000
190.061,0.00000,0.00000,0.00000,0.00000
190.092,0.00000,0.00000,0.00000,0.00000
190.122,0.00000,0.00000,0.00000,0.00000
190.153,0.00000,0.00000,0.00000,0.00000
190.184,0.00000,0.00000,0.00000,0.00000
190.215,0.00000,0.00000,0.00000,0.00000
190.246,0.00000,0.00000,0.00000,0.00000
190.277,0.00000,0.00000,0.00000,0.00000
190.308,0.00000,0.00000,0.00000,0.00000
190.339,0.00000,0.00000,0.00000,0.00000
190.371,0.00000,0.00000,0.00000,0.00000
190.402,0.00000,0.00000,0.00000,0.00000
190.432,0.00000,0.00000,0.00000,0.00000
190.464,0.00000,0.00000,0.00000,0.00000
190.495,0.00000,0.00000,0.00000,0.00000
190.526,0.00000,0.00000,0.00000,0.00000
190.557,0.00000,0.00000,0.00000,0.00000
190.588,0.00000,0.00000,0.00000,0.00000
190.619,0.00000,0.00000,0.00000,0.00000
190.651,0.00000,0.00000,0.00000,0.00000
190.681,0.00000,0.00000,0.00000,0.00000
190.712,0.00000,0.00000,0.00000,0.00000
190.757,0.00000,0.00000,0.00000,0.00000
190.788,0.00000,0.00000,0.00000,0.00000
190.820,0.00000,0.00000,0.00000,0.00000
190.866,0.00000,0.00000,0.00000,0.00000
190.897,0.00000,0.00000,0.00000,0.00000
190.928,0.00000,0.00000,0.00000,0.00000
190.959,0.00000,0.00000,0.00000,0.00000
190.990,0.00000,0.00000,0.00000,0.00000
191.022,0.00000,0.00000,0.00000,0.00000
191.053,0.00000,0.00000,0.00000,0.00000
191.084,0.00000,0.00000,0.00000,0.00000
191.115,0.00000,0.00000,0.00000,0.00000
191.146,0.00000,0.00000,0.00000,0.00000
191.177,0.00000,0.00000,0.00000,0.00000
191.208,0.00000,0.00000,0.00000,0.00000
191.239,0.00000,0.00000,0.00000,0.00000
191.270,0.00000,0.00000,0.00000,0.00000
191.302,0.00000,0.00000,0.00000,0.00000
191.332,0.00000,0.00000,0.00000,0.00000
191.363,0.00000,0.00000,0.00000,0.00000
191.394,0.00000,0.00000,0.00000,0.00000
191.425,0.00000,0.00000,0.00000,0.00000
191.456,0.00000,0.00000,0.00000,0.00000
191.488,0.00000,0.00000,0.00000,0.00000
191.519,0.00000,0.00000,0.00000,0.00000
191.551,0.00000,0.00000,0.00000,0.00000
191.582,0.00000,0.00000,0.00000,0.00000
191.613,0.00000,0.00000,0.00000,0.00000
191.644,0.00000,0.00000,0.00000,0.00000
191.675,0.00000,0.00000,0.00000,0.00000
191.706,0.00000,0.00000,0.00000,0.00000
191.738,0.00000,0.00000,0.00000,0.00000
191.769,0.00000,0.00000,0.00000,0.00000
191.801,0.00000,0.00000,0.00000,0.00000
191.831,0.00000,0.00000,0.00000,0.00000
191.862,0.00000,0.00000,0.00000,0.00000
191.894,0.00000,0.00000,0.00000,0.00000
191.925,0.00000,0.00000,0.00000,0.00000
191.957,0.00000,0.00000,0.00000,0.00000
191.987,0.00000,0.00000,0.16399,0.10990
192.019,0.00000,0.00000,0.48842,0.47103
192.049,0.00000,0.00000,0.50777,0.47103
192.081,0.00000,0.00000,0.50777,0.47103
192.111,0.00000,0.00000,0.50777,0.45803
192.143,0.00000,0.00000,0.00000,0.00000
192.174,0.00000,0.00000,0.00000,0.00000
192.205,0.00000,0.00000,0.00000,0.00000
192.236,0.00000,0.00000,0.00000,0.00000
192.267,0.00000,0.00000,0.00000,0.00000
192.299,0.00000,0.00000,0.00000,0.00000
192.330,0.00000,0.00000,0.00000,0.00000
192.361,0.00000,0.00000,0.00000,0.00000
192.392,0.00000,0.00000,0.00000,0.00000
192.423,0.00000,0.00000,0.00000,0.00000
192.454,0.00000,0.00000,0.00000,0.00000
192.485,0.00000,0.00000,0.00000,0.00000
192.516,0.00000,0.00000,0.00000,0.00000
192.547,0.00000,0.00000,0.00000,0.00000
192.578,0.00000,0.00000,0.00000,0.00000
192.608,0.00000,0.00000,0.00000,0.00000
192.639,0.00000,0.00000,0.00000,0.00000
192.671,0.00000,0.00000,0.00000,0.00000
192.702,0.00000,0.00000,0.00000,0.00000
192.734,0.00000,0.00000,0.00000,0.00000
192.763,0.00000,0.00000,0.00000,0.00000
192.794,0.00000,0.00000,0.00000,0.00000
192.825,0.00000,0.00000,0.00000,0.00000
192.856,0.00000,0.00000,0.00000,0.00000
192.887,0.00000,0.00000,0.00000,0.00000
192.917,0.00000,0.00000,0.00000,0.00000
192.948,0.00000,0.00000,0.00000,0.00000
192.979,0.00000,0.00000,0.00000,0.00000
193.011,0.00000,0.00000,0.00000,0.00000
193.041,0.00000,0.00000,0.00000,0.00000
193.072,0.00000,0.00000,0.00000,0.00000
193.103,0.00000,0.00000,0.00000,0.00000
193.135,0.00000,0.00000,0.00000,0.00000
193.167,0.00000,0.00000,0.00000,0.00000
193.198,0.00000,0.00000,0.00000,0.00000
193.229,0.00000,0.00000,0.00000,0.00000
193.260,0.00000,0.00000,0.00000,0.00000
193.291,0.00000,0.00000,0.00000,0.00000
193.322,0.00000,0.00000,0.00000,0.00000
193.353,0.00000,0.00000,0.00000,0.00000
193.384,0.00000,0.00000,0.00000,0.00000
193.429,0.00000,0.00000,0.00000,0.00000
193.475,0.00000,0.00000,0.00000,0.00000
193.506,0.00000,0.00000,0.00000,0.00000
193.537,0.00000,0.00000,0.00000,0.00000
193.568,0.00000,0.00000,0.00000,0.00000
193.598,0.00000,0.00000,0.00000,0.00000
193.630,0.00000,0.00000,0.00000,0.00000
193.661,0.00000,0.00000,0.00000,0.00000
193.691,0.00000,0.00000,0.00000,0.00000
193.722,0.00000,0.00000,0.00000,0.00000
193.754,0.00000,0.00000,0.00000,0.00000
193.786,0.00000,0.00000,0.00000,0.00000
193.818,0.00000,0.00000,0.00000,0.00000
193.849,0.00000,0.00000,0.00000,0.00000
193.880,0.00000,0.00000,0.00000,0.00000
193.911,0.00000,0.00000,0.00000,0.00000
193.941,0.00000,0.00000,0.00000,0.00000
193.972,0.00000,0.00000,0.00000,0.00000
194.003,0.00000,0.00000,0.00000,0.00000
194.033,0.00000,0.00000,0.00000,0.00000
194.063,0.00000,0.00000,0.00000,0.00000
194.094,0.00000,0.00000,0.00000,0.00000
194.126,0.00000,0.00000,0.00000,0.00000
194.156,0.00000,0.00000,0.00000,0.00000
194.187,0.00000,0.00000,0.00000,0.00000
194.219,0.00000,0.00000,0.00000,0.00000
194.250,0.00000,0.00000,0.00000,0.00000
194.282,0.00000,0.00000,0.00000,0.00000
194.313,0.00000,0.00000,0.00000,0.00000
194.344,0.00000,0.00000,0.00000,0.00000
194.375,0.00000,0.00000,0.00000,0.00000
194.407,0.00000,0.00000,0.00000,0.00000
194.438,0.00000,0.00000,0.00000,0.00000
194.469,0.00000,0.00000,0.00000,0.00000
194.500,0.00000,0.00000,0.00000,0.00000
194.531,0.00000,0.00000,0.00000,0.00000
194.562,0.00000,0.00000,0.00000,0.00000
194.592,0.00000,0.00000,0.00000,0.00000
194.624,0.00000,0.00000,0.00000,0.00000
194.656,0.00000,0.00000,0.00000,0.00000
194.687,0.00000,0.00000,0.00000,0.00000
194.718,0.00000,0.00000,0.00000,0.00000
194.748,0.00000,0.00000,0.00000,0.00000
194.780,0.00000,0.00000,0.00000,0.00000
194.810,0.00000,0.00000,0.00000,0.00000
194.842,0.00000,0.00000,0.00000,0.00000
194.874,0.00000,0.00000,0.00000,0.00000
194.904,0.00000,0.00000,0.00000,0.00000
194.935,0.00000,0.00000,0.00000,0.00000
194.966,0.00000,0.00000,0.00000,0.00000
194.997,0.00000,0.00000,0.00000,0.00000
195.028,0.00000,0.00000,0.00000,0.00000
195.059,0.00000,0.00000,0.00000,0.00000
195.090,0.00000,0.00000,0.00000,0.00000
195.121,0.00000,0.00000,0.00000,0.00000
195.152,0.00000,0.00000,0.00000,0.00000
195.183,0.00000,0.00000,0.00000,0.00000
195.214,0.00000,0.00000,0.00000,0.00000
195.245,0.00000,0.00000,0.00000,0.00000
195.277,0.00000,0.00000,0.00000,0.00000
195.308,0.00000,0.00000,0.00000,0.00000
195.340,0.00000,0.00000,0.00000,0.00000
195.372,0.00000,0.00000,0.00000,0.00000
195.403,0.00000,0.00000,0.00000,0.00000
195.435,0.00000,0.00000,0.00000,0.00000
195.465,0.00000,0.00000,0.00000,0.00000
195.496,0.00000,0.00000,0.00000,0.00000
195.526,0.00000,0.00000,0.00000,0.00000
195.557,0.00000,0.00000,0.00000,0.00000
195.589,0.00000,0.00000,0.00000,0.00000
195.619,0.00000,0.00000,0.00000,0.00000
195.650,0.00000,0.00000,0.00000,0.00000
195.681,0.00000,0.00000,0.00000,0.00000
195.712,0.00000,0.00000,0.00000,0.00000
195.744,0.00000,0.00000,0.00000,0.00000
195.776,0.00000,0.00000,0.00000,0.00000
195.806,0.00000,0.00000,0.00000,0.00000
195.837,0.00000,0.00000,0.00000,0.00000
195.883,0.00000,0.00000,0.00000,0.00000
195.929,0.00000,0.00000,0.00000,0.00000
195.960,0.00000,0.00000,0.00000,0.00000
195.991,0.00000,0.00000,0.00000,0.00000
196.022,0.00000,0.00000,0.00000,0.00000
196.053,0.00000,0.00000,0.00000,0.00000
196.084,0.00000,0.00000,0.00000,0.00000
196.115,0.00000,0.00000,0.00000,0.00000
196.147,0.00000,0.00000,0.00000,0.00000
196.178,0.00000,0.00000,0.00000,0.00000
196.209,0.00000,0.00000,0.00000,0.00000
196.240,0.00000,0.00000,0.00000,0.00000
196.271,0.00000,0.00000,0.00000,0.00000
196.302,0.00000,0.00000,0.00000,0.00000
196.333,0.00000,0.00000,0.00000,0.00000
196.363,0.00000,0.00000,0.00000,0.00000
196.394,0.00000,0.00000,0.00000,0.00000
196.424,0.00000,0.00000,0.00000,0.00000
196.455,0.00000,0.00000,0.00000,0.00000
196.486,0.00000,0.00000,0.00000,0.00000
196.517,0.00000,0.00000,0.00000,0.00000
196.548,0.00000,0.00000,0.00000,0.00000
196.579,0.00000,0.00000,0.00000,0.00000
196.610,0.00000,0.00000,0.00000,0.00000
196.642,0.00000,0.00000,0.00000,0.00000
196.674,0.00000,0.00000,0.00000,0.00000
196.705,0.00000,0.00000,0.00000,0.00000
196.736,0.00000,0.00000,0.00000,0.00000
196.767,0.00000,0.00000,0.00000,0.00000
196.799,0.00000,0.00000,0.00000,0.00000
196.830,0.00000,0.00000,0.00000,0.00000
196.861,0.00000,0.00000,0.00000,0.00000
196.892,0.00000,0.00000,0.00000,0.00000
196.923,0.00000,0.00000,0.00000,0.00000
196.955,0.00000,0.00000,0.00000,0.00000
196.986,0.00000,0.00000,0.00000,0.00000
197.018,0.00000,0.00000,0.00000,0.00000
197.049,0.00000,0.00000,0.00000,0.00000
197.080,0.00000,0.00000,0.00000,0.00000
197.111,0.00000,0.00000,0.00000,0.00000
197.142,0.00000,0.00000,0.00000,0.00000
197.173,0.00000,0.00000,0.00000,0.00000
197.203,0.00000,0.00000,0.00000,0.00000
197.234,0.00000,0.00000,0.00000,0.00000
197.266,0.00000,0.00000,0.00000,0.00000
197.297,0.00000,0.00000,0.00000,0.00000
197.329,0.00000,0.00000,0.00000,0.00000
197.361,0.00000,0.00000,0.00000,0.00000
197.393,0.00000,0.00000,0.00000,0.00000
197.424,0.00000,0.00000,0.00000,0.00000
197.455,0.00000,0.00000,0.00000,0.00000
197.486,0.00000,0.00000,0.00000,0.00000
197.517,0.00000,0.00000,0.00000,0.00000
197.548,0.00000,0.00000,0.00000,0.00000
197.579,0.00000,0.00000,0.00000,0.00000
197.611,0.00000,0.00000,0.00000,0.00000
197.641,0.00000,0.00000,0.00000,0.00000
197.672,0.00000,0.00000,0.00000,0.00000
197.703,0.00000,0.00000,0.00000,0.00000
197.734,0.00000,0.00000,0.00000,0.00000
197.765,0.00000,0.00000,0.00000,0.00000
197.796,0.00000,0.00000,0.00000,0.00000
197.828,0.00000,0.00000,0.00000,0.00000
197.859,0.00000,0.00000,0.00000,0.00000
197.890,0.00000,0.00000,0.00000,0.00000
197.920,0.00000,0.00000,0.00000,0.00000
197.951,0.00000,0.00000,0.00000,0.00000
197.982,0.00000,0.00000,0.00000,0.00000
198.013,0.00000,0.00000,0.00000,0.00000
198.043,0.00000,0.00000,0.00000,0.00000
198.074,0.00000,0.00000,0.00000,0.00000
198.105,0.00000,0.00000,0.00000,0.00000
198.137,0.00000,0.00000,0.00000,0.00000
198.168,0.00000,0.00000,0.00000,0.00000
198.198,0.00000,0.00000,0.00000,0.00000
198.230,0.00000,0.00000,0.00000,0.00000
198.260,0.00000,0.00000,0.00000,0.00000
198.292,0.00000,0.00000,0.00000,0.00000
198.323,0.00000,0.00000,0.00000,0.00000
198.353,0.00000,0.00000,0.00000,0.00000
198.399,0.00000,0.00000,0.00000,0.00000
198.445,0.00000,0.00000,0.00000,0.00000
198.476,0.00000,0.00000,0.00000,0.00000
198.508,0.00000,0.00000,0.00000,0.00000
198.538,0.00000,0.00000,0.00000,0.00000
198.584,0.00000,0.00000,0.00000,0.00000
198.615,0.00000,0.00000,0.00000,0.00000
198.646,0.00000,0.00000,0.00000,0.00000
198.677,0.00000,0.00000,0.00000,0.00000
198.708,0.00000,0.00000,0.00000,0.00000
198.739,0.00000,0.00000,0.00000,0.00000
198.771,0.00000,0.00000,0.00000,0.00000
198.802,0.00000,0.00000,0.00000,0.00000
198.832,0.00000,0.00000,0.00000,0.00000
198.864,0.00000,0.00000,0.00000,0.00000
198.895,0.00000,0.00000,0.00000,0.00000
198.926,0.00000,0.00000,0.00000,0.00000
198.958,0.00000,0.00000,0.00000,0.00000
198.988,0.00000,0.00000,0.00000,0.00000
199.019,0.00000,0.00000,0.00000,0.00000
199.051,0.00000,0.00000,0.00000,0.00000
199.082,0.00000,0.00000,0.00000,0.00000
199.113,0.00000,0.00000,0.00000,0.00000
199.144,0.00000,0.00000,0.00000,0.00000
199.177,0.00000,0.00000,0.00000,0.00000
199.206,0.00000,0.00000,0.00000,0.00000
199.236,0.00000,0.00000,0.00000,0.00000
199.267,0.00000,0.00000,0.00000,0.00000
199.298,0.00000,0.00000,0.00000,0.00000
199.329,0.00000,0.00000,0.00000,0.00000
199.361,0.00000,0.00000,0.00000,0.00000
199.392,0.00000,0.00000,0.00000,0.00000
199.423,0.00000,0.00000,0.00000,0.00000
199.453,0.00000,0.00000,0.00000,0.00000
199.484,0.00000,0.00000,0.00000,0.00000
199.514,0.00000,0.00000,0.00000,0.00000
199.545,0.00000,0.00000,0.00000,0.00000
199.576,0.00000,0.00000,0.00000,0.00000
199.607,0.00000,0.00000,0.00000,0.00000
199.639,0.00000,0.00000,0.00000,0.00000
199.670,0.00000,0.00000,0.00000,0.00000
199.701,0.00000,0.00000,0.00000,0.00000
199.732,0.00000,0.00000,0.00000,0.00000
199.764,0.00000,0.00000,0.00000,0.00000
199.794,0.00000,0.00000,0.00000,0.00000
199.825,0.00000,0.00000,0.00000,0.00000
199.857,0.00000,0.00000,0.00000,0.00000
199.887,0.00000,0.00000,0.00000,0.00000
199.918,0.00000,0.00000,0.00000,0.00000
199.949,0.00000,0.00000,0.00000,0.00000
199.980,0.00000,0.00000,0.00000,0.00000
200.011,0.00000,0.00000,0.00000,0.00000
200.042,0.00000,0.00000,0.00000,0.00000
200.073,0.00000,0.00000,0.00000,0.00000
200.104,0.00000,0.00000,0.00000,0.00000
200.136,0.00000,0.00000,0.00000,0.00000
200.167,0.00000,0.00000,0.00000,0.00000
200.198,0.00000,0.00000,0.00000,0.00000
200.230,0.00000,0.00000,0.00000,0.00000
200.260,0.00000,0.00000,0.00000,0.00000
200.292,0.00000,0.00000,0.00000,0.00000
200.323,0.00000,0.00000,0.00000,0.00000
200.354,0.00000,0.00000,0.00000,0.00000
200.384,0.00000,0.00000,0.00000,0.00000
200.415,0.00000,0.00000,0.00000,0.00000
200.446,0.00000,0.00000,0.00000,0.00000
200.477,0.00000,0.00000,0.00000,0.00000
200.508,0.00000,0.00000,0.00000,0.00000
200.555,0.00000,0.00000,0.00000,0.00000
200.586,0.00000,0.00000,0.00000,0.00000
200.633,0.00000,0.00000,0.00000,0.00000
200.679,0.00000,0.00000,0.00000,0.00000
200.709,0.00000,0.00000,0.00000,0.00000
200.741,0.00000,0.00000,0.00000,0.00000
200.773,0.00000,0.00000,0.00000,0.00000
200.803,0.00000,0.00000,0.00000,0.00000
200.834,0.00000,0.00000,0.00000,0.00000
200.866,0.00000,0.00000,0.00000,0.00000
200.897,0.00000,0.00000,0.00000,0.00000
200.929,0.00000,0.00000,0.00000,0.00000
200.976,0.00000,0.00000,0.00000,0.00000
201.022,0.00000,0.00000,0.00000,0.00000
201.053,0.00000,0.00000,0.00000,0.00000
201.084,0.00000,0.00000,0.00000,0.00000
201.116,0.00000,0.00000,0.00000,0.00000
201.146,0.00000,0.00000,0.00000,0.00000
201.178,0.00000,0.00000,0.00000,0.00000
201.209,0.00000,0.00000,0.00000,0.00000
201.240,0.00000,0.00000,0.00000,0.00000
201.270,0.00000,0.00000,0.00000,0.00000
201.301,0.00000,0.00000,0.00000,0.00000
201.333,0.00000,0.00000,0.00000,0.00000
201.364,0.00000,0.00000,0.00000,0.00000
201.396,0.00000,0.00000,0.00000,0.00000
201.426,0.00000,0.00000,0.00000,0.00000
201.458,0.00000,0.00000,0.00000,0.00000
201.488,0.00000,0.00000,0.00000,0.00000
201.519,0.00000,0.00000,0.00000,0.00000
201.551,0.00000,0.00000,0.00000,0.00000
201.581,0.00000,0.00000,0.00000,0.00000
201.613,0.00000,0.00000,0.00000,0.00000
201.644,0.00000,0.00000,0.00000,0.00000
201.676,0.00000,0.00000,0.00000,0.00000
201.706,0.00000,0.00000,0.00000,0.00000
201.737,0.00000,0.00000,0.00000,0.00000
201.768,0.00000,0.00000,0.00000,0.00000
201.799,0.00000,0.00000,0.00000,0.00000
201.830,0.00000,0.00000,0.00000,0.00000
201.861,0.00000,0.00000,0.00000,0.00000
201.892,0.00000,0.00000,0.00000,0.00000
201.923,0.00000,0.00000,0.00000,0.00000
201.953,0.00000,0.00000,0.00000,0.00000
201.984,0.00000,0.00000,0.00000,0.00000
202.015,0.00000,0.00000,0.00000,0.00000
202.047,0.00000,0.00000,0.00000,0.00000
202.077,0.00000,0.00000,0.00000,0.00000
202.109,0.00000,0.00000,0.00000,0.00000
202.139,0.00000,0.00000,0.00000,0.00000
202.171,0.00000,0.00000,0.00000,0.00000
202.203,0.00000,0.00000,0.00000,0.00000
202.233,0.00000,0.00000,0.00000,0.00000
202.263,0.00000,0.00000,0.00000,0.00000
202.295,0.00000,0.00000,0.00000,0.00000
202.326,0.00000,0.00000,0.00000,0.00000
202.357,0.00000,0.00000,0.00000,0.00000
202.388,0.00000,0.00000,0.00000,0.00000
202.420,0.00000,0.00000,0.00000,0.00000
202.451,0.00000,0.00000,0.00000,0.00000
202.483,0.00000,0.00000,0.00000,0.00000
202.513,0.00000,0.00000,0.00000,0.00000
202.545,0.00000,0.00000,0.00000,0.00000
202.576,0.00000,0.00000,0.00000,0.00000
202.608,0.00000,0.00000,0.00000,0.00000
202.639,0.00000,0.00000,0.00000,0.00000
202.670,0.00000,0.00000,0.00000,0.00000
202.705,0.00000,0.00000,0.00000,0.00000
202.747,0.00000,0.00000,0.00000,0.00000
202.778,0.00000,0.00000,0.00000,0.00000
202.809,0.00000,0.00000,0.00000,0.00000
202.840,0.00000,0.00000,0.00000,0.00000
202.871,0.00000,0.00000,0.00000,0.00000
202.901,0.00000,0.00000,0.00000,0.00000
202.931,0.00000,0.00000,0.00000,0.00000
202.963,0.00000,0.00000,0.00000,0.00000
202.993,0.00000,0.00000,0.00000,0.00000
203.040,0.00000,0.00000,0.00000,0.00000
203.071,0.00000,0.00000,0.00000,0.00000
203.116,0.00000,0.00000,0.00000,0.00000
203.148,0.00000,0.00000,0.00000,0.00000
203.179,0.00000,0.00000,0.00000,0.00000
203.209,0.00000,0.00000,0.00000,0.00000
203.241,0.00000,0.00000,0.00000,0.00000
203.271,0.00000,0.00000,0.00000,0.00000
203.302,0.00000,0.00000,0.00000,0.00000
203.333,0.00000,0.00000,0.00000,0.00000
203.365,0.00000,0.00000,0.00000,0.00000
203.396,0.00000,0.00000,0.00000,0.00000
203.427,0.00000,0.00000,0.00000,0.00000
203.459,0.00000,0.00000,0.00000,0.00000
203.489,0.00000,0.00000,0.00000,0.00000
203.520,0.00000,0.00000,0.00000,0.00000
203.551,0.00000,0.00000,0.00000,0.00000
203.582,0.00000,0.00000,0.00000,0.00000
203.613,0.00000,0.00000,0.00000,0.00000
203.643,0.00000,0.00000,0.00000,0.00000
203.674,0.00000,0.00000,0.00000,0.00000
203.705,0.00000,0.00000,0.00000,0.00000
203.736,0.00000,0.00000,0.00000,0.00000
203.767,0.00000,0.00000,0.00000,0.00000
203.798,0.00000,0.00000,0.00000,0.00000
203.829,0.00000,0.00000,0.00000,0.00000
203.860,0.00000,0.00000,0.00000,0.00000
203.892,0.00000,0.00000,0.00000,0.00000
203.923,0.00000,0.00000,0.00000,0.00000
203.954,0.00000,0.00000,0.00000,0.00000
203.984,0.00000,0.00000,0.00000,0.00000
204.015,0.00000,0.00000,0.00000,0.00000
204.047,0.00000,0.00000,0.00000,0.00000
204.077,0.00000,0.00000,0.00000,0.00000
204.109,0.00000,0.00000,0.00000,0.00000
204.140,0.00000,0.00000,0.00000,0.00000
204.171,0.00000,0.00000,0.00000,0.00000
204.202,0.00000,0.00000,0.00000,0.00000
204.232,0.00000,0.00000,0.00000,0.00000
204.263,0.00000,0.00000,0.00000,0.00000
204.296,0.00000,0.00000,0.00000,0.00000
204.326,0.00000,0.00000,0.00000,0.00000
204.358,0.00000,0.00000,0.00000,0.00000
204.389,0.00000,0.00000,0.00000,0.00000
204.420,0.00000,0.00000,0.00000,0.00000
204.451,0.00000,0.00000,0.00000,0.00000
204.482,0.00000,0.00000,0.00000,0.00000
204.513,0.00000,0.00000,0.00000,0.00000
204.544,0.00000,0.00000,0.00000,0.00000
204.575,0.00000,0.00000,0.00000,0.00000
204.606,0.00000,0.00000,0.00000,0.00000
204.637,0.00000,0.00000,0.00000,0.00000
204.668,0.00000,0.00000,0.00000,0.00000
204.699,0.00000,0.00000,0.00000,0.00000
204.729,0.00000,0.00000,0.00000,0.00000
204.760,0.00000,0.00000,0.00000,0.00000
204.791,0.00000,0.00000,0.00000,0.00000
204.821,0.00000,0.00000,0.00000,0.00000
204.853,0.00000,0.00000,0.00000,0.00000
204.884,0.00000,0.00000,0.00000,0.00000
204.914,0.00000,0.00000,0.00000,0.00000
204.961,0.00000,0.00000,0.00000,0.00000
205.007,0.00000,0.00000,0.00000,0.00000
205.053,0.00000,0.00000,0.00000,0.00000
205.083,0.00000,0.00000,0.00000,0.00000
205.113,0.00000,0.00000,0.00000,0.00000
205.144,0.00000,0.00000,0.00000,0.00000
205.175,0.00000,0.00000,0.00000,0.00000
205.206,0.00000,0.00000,0.00000,0.00000
205.237,0.00000,0.00000,0.00000,0.00000
205.268,0.00000,0.00000,0.00000,0.00000
205.300,0.00000,0.00000,0.00000,0.00000
205.330,0.00000,0.00000,0.00000,0.00000
205.361,0.00000,0.00000,0.00000,0.00000
205.392,0.00000,0.00000,0.00000,0.00000
205.422,0.00000,0.00000,0.00000,0.00000
205.454,0.00000,0.00000,0.00000,0.00000
205.485,0.00000,0.00000,0.00000,0.00000
205.516,0.00000,0.00000,0.00000,0.00000
205.547,0.00000,0.00000,0.00000,0.00000
205.578,0.00000,0.00000,0.00000,0.00000
205.609,0.00000,0.00000,0.00000,0.00000
205.641,0.00000,0.00000,0.00000,0.00000
205.672,0.00000,0.00000,0.00000,0.00000
205.703,0.00000,0.00000,0.00000,0.00000
205.735,0.00000,0.00000,0.00000,0.00000
205.765,0.00000,0.00000,0.00000,0.00000
205.796,0.00000,0.00000,0.00000,0.00000
205.827,0.00000,0.00000,0.00000,0.00000
205.858,0.00000,0.00000,0.00000,0.00000
205.889,0.00000,0.00000,0.00000,0.00000
205.920,0.00000,0.00000,0.00000,0.00000
205.952,0.00000,0.00000,0.00000,0.00000
205.983,0.00000,0.00000,0.00000,0.00000
206.014,0.00000,0.00000,0.00000,0.00000
206.045,0.00000,0.00000,0.00000,0.00000
206.077,0.00000,0.00000,0.00000,0.00000
206.108,0.00000,0.00000,0.00000,0.00000
206.139,0.00000,0.00000,0.00000,0.00000
206.170,0.00000,0.00000,0.00000,0.00000
206.202,0.00000,0.00000,0.00000,0.00000
206.233,0.00000,0.00000,0.00000,0.00000
206.264,0.00000,0.00000,0.00000,0.00000
206.296,0.00000,0.00000,0.00000,0.00000
206.327,0.00000,0.00000,0.00000,0.00000
206.359,0.00000,0.00000,0.00000,0.00000
206.391,0.00000,0.00000,0.00000,0.00000
206.421,0.00000,0.00000,0.00000,0.00000
206.452,0.00000,0.00000,0.00000,0.00000
206.483,0.00000,0.00000,0.00000,0.00000
206.514,0.00000,0.00000,0.00000,0.00000
206.545,0.00000,0.00000,0.00000,0.00000
206.575,0.00000,0.00000,0.00000,0.00000
206.606,0.00000,0.00000,0.00000,0.00000
206.638,0.00000,0.00000,0.00000,0.00000
206.669,0.00000,0.00000,0.00000,0.00000
206.700,0.00000,0.00000,0.00000,0.00000
206.732,0.00000,0.00000,0.00000,0.00000
206.762,0.00000,0.00000,0.00000,0.00000
206.793,0.00000,0.00000,0.00000,0.00000
206.824,0.00000,0.00000,0.00000,0.00000
206.855,0.00000,0.00000,0.00000,0.00000
206.887,0.00000,0.00000,0.00000,0.00000
206.919,0.00000,0.00000,0.00000,0.00000
206.950,0.00000,0.00000,0.00000,0.00000
206.981,0.00000,0.00000,0.00000,0.00000
207.011,0.00000,0.00000,0.00000,0.00000
207.042,0.00000,0.00000,0.00000,0.00000
207.073,0.00000,0.00000,0.00000,0.00000
207.104,0.00000,0.00000,0.00000,0.00000
207.136,0.00000,0.00000,0.00000,0.00000
207.167,0.00000,0.00000,0.00000,0.00000
207.198,0.00000,0.00000,0.00000,0.00000
207.229,0.00000,0.00000,0.00000,0.00000
207.261,0.00000,0.00000,0.00000,0.00000
207.292,0.00000,0.00000,0.00000,0.00000
207.324,0.00000,0.00000,0.00000,0.00000
207.355,0.00000,0.00000,0.00000,0.00000
207.386,0.00000,0.00000,0.00000,0.00000
207.417,0.00000,0.00000,0.00000,0.00000
207.449,0.00000,0.00000,0.00000,0.00000
207.480,0.00000,0.00000,0.00000,0.00000
207.512,0.00000,0.00000,0.00000,0.00000
207.543,0.00000,0.00000,0.01525,0.01022
207.574,0.00000,0.00000,0.43725,0.36046
207.605,0.00000,0.00000,0.95209,0.90296
207.636,0.00000,0.00000,1.00000,1.00000
207.667,0.00000,0.00000,1.00000,1.00000
207.697,0.00000,0.00000,1.00000,1.00000
207.729,0.00000,0.00000,1.00000,1.00000
207.760,0.00000,0.00000,1.00000,1.00000
207.791,0.00000,0.00000,1.00000,1.00000
207.823,0.00000,0.00000,1.00000,1.00000
207.853,0.00000,0.00000,1.00000,1.00000
207.884,0.00000,0.00000,1.00000,1.00000
207.916,0.00000,0.00000,1.00000,1.00000
207.946,0.00000,0.00000,1.00000,1.00000
207.978,0.00000,0.00000,1.00000,0.72092
208.008,0.00000,0.00000,0.00000,0.00000
208.054,0.00000,0.00000,0.00000,0.00000
208.101,0.00000,0.00000,0.00000,0.00000
208.132,0.00000,0.00000,0.00000,0.00000
208.164,0.00000,0.00000,0.00000,0.00000
208.211,0.00000,0.00000,0.00000,0.00000
208.257,0.00000,0.00000,0.00000,0.00000
208.304,0.00000,0.00000,0.00000,0.00000
208.335,0.00000,0.00000,0.00000,0.00000
208.366,0.00000,0.00000,0.00000,0.00000
208.397,0.00000,0.00000,0.00000,0.00000
208.430,0.00000,0.00000,0.00000,0.00000
208.476,0.00000,0.00000,0.00000,0.00000
208.507,0.00000,0.00000,0.00000,0.00000
208.554,0.00000,0.00000,0.00000,0.00000
208.585,0.00000,0.00000,0.00000,0.00000
208.632,0.00000,0.00000,0.00000,0.00000
208.663,0.00000,0.00000,0.00000,0.00000
208.694,0.00000,0.00000,0.00000,0.00000
208.724,0.00000,0.00000,0.00000,0.00000
208.756,0.00000,0.00000,0.00000,0.00000
208.787,0.00000,0.00000,0.00000,0.00000
208.818,0.00000,0.00000,0.00000,0.00000
208.848,0.00000,0.00000,0.00000,0.00000
208.880,0.00000,0.00000,0.00000,0.00000
208.911,0.00000,0.00000,0.00000,0.00000
208.943,0.00000,0.00000,0.00000,0.00000
208.973,0.00000,0.00000,0.00000,0.00000
209.005,0.00000,0.00000,0.00000,0.00000
209.035,0.00000,0.00000,0.00000,0.00000
209.067,0.00000,0.00000,0.00000,0.00000
209.099,0.00000,0.00000,0.00000,0.00000
209.130,0.00000,0.00000,0.00000,0.00000
209.161,0.00000,0.00000,0.00000,0.00000
209.192,0.00000,0.00000,0.00000,0.00000
209.223,0.00000,0.00000,0.00000,0.00000
209.254,0.00000,0.00000,0.00000,0.00000
209.285,0.00000,0.00000,0.00000,0.00000
209.316,0.00000,0.00000,0.00000,0.00000
209.348,0.00000,0.00000,0.00000,0.00000
209.379,0.00000,0.00000,0.00000,0.00000
209.410,0.00000,0.00000,0.00000,0.00000
209.442,0.00000,0.00000,0.00000,0.00000
209.473,0.00000,0.00000,0.00000,0.00000
209.504,0.00000,0.00000,0.00000,0.00000
209.536,0.00000,0.00000,0.00000,0.00000
209.567,0.00000,0.00000,0.00000,0.00000
209.597,0.00000,0.00000,0.00000,0.00000
209.628,0.00000,0.00000,0.00000,0.00000
209.659,0.00000,0.00000,0.00000,0.00000
209.690,0.00000,0.00000,0.00000,0.00000
209.721,0.00000,0.00000,0.00000,0.00000
209.752,0.00000,0.00000,0.00000,0.00000
209.783,0.00000,0.00000,0.00000,0.00000
209.815,0.00000,0.00000,0.00000,0.00000
209.846,0.00000,0.00000,0.00000,0.00000
209.878,0.00000,0.00000,0.00000,0.00000
209.909,0.00000,0.00000,0.00000,0.00000
209.940,0.00000,0.00000,0.00000,0.00000
209.972,0.00000,0.00000,0.00000,0.00000
210.003,0.00000,0.00000,0.00000,0.00000
210.033,0.00000,0.00000,0.00000,0.00000
210.064,0.00000,0.00000,0.00000,0.00000
210.096,0.00000,0.00000,0.00000,0.00000
210.126,0.00000,0.00000,0.00000,0.00000
210.157,0.00000,0.00000,0.00000,0.00000
210.189,0.00000,0.00000,0.00000,0.00000
210.220,0.00000,0.00000,0.00000,0.00000
210.251,0.00000,0.00000,0.00000,0.00000
210.282,0.00000,0.00000,0.00000,0.00000
210.313,0.00000,0.00000,0.00000,0.00000
210.344,0.00000,0.00000,0.00000,0.00000
210.375,0.00000,0.00000,0.00000,0.00000
210.406,0.00000,0.00000,0.00000,0.00000
210.437,0.00000,0.00000,0.00000,0.00000
210.468,0.00000,0.00000,0.00000,0.00000
210.499,0.00000,0.00000,0.00000,0.00000
210.530,0.00000,0.00000,0.00000,0.00000
210.561,0.00000,0.00000,0.00000,0.00000
210.592,0.00000,0.00000,0.00000,0.00000
210.623,0.00000,0.00000,0.00000,0.00000
210.654,0.00000,0.00000,0.00000,0.00000
210.685,0.00000,0.00000,0.00000,0.00000
210.716,0.00000,0.00000,0.00000,0.00000
210.747,0.00000,0.00000,0.00000,0.00000
210.778,0.00000,0.00000,0.00000,0.00000
210.810,0.00000,0.00000,0.00000,0.00000
210.841,0.00000,0.00000,0.00000,0.00000
210.872,0.00000,0.00000,0.00000,0.00000
210.903,0.00000,0.00000,0.00000,0.00000
210.934,0.00000,0.00000,0.00000,0.00000
210.965,0.00000,0.00000,0.00000,0.00000
210.996,0.00000,0.00000,0.00000,0.00000
211.028,0.00000,0.00000,0.00000,0.00000
211.059,0.00000,0.00000,0.00000,0.00000
211.090,0.00000,0.00000,0.00000,0.00000
211.121,0.00000,0.00000,0.00000,0.00000
211.152,0.00000,0.00000,0.00000,0.00000
211.183,0.00000,0.00000,0.00000,0.00000
211.214,0.00000,0.00000,0.00000,0.00000
211.245,0.00000,0.00000,0.00000,0.00000
211.276,0.00000,0.00000,0.00000,0.00000
211.307,0.00000,0.00000,0.00000,0.00000
211.338,0.00000,0.00000,0.00000,0.00000
211.369,0.00000,0.00000,0.00000,0.00000
211.400,0.00000,0.00000,0.00000,0.00000
211.431,0.00000,0.00000,0.00000,0.00000
211.463,0.00000,0.00000,0.00000,0.00000
211.494,0.00000,0.00000,0.00000,0.00000
211.525,0.00000,0.00000,0.00000,0.00000
211.556,0.00000,0.00000,0.00000,0.00000
211.588,0.00000,0.00000,0.04998,0.07577
211.619,0.00000,0.00000,1.00000,1.00000
211.650,0.00000,0.00000,1.00000,1.00000
211.680,0.00000,0.00000,1.00000,1.00000
211.726,0.00000,0.00000,1.00000,1.00000
211.771,0.00000,0.00000,1.00000,1.00000
211.803,0.00000,0.00000,1.00000,1.00000
211.834,0.00000,0.00000,1.00000,1.00000
211.866,0.00000,0.00000,1.00000,1.00000
211.897,0.00000,0.00000,1.00000,1.00000
211.929,0.00000,0.00000,1.00000,1.00000
211.975,0.00000,0.00000,1.00000,1.00000
212.007,0.00000,0.00000,1.00000,1.00000
212.039,0.00000,0.00000,1.00000,1.00000
212.071,0.00000,0.00000,1.00000,1.00000
212.103,0.00000,0.00000,1.00000,1.00000
212.149,0.00000,0.00000,1.00000,1.00000
212.196,0.00000,0.00000,1.00000,1.00000
212.242,0.00000,0.00000,1.00000,1.00000
212.273,0.00000,0.00000,1.00000,1.00000
212.305,0.00000,0.00000,1.00000,1.00000
212.352,0.00000,0.00000,0.90115,1.00000
212.399,0.00000,0.00000,0.87512,1.00000
212.445,0.00000,0.00000,1.00000,1.00000
212.492,0.00000,0.00000,1.00000,1.00000
212.524,0.00000,0.00000,1.00000,1.00000
212.556,0.00000,0.00000,1.00000,1.00000
212.586,0.00000,0.00000,1.00000,1.00000
212.617,0.00000,0.00000,1.00000,1.00000
212.664,0.00000,0.00000,1.00000,1.00000
212.709,0.00000,0.00000,0.75133,1.00000
212.740,0.00000,0.00000,1.00000,1.00000
212.771,0.00000,0.00000,1.00000,1.00000
212.802,0.00000,0.00000,1.00000,1.00000
212.833,0.00000,0.00000,1.00000,1.00000
212.863,0.00000,0.00000,0.94079,1.00000
212.894,0.00000,0.00000,0.94079,1.00000
212.925,0.00000,0.00000,1.00000,1.00000
212.955,0.00000,0.00000,1.00000,1.00000
212.986,0.00000,0.00000,1.00000,1.00000
213.017,0.00000,0.00000,1.00000,1.00000
213.049,0.00000,0.00000,1.00000,1.00000
213.080,0.00000,0.00000,1.00000,1.00000
213.111,0.00000,0.00000,1.00000,1.00000
213.142,0.00000,0.00000,0.95547,1.00000
213.173,0.00000,0.00000,0.43859,0.54985
213.204,0.00000,0.00000,0.68055,0.80977
213.235,0.00000,0.00000,0.68055,0.80977
213.266,0.00000,0.00000,0.68055,0.80977
213.298,0.00000,0.00000,0.64383,0.75865
213.328,0.00000,0.00000,0.60070,0.66668
213.360,0.00000,0.00000,0.54487,0.52789
213.392,0.00000,0.00000,0.54487,0.43464
213.422,0.00000,0.00000,0.54487,0.43464
213.454,0.00000,0.00000,0.16781,0.13165
213.484,0.00000,0.00000,0.06891,0.04750
213.515,0.00000,0.00000,0.06891,0.04663
213.546,0.00000,0.00000,0.06891,0.04663
213.576,0.00000,0.00000,0.04451,0.03164
213.608,0.00000,0.00000,0.02668,0.01912
213.639,0.00000,0.00000,0.02425,0.01703
213.670,0.00000,0.00000,0.02134,0.01460
213.701,0.00000,0.00000,0.01979,0.01348
213.732,0.00000,0.00000,0.01802,0.01184
213.763,0.00000,0.00000,0.01884,0.01234
213.795,0.00000,0.00000,0.01884,0.01234
213.825,0.00000,0.00000,0.01884,0.01234
213.856,0.00000,0.00000,0.01479,0.00961
213.887,0.00000,0.00000,0.01479,0.00961
213.919,0.00000,0.00000,0.01479,0.00961
213.950,0.00000,0.00000,0.01173,0.00760
213.981,0.00000,0.00000,0.01173,0.00760
214.012,0.00000,0.00000,0.00918,0.00597
214.044,0.00000,0.00000,0.00624,0.00407
214.074,0.00000,0.00000,0.00590,0.00396
214.106,0.00000,0.00000,0.00590,0.00396
214.136,0.00000,0.00000,0.00355,0.00254
214.167,0.00000,0.00000,0.00355,0.00254
214.199,0.00000,0.00000,0.00267,0.00191
214.230,0.00000,0.00000,0.00178,0.00134
214.261,0.00000,0.00000,0.00117,0.00093
214.292,0.00000,0.00000,0.00071,0.00058
214.324,0.00000,0.00000,0.00032,0.00027
214.354,0.00000,0.00000,0.00010,0.00009
214.386,0.00000,0.00000,0.00000,0.00000
214.417,0.00000,0.00000,0.00000,0.00000
214.448,0.00000,0.00000,0.00000,0.00000
214.478,0.00000,0.00000,0.00000,0.00000
214.511,0.00000,0.00000,0.00000,0.00000
214.541,0.00000,0.00000,0.00000,0.00000
214.572,0.00000,0.00000,0.00000,0.00000
214.603,0.00000,0.00000,0.00000,0.00000
214.634,0.00000,0.00000,0.00000,0.00000
214.664,0.00000,0.00000,0.00000,0.00000
214.711,0.00000,0.00000,0.00000,0.00000
214.758,0.00000,0.00000,0.00000,0.00000
214.805,0.00000,0.00000,0.00000,0.00000
214.835,0.00000,0.00000,0.00000,0.00000
214.866,0.00000,0.00000,0.00000,0.00000
214.898,0.00000,0.00000,0.00000,0.00000
214.928,0.00000,0.00000,0.00000,0.00000
214.960,0.00000,0.00000,0.00000,0.00000
214.992,0.00000,0.00000,0.00000,0.00000
215.039,0.00000,0.00000,0.00000,0.00000
215.085,0.00000,0.00000,0.00000,0.00000
215.116,0.00000,0.00000,0.00000,0.00000
215.147,0.00000,0.00000,0.00000,0.00000
215.178,0.00000,0.00000,0.00000,0.00000
215.209,0.00000,0.00000,0.00000,0.00000
215.240,0.00000,0.00000,0.00000,0.00000
215.271,0.00000,0.00000,0.00000,0.00000
215.302,0.00000,0.00000,0.00000,0.00000
215.333,0.00000,0.00000,0.00000,0.00000
215.363,0.00000,0.00000,0.00000,0.00000
215.395,0.00000,0.00000,0.00000,0.00000
215.426,0.00000,0.00000,0.00000,0.00000
215.457,0.00000,0.00000,0.00000,0.00000
215.488,0.00000,0.00000,0.00000,0.00000
215.519,0.00000,0.00000,0.00000,0.00000
215.550,0.00000,0.00000,0.00000,0.00000
215.582,0.00000,0.00000,0.00000,0.00000
215.613,0.00000,0.00000,0.00000,0.00000
215.645,0.00000,0.00000,0.00000,0.00000
215.675,0.00000,0.00000,0.00000,0.00000
215.706,0.00000,0.00000,0.00000,0.00000
215.737,0.00000,0.00000,0.00000,0.00000
215.767,0.00000,0.00000,0.00000,0.00000
215.798,0.00000,0.00000,0.00000,0.00000
215.829,0.00000,0.00000,0.00000,0.00000
215.861,0.00000,0.00000,0.00000,0.00000
215.891,0.00000,0.00000,0.00000,0.00000
215.922,0.00000,0.00000,0.00000,0.00000
215.953,0.00000,0.00000,0.00000,0.00000
215.983,0.00000,0.00000,0.00000,0.00000
216.014,0.00000,0.00000,0.00000,0.00000
216.045,0.00000,0.00000,0.00000,0.00000
216.076,0.00000,0.00000,0.00000,0.00000
216.108,0.00000,0.00000,0.00000,0.00000
216.139,0.00000,0.00000,0.00000,0.00000
216.170,0.00000,0.00000,0.00000,0.00000
216.201,0.00000,0.00000,0.00000,0.00000
216.233,0.00000,0.00000,0.00000,0.00000
216.264,0.00000,0.00000,0.00000,0.00000
216.295,0.00000,0.00000,0.00000,0.00000
216.326,0.00000,0.00000,0.00000,0.00000
216.357,0.00000,0.00000,0.00000,0.00000
216.387,0.00000,0.00000,0.00000,0.00000
216.419,0.00000,0.00000,0.00000,0.00000
216.450,0.00000,0.00000,0.00000,0.00000
216.481,0.00000,0.00000,0.00000,0.00000
216.511,0.00000,0.00000,0.00000,0.00000
216.541,0.00000,0.00000,0.00000,0.00000
216.572,0.00000,0.00000,0.00000,0.00000
216.603,0.00000,0.00000,0.00000,0.00000
216.635,0.00000,0.00000,0.00000,0.00000
216.666,0.00000,0.00000,0.00000,0.00000
216.698,0.00000,0.00000,0.00000,0.00000
216.728,0.00000,0.00000,0.00000,0.00000
216.759,0.00000,0.00000,0.00000,0.00000
216.790,0.00000,0.00000,0.00000,0.00000
216.821,0.00000,0.00000,0.00000,0.00000
216.867,0.00000,0.00000,0.00000,0.00000
216.913,0.00000,0.00000,0.00000,0.00000
216.959,0.00000,0.00000,0.00000,0.00000
216.990,0.00000,0.00000,0.00000,0.00000
217.021,0.00000,0.00000,0.00000,0.00000
217.052,0.00000,0.00000,0.00000,0.00000
217.082,0.00000,0.00000,0.00000,0.00000
217.113,0.00000,0.00000,0.00000,0.00000
217.144,0.00000,0.00000,0.00000,0.00000
217.175,0.00000,0.00000,0.00000,0.00000
217.206,0.00000,0.00000,0.00000,0.00000
217.237,0.00000,0.00000,0.00000,0.00000
217.267,0.00000,0.00000,0.00000,0.00000
217.298,0.00000,0.00000,0.00000,0.00000
217.328,0.00000,0.00000,0.00000,0.00000
217.360,0.00000,0.00000,0.00000,0.00000
217.391,0.00000,0.00000,0.00000,0.00000
217.422,0.00000,0.00000,0.00000,0.00000
217.453,0.00000,0.00000,0.00000,0.00000
217.484,0.00000,0.00000,0.00000,0.00000
217.515,0.00000,0.00000,0.00000,0.00000
217.547,0.00000,0.00000,0.00000,0.00000
217.577,0.00000,0.00000,0.00000,0.00000
217.609,0.00000,0.00000,0.00000,0.00000
217.641,0.00000,0.00000,0.00000,0.00000
217.671,0.00000,0.00000,0.00000,0.00000
217.703,0.00000,0.00000,0.00000,0.00000
217.735,0.00000,0.00000,0.00000,0.00000
217.766,0.00000,0.00000,0.00000,0.00000
217.796,0.00000,0.00000,0.00000,0.00000
217.827,0.00000,0.00000,0.00000,0.00000
217.859,0.00000,0.00000,0.00000,0.00000
217.890,0.00000,0.00000,0.00000,0.00000
217.921,0.00000,0.00000,0.00000,0.00000
217.952,0.00000,0.00000,0.00000,0.00000
217.982,0.00000,0.00000,0.00000,0.00000
218.013,0.00000,0.00000,0.00000,0.00000
218.045,0.00000,0.00000,0.00000,0.00000
218.075,0.00000,0.00000,0.00000,0.00000
218.106,0.00000,0.00000,0.00000,0.00000
218.137,0.00000,0.00000,0.00000,0.00000
218.168,0.00000,0.00000,0.00000,0.00000
218.199,0.00000,0.00000,0.00000,0.00000
218.230,0.00000,0.00000,0.00000,0.00000
218.261,0.00000,0.00000,0.00000,0.00000
218.292,0.00000,0.00000,0.00000,0.00000
218.323,0.00000,0.00000,0.00000,0.00000
218.353,0.00000,0.00000,0.00000,0.00000
218.384,0.00000,0.00000,0.00000,0.00000
218.416,0.00000,0.00000,0.00000,0.00000
218.447,0.00000,0.00000,0.00000,0.00000
218.477,0.00000,0.00000,0.00000,0.00000
218.524,0.00000,0.00000,0.00000,0.00000
218.570,0.00000,0.00000,0.00000,0.00000
218.616,0.00000,0.00000,0.00000,0.00000
218.648,0.00000,0.00000,0.00000,0.00000
218.695,0.00000,0.00000,0.00000,0.00000
218.727,0.00000,0.00000,0.00000,0.00000
218.773,0.00000,0.00000,0.00000,0.00000
218.820,0.00000,0.00000,0.00000,0.00000
218.866,0.00000,0.00000,0.00000,0.00000
218.897,0.00000,0.00000,0.00000,0.00000
218.928,0.00000,0.00000,0.00000,0.00000
218.959,0.00000,0.00000,0.00000,0.00000
218.991,0.00000,0.00000,0.00000,0.00000
219.022,0.00000,0.00000,0.00000,0.00000
219.053,0.00000,0.00000,0.00000,0.00000
219.084,0.00000,0.00000,0.00000,0.00000
219.115,0.00000,0.00000,0.00000,0.00000
219.147,0.00000,0.00000,0.00000,0.00000
219.177,0.00000,0.00000,0.00000,0.00000
219.209,0.00000,0.00000,0.00000,0.00000
219.240,0.00000,0.00000,0.00000,0.00000
219.271,0.00000,0.00000,0.00000,0.00000
219.303,0.00000,0.00000,0.00000,0.00000
219.335,0.00000,0.00000,0.00000,0.00000
219.365,0.00000,0.00000,0.00000,0.00000
219.396,0.00000,0.00000,0.00000,0.00000
219.428,0.00000,0.00000,0.00000,0.00000
219.459,0.00000,0.00000,0.00000,0.00000
219.490,0.00000,0.00000,0.00000,0.00000
219.523,0.00000,0.00000,0.00000,0.00000
219.569,0.00000,0.00000,0.00000,0.00000
219.600,0.00000,0.00000,0.00000,0.00000
219.631,0.00000,0.00000,0.00000,0.00000
219.662,0.00000,0.00000,0.00000,0.00000
219.693,0.00000,0.00000,0.00000,0.00000
219.724,0.00000,0.00000,0.00000,0.00000
219.756,0.00000,0.00000,0.00000,0.00000
219.788,0.00000,0.00000,0.00000,0.00000
219.818,0.00000,0.00000,0.00000,0.00000
219.850,0.00000,0.00000,0.00000,0.00000
219.880,0.00000,0.00000,0.00000,0.00000
219.912,0.00000,0.00000,0.00000,0.00000
219.942,0.00000,0.00000,0.00000,0.00000
219.973,0.00000,0.00000,0.00000,0.00000
220.004,0.00000,0.00000,0.00000,0.00000
220.036,0.00000,0.00000,0.00000,0.00000
220.067,0.00000,0.00000,0.00000,0.00000
220.099,0.00000,0.00000,0.00000,0.00000
220.130,0.00000,0.00000,0.00000,0.00000
220.161,0.00000,0.00000,0.00000,0.00000
220.192,0.00000,0.00000,0.00000,0.00000
220.223,0.00000,0.00000,0.00000,0.00000
220.255,0.00000,0.00000,0.00000,0.00000
220.286,0.00000,0.00000,0.00000,0.00000
220.317,0.00000,0.00000,0.00000,0.00000
220.348,0.00000,0.00000,0.00000,0.00000
220.379,0.00000,0.00000,0.00000,0.00000
220.411,0.00000,0.00000,0.00000,0.00000
220.442,0.00000,0.00000,0.00000,0.00000
220.472,0.00000,0.00000,0.00000,0.00000
220.503,0.06752,0.06331,0.50578,0.19368
220.535,0.12589,0.11661,0.50578,0.24530
220.565,0.12589,0.11661,0.50578,0.24530
220.596,0.12589,0.11661,0.50578,0.24530
220.628,0.11800,0.10882,0.44136,0.12997
220.659,0.07605,0.07627,0.00000,0.00000
220.691,0.06513,0.06307,0.00000,0.00000
220.722,0.04386,0.04687,0.00000,0.00000
220.753,0.04386,0.04687,0.00000,0.00000
220.784,0.03914,0.03535,0.00000,0.00000
220.816,0.04166,0.04039,0.00000,0.00000
220.848,0.04166,0.04039,0.00000,0.00000
220.879,0.04166,0.04039,0.00000,0.00000
220.910,0.03682,0.03933,0.00000,0.00000
220.943,0.11643,0.11101,0.00000,0.00000
220.973,0.11643,0.11101,0.00000,0.00000
221.004,0.11643,0.11101,0.00000,0.00000
221.035,0.11643,0.11101,0.00000,0.00000
221.066,0.05954,0.06559,0.00000,0.00000
221.096,0.05954,0.06559,0.00000,0.00000
221.129,0.04123,0.03895,0.00000,0.00000
221.160,0.04123,0.03895,0.00000,0.00000
221.191,0.04662,0.04378,0.00000,0.00000
221.223,0.04662,0.04557,0.00000,0.00000
221.253,0.04662,0.04557,0.00000,0.00000
221.284,0.04479,0.04557,0.00000,0.00000
221.315,0.06322,0.07327,0.00000,0.00000
221.346,0.06322,0.07327,0.00000,0.00000
221.377,0.06322,0.07327,0.00000,0.00000
221.409,0.16380,0.13939,0.00000,0.00000
221.440,0.16380,0.13939,0.00000,0.00000
221.471,0.16380,0.13939,0.00000,0.00000
221.503,0.10482,0.10136,0.00000,0.00000
221.533,0.07198,0.10372,0.00000,0.00000
221.564,0.07198,0.10372,0.00000,0.00000
221.595,0.07198,0.10372,0.00000,0.00000
221.627,0.05070,0.05816,0.00000,0.00000
221.657,0.03165,0.05031,0.00000,0.00000
221.688,0.02404,0.04404,0.00000,0.00000
221.719,0.02835,0.02557,0.00000,0.00000
221.749,0.02835,0.02557,0.00000,0.00000
221.780,0.02835,0.02557,0.00000,0.00000
221.815,0.02814,0.02006,0.00000,0.00000
221.842,0.02814,0.01940,0.00000,0.00000
221.873,0.01889,0.01442,0.00000,0.00000
221.904,0.01393,0.00958,0.00000,0.00000
221.936,0.02426,0.01101,0.00000,0.00000
221.966,0.02426,0.01101,0.00000,0.00000
221.998,0.02426,0.01101,0.00000,0.00000
222.028,0.02553,0.02428,0.00000,0.00000
222.060,0.02553,0.02428,0.00000,0.00000
222.091,0.02553,0.02428,0.00000,0.00000
222.122,0.02882,0.03154,0.00000,0.00000
222.153,0.04082,0.03597,0.00000,0.00000
222.183,0.04082,0.03635,0.00000,0.00000
222.215,0.09434,0.08704,0.00000,0.00000
222.246,0.09434,0.08704,0.00000,0.00000
222.278,0.09434,0.08704,0.00000,0.00000
222.309,0.09434,0.08704,0.00000,0.00000
222.339,0.05905,0.05865,0.00000,0.00000
222.371,0.05730,0.05455,0.00000,0.00000
222.402,0.07596,0.07111,0.00000,0.00000
222.432,0.07596,0.07111,0.00000,0.00000
222.463,0.07596,0.07111,0.00000,0.00000
222.494,0.07653,0.07852,0.00000,0.00000
222.527,0.07653,0.07852,0.00000,0.00000
222.557,0.07740,0.07852,0.00000,0.00000
222.588,0.07740,0.05848,0.00000,0.00000
222.619,0.09673,0.05976,0.00000,0.00000
222.650,0.09673,0.05976,0.00000,0.00000
222.682,0.10537,0.08103,0.00000,0.00000
222.712,0.10537,0.08103,0.00000,0.00000
222.744,0.10537,0.08103,0.00000,0.00000
222.774,0.10537,0.08103,0.00000,0.00000
222.805,0.07004,0.06729,0.00000,0.00000
222.851,0.09975,0.06729,0.00000,0.00000
222.882,0.09975,0.07206,0.00000,0.00000
222.913,0.09975,0.09731,0.00000,0.00000
222.944,0.07930,0.09731,0.00000,0.00000
222.975,0.07930,0.09731,0.00000,0.00000
223.005,0.07112,0.08646,0.00000,0.00000
223.037,0.07112,0.08646,0.00000,0.00000
223.067,0.09126,0.08778,0.00000,0.00000
223.098,0.09126,0.08778,0.00000,0.00000
223.129,0.09126,0.08778,0.00000,0.00000
223.161,0.07015,0.06472,0.00000,0.00000
223.192,0.07015,0.06472,0.00000,0.00000
223.223,0.09038,0.08230,0.00000,0.00000
223.253,0.09038,0.08230,0.00000,0.00000
223.284,0.09038,0.08230,0.00000,0.00000
223.315,0.07215,0.07653,0.00000,0.00000
223.345,0.07215,0.07653,0.00000,0.00000
223.376,0.06479,0.07261,0.00000,0.00000
223.407,0.06459,0.06418,0.00000,0.00000
223.439,0.06306,0.06345,0.00000,0.00000
223.470,0.05320,0.04874,0.00000,0.00000
223.501,0.06702,0.06491,0.00000,0.00000
223.531,0.06702,0.06491,0.00000,0.00000
223.562,0.06702,0.07300,0.00000,0.00000
223.593,0.06673,0.07300,0.00000,0.00000
223.624,0.07294,0.07300,0.00000,0.00000
223.656,0.07294,0.07178,0.00000,0.00000
223.687,0.07294,0.07178,0.00000,0.00000
223.718,0.05548,0.05691,0.00000,0.00000
223.749,0.05548,0.05691,0.00000,0.00000
223.780,0.05575,0.05536,0.00000,0.00000
223.811,0.05575,0.05536,0.00000,0.00000
223.843,0.05575,0.05536,0.00000,0.00000
223.874,0.04957,0.05301,0.00000,0.00000
223.905,0.04957,0.04901,0.00000,0.00000
223.936,0.04977,0.04901,0.00000,0.00000
223.968,0.04977,0.04901,0.00000,0.00000
223.999,0.04977,0.04901,0.00000,0.00000
224.030,0.04469,0.04206,0.00000,0.00000
224.060,0.04469,0.04206,0.00000,0.00000
224.092,0.07226,0.06540,0.00000,0.00000
224.122,0.07226,0.06540,0.00000,0.00000
224.154,0.07226,0.06540,0.00000,0.00000
224.184,0.04155,0.04433,0.00000,0.00000
224.215,0.04098,0.04433,0.00000,0.00000
224.246,0.03978,0.04433,0.00000,0.00000
224.277,0.02262,0.02418,0.00000,0.00000
224.309,0.02061,0.01989,0.00000,0.00000
224.339,0.02061,0.01989,0.00000,0.00000
224.370,0.03345,0.04889,0.00000,0.00000
224.401,0.03505,0.04889,0.00000,0.00000
224.433,0.03505,0.04889,0.00000,0.00000
224.465,0.03505,0.04400,0.00000,0.00000
224.495,0.03430,0.03166,0.00000,0.00000
224.527,0.03430,0.03166,0.00000,0.00000
224.558,0.03430,0.03166,0.00000,0.00000
224.589,0.02482,0.02729,0.00000,0.00000
224.620,0.02482,0.02729,0.00000,0.00000
224.651,0.02482,0.02729,0.00000,0.00000
224.683,0.01666,0.01901,0.00000,0.00000
224.714,0.01371,0.01426,0.00000,0.00000
224.745,0.01691,0.01726,0.00000,0.00000
224.776,0.01691,0.01726,0.00000,0.00000
224.808,0.01691,0.01726,0.00000,0.00000
224.839,0.01691,0.01726,0.00000,0.00000
224.870,0.01145,0.01052,0.00000,0.00000
224.901,0.00395,0.00695,0.00000,0.00000
224.933,0.00273,0.00215,0.00000,0.00000
224.963,0.00183,0.00199,0.00000,0.00000
224.995,0.00125,0.00199,0.00000,0.00000
225.027,0.00059,0.00061,0.00000,0.00000
225.057,0.00016,0.00019,0.00000,0.00000
225.089,0.00012,0.00012,0.00000,0.00000
225.120,0.00000,0.00000,0.00000,0.00000
225.151,0.00000,0.00000,0.00000,0.00000
225.183,0.00000,0.00000,0.00000,0.00000
225.214,0.00000,0.00000,0.00000,0.00000
225.245,0.00000,0.00000,0.00000,0.00000
225.276,0.00000,0.00000,0.00000,0.00000
225.307,0.00000,0.00000,0.00000,0.00000
225.338,0.00000,0.00000,0.00000,0.00000
225.369,0.00000,0.00000,0.00000,0.00000
225.400,0.00000,0.00000,0.00000,0.00000
225.431,0.00000,0.00000,0.00000,0.00000
225.462,0.00000,0.00000,0.00000,0.00000
225.493,0.00000,0.00000,0.00000,0.00000
225.524,0.00000,0.00000,0.00000,0.00000
225.556,0.00000,0.00000,0.00000,0.00000
225.587,0.00000,0.00000,0.00000,0.00000
225.618,0.00000,0.00000,0.00000,0.00000
225.649,0.00000,0.00000,0.00000,0.00000
225.681,0.00000,0.00000,0.00000,0.00000
225.727,0.00000,0.00000,0.00000,0.00000
225.773,0.00000,0.00000,0.00000,0.00000
225.821,0.00000,0.00000,0.00000,0.00000
225.852,0.00000,0.00000,0.00000,0.00000
225.898,0.00000,0.00000,0.00000,0.00000
225.944,0.00000,0.00000,0.00000,0.00000
225.975,0.00000,0.00000,0.00000,0.00000
226.006,0.00000,0.00000,0.00000,0.00000
226.039,0.00000,0.00000,0.00000,0.00000
226.087,0.00000,0.00000,0.00000,0.00000
226.117,0.00000,0.00000,0.00000,0.00000
226.149,0.00000,0.00000,0.00000,0.00000
226.180,0.00000,0.00000,0.00000,0.00000
226.212,0.00000,0.00000,0.00000,0.00000
226.243,0.00000,0.00000,0.00000,0.00000
226.274,0.00000,0.00000,0.00000,0.00000
226.305,0.00000,0.00000,0.00000,0.00000
226.351,0.00000,0.00000,0.00000,0.00000
226.399,0.00000,0.00000,0.00000,0.00000
226.445,0.00000,0.00000,0.00000,0.00000
226.476,0.00000,0.00000,0.00000,0.00000
226.506,0.00000,0.00000,0.00000,0.00000
226.538,0.00000,0.00000,0.00000,0.00000
226.569,0.00000,0.00000,0.00000,0.00000
226.600,0.00000,0.00000,0.00000,0.00000
226.631,0.00000,0.00000,0.00000,0.00000
226.662,0.00000,0.00000,0.00000,0.00000
226.693,0.00000,0.00000,0.00000,0.00000
226.724,0.00000,0.00000,0.00000,0.00000
226.754,0.00000,0.00000,0.00000,0.00000
226.785,0.00000,0.00000,0.00000,0.00000
226.817,0.00000,0.00000,0.00000,0.00000
226.848,0.00000,0.00000,0.00000,0.00000
226.879,0.00000,0.00000,0.00000,0.00000
226.911,0.00000,0.00000,0.00000,0.00000
226.942,0.00000,0.00000,0.00000,0.00000
226.974,0.00000,0.00000,0.00000,0.00000
227.005,0.00000,0.00000,0.00000,0.00000
227.036,0.00000,0.00000,0.00000,0.00000
227.068,0.00000,0.00000,0.00000,0.00000
227.100,0.00000,0.00000,0.00000,0.00000
227.130,0.00000,0.00000,0.00000,0.00000
227.162,0.00000,0.00000,0.00000,0.00000
227.193,0.00000,0.00000,0.00000,0.00000
227.223,0.00000,0.00000,0.00000,0.00000
227.255,0.00000,0.00000,0.00000,0.00000
227.286,0.00000,0.00000,0.00000,0.00000
227.317,0.00000,0.00000,0.00000,0.00000
227.348,0.00000,0.00000,0.00000,0.00000
227.380,0.00000,0.00000,0.00000,0.00000
227.411,0.00000,0.00000,0.00000,0.00000
227.442,0.00000,0.00000,0.00000,0.00000
227.473,0.00000,0.00000,0.00000,0.00000
227.504,0.00000,0.00000,0.00000,0.00000
227.535,0.00000,0.00000,0.00000,0.00000
227.566,0.00000,0.00000,0.00000,0.00000
227.597,0.00000,0.00000,0.00000,0.00000
227.628,0.00000,0.00000,0.00000,0.00000
227.658,0.00000,0.00000,0.00000,0.00000
227.690,0.00000,0.00000,0.00000,0.00000
227.720,0.00000,0.00000,0.00000,0.00000
227.751,0.00000,0.00000,0.00000,0.00000
227.783,0.00000,0.00000,0.00000,0.00000
227.813,0.00000,0.00000,0.00000,0.00000
227.845,0.00000,0.00000,0.00000,0.00000
227.876,0.00000,0.00000,0.00000,0.00000
227.907,0.00000,0.00000,0.00000,0.00000
227.939,0.00000,0.00000,0.00000,0.00000
227.971,0.00000,0.00000,0.00000,0.00000
228.002,0.00000,0.00000,0.00000,0.00000
228.032,0.00000,0.00000,0.00000,0.00000
228.063,0.00000,0.00000,0.00000,0.00000
228.095,0.00000,0.00000,0.00000,0.00000
228.126,0.00000,0.00000,0.00000,0.00000
228.156,0.00000,0.00000,0.00000,0.00000
228.187,0.00000,0.00000,0.00000,0.00000
228.218,0.00000,0.00000,0.00000,0.00000
228.250,0.00000,0.00000,0.00000,0.00000
228.281,0.00000,0.00000,0.00000,0.00000
228.311,0.00000,0.00000,0.00000,0.00000
228.343,0.00000,0.00000,0.00000,0.00000
228.374,0.00000,0.00000,0.00000,0.00000
228.405,0.00000,0.00000,0.00000,0.00000
228.437,0.00000,0.00000,0.00000,0.00000
228.468,0.00000,0.00000,0.00000,0.00000
228.499,0.00000,0.00000,0.00000,0.00000
228.530,0.00000,0.00000,0.00000,0.00000
228.561,0.00000,0.00000,0.00000,0.00000
228.593,0.00000,0.00000,0.00000,0.00000
228.624,0.00000,0.00000,0.00000,0.00000
228.654,0.00000,0.00000,0.00000,0.00000
228.684,0.00000,0.00000,0.00000,0.00000
228.715,0.00000,0.00000,0.00000,0.00000
228.746,0.00000,0.00000,0.00000,0.00000
228.777,0.00000,0.00000,0.00000,0.00000
228.809,0.00000,0.00000,0.00000,0.00000
228.840,0.00000,0.00000,0.00000,0.00000
228.871,0.00000,0.00000,0.00000,0.00000
228.902,0.00000,0.00000,0.00000,0.00000
228.934,0.00000,0.00000,0.00000,0.00000
228.966,0.00000,0.00000,0.00000,0.00000
228.996,0.00000,0.00000,0.00000,0.00000
229.027,0.00000,0.00000,0.00000,0.00000
229.058,0.00000,0.00000,0.00000,0.00000
229.090,0.00000,0.00000,0.00000,0.00000
229.120,0.00000,0.00000,0.00000,0.00000
229.151,0.00000,0.00000,0.00000,0.00000
229.183,0.00000,0.00000,0.00000,0.00000
229.215,0.00000,0.00000,0.00000,0.00000
229.246,0.00000,0.00000,0.00000,0.00000
229.278,0.00000,0.00000,0.00000,0.00000
229.308,0.00000,0.00000,0.00000,0.00000
229.339,0.00000,0.00000,0.00000,0.00000
229.370,0.00000,0.00000,0.00000,0.00000
229.401,0.00000,0.00000,0.00000,0.00000
229.433,0.00000,0.00000,0.00000,0.00000
229.463,0.00000,0.00000,0.00000,0.00000
229.495,0.00000,0.00000,0.00000,0.00000
229.526,0.00000,0.00000,0.00000,0.00000
229.557,0.00000,0.00000,0.00000,0.00000
229.587,0.00000,0.00000,0.00000,0.00000
229.619,0.00000,0.00000,0.00000,0.00000
229.650,0.00000,0.00000,0.00000,0.00000
229.682,0.00000,0.00000,0.00000,0.00000
229.712,0.00000,0.00000,0.00000,0.00000
229.743,0.00000,0.00000,0.00000,0.00000
229.775,0.00000,0.00000,0.00000,0.00000
229.806,0.00000,0.00000,0.00000,0.00000
229.840,0.00000,0.00000,0.00000,0.00000
229.868,0.00000,0.00000,0.00000,0.00000
229.900,0.00000,0.00000,0.00000,0.00000
229.930,0.00000,0.00000,0.00000,0.00000
229.961,0.00000,0.00000,0.00000,0.00000
230.008,0.00000,0.00000,0.00000,0.00000
230.055,0.00000,0.00000,0.00000,0.00000
230.087,0.00000,0.00000,0.00000,0.00000
230.118,0.00000,0.00000,0.00000,0.00000
230.149,0.00000,0.00000,0.00000,0.00000
230.195,0.00000,0.00000,0.00000,0.00000
230.242,0.00000,0.00000,0.00000,0.00000
230.289,0.00000,0.00000,0.00000,0.00000
230.321,0.00000,0.00000,0.00000,0.00000
230.353,0.00000,0.00000,0.00000,0.00000
230.384,0.00000,0.00000,0.00000,0.00000
230.416,0.00000,0.00000,0.00000,0.00000
230.447,0.00000,0.00000,0.00000,0.00000
230.477,0.00000,0.00000,0.00000,0.00000
230.524,0.00000,0.00000,0.00000,0.00000
230.556,0.00000,0.00000,0.00000,0.00000
230.586,0.00000,0.00000,0.00000,0.00000
230.618,0.00000,0.00000,0.00000,0.00000
230.649,0.00000,0.00000,0.00000,0.00000
230.695,0.00000,0.00000,0.00000,0.00000
230.726,0.00000,0.00000,0.00000,0.00000
230.756,0.00000,0.00000,0.00000,0.00000
230.787,0.00000,0.00000,0.00000,0.00000
230.817,0.00000,0.00000,0.00000,0.00000
230.847,0.00000,0.00000,0.00000,0.00000
230.878,0.00000,0.00000,0.00000,0.00000
230.909,0.00000,0.00000,0.00000,0.00000
230.941,0.00000,0.00000,0.00000,0.00000
230.972,0.00000,0.00000,0.00000,0.00000
231.003,0.00000,0.00000,0.00000,0.00000
231.033,0.00000,0.00000,0.00000,0.00000
231.065,0.00000,0.00000,0.00000,0.00000
231.096,0.00000,0.00000,0.00000,0.00000
231.128,0.00000,0.00000,0.00000,0.00000
231.158,0.00000,0.00000,0.00000,0.00000
231.190,0.00000,0.00000,0.00000,0.00000
231.221,0.00000,0.00000,0.00000,0.00000
231.252,0.00000,0.00000,0.00000,0.00000
231.283,0.00000,0.00000,0.00000,0.00000
231.313,0.00000,0.00000,0.00000,0.00000
231.345,0.00000,0.00000,0.00000,0.00000
231.375,0.00000,0.00000,0.00000,0.00000
231.407,0.00000,0.00000,0.00000,0.00000
231.437,0.00000,0.00000,0.00000,0.00000
231.467,0.00000,0.00000,0.00000,0.00000
231.498,0.00000,0.00000,0.00000,0.00000
231.530,0.00000,0.00000,0.00000,0.00000
231.561,0.00000,0.00000,0.00000,0.00000
231.592,0.00000,0.00000,0.00000,0.00000
231.623,0.00000,0.00000,0.00000,0.00000
231.654,0.00000,0.00000,0.00000,0.00000
231.686,0.00000,0.00000,0.00000,0.00000
231.716,0.00000,0.00000,0.00000,0.00000
231.746,0.00000,0.00000,0.00000,0.00000
231.778,0.00000,0.00000,0.00000,0.00000
231.808,0.00000,0.00000,0.00000,0.00000
231.839,0.00000,0.00000,0.00000,0.00000
231.870,0.00000,0.00000,0.00000,0.00000
231.901,0.00000,0.00000,0.00000,0.00000
231.931,0.00000,0.00000,0.00000,0.00000
231.962,0.00000,0.00000,0.00000,0.00000
231.994,0.00000,0.00000,0.00000,0.00000
232.024,0.00000,0.00000,0.00000,0.00000
232.055,0.00000,0.00000,0.00000,0.00000
232.087,0.00000,0.00000,0.00000,0.00000
232.118,0.00000,0.00000,0.00000,0.00000
232.149,0.00000,0.00000,0.00000,0.00000
232.181,0.00000,0.00000,0.00000,0.00000
232.213,0.00000,0.00000,0.00000,0.00000
232.244,0.00000,0.00000,0.00000,0.00000
232.275,0.00000,0.00000,0.00000,0.00000
232.306,0.00000,0.00000,0.00000,0.00000
232.338,0.00000,0.00000,0.00000,0.00000
232.369,0.00000,0.00000,0.00000,0.00000
232.400,0.00000,0.00000,0.25251,0.21796
232.432,0.00000,0.00000,0.50777,0.47103
232.463,0.00000,0.00000,0.50777,0.47103
232.493,0.00000,0.00000,0.50777,0.47103
232.525,0.00000,0.00000,0.49151,0.45803
232.556,0.00000,0.00000,0.00000,0.00000
232.587,0.00000,0.00000,0.00000,0.00000
232.619,0.00000,0.00000,0.00000,0.00000
232.650,0.00000,0.00000,0.00000,0.00000
232.682,0.00000,0.00000,0.00000,0.00000
232.713,0.00000,0.00000,0.00000,0.00000
232.743,0.00000,0.00000,0.00000,0.00000
232.774,0.00000,0.00000,0.00000,0.00000
232.820,0.00000,0.00000,0.00000,0.00000
232.867,0.00000,0.00000,0.00000,0.00000
232.897,0.00000,0.00000,0.00000,0.00000
232.929,0.00000,0.00000,0.00000,0.00000
232.959,0.00000,0.00000,0.00000,0.00000
232.991,0.00000,0.00000,0.00000,0.00000
233.022,0.00000,0.00000,0.00000,0.00000
233.053,0.00000,0.00000,0.00000,0.00000
233.084,0.00000,0.00000,0.00000,0.00000
233.115,0.00000,0.00000,0.00000,0.00000
233.147,0.00000,0.00000,0.07743,0.07743
233.178,0.00000,0.00000,0.07860,0.07860
233.209,0.00000,0.00000,0.07860,0.07860
233.241,0.00000,0.00000,0.10647,0.10647
233.271,0.00000,0.00000,0.10826,0.10826
233.303,0.00000,0.00000,0.10826,0.10826
233.334,0.00000,0.00000,0.10826,0.10826
233.365,0.00000,0.00000,0.10826,0.10826
233.397,0.00000,0.00000,0.09578,0.09578
233.427,0.00000,0.00000,0.09482,0.09482
233.458,0.00000,0.00000,0.09482,0.09482
233.489,0.00000,0.00000,0.09482,0.09482
233.520,0.00000,0.00000,0.09495,0.09495
233.551,0.00000,0.00000,0.09495,0.09495
233.582,0.00000,0.00000,0.10167,0.10167
233.614,0.00000,0.00000,0.10167,0.10167
233.645,0.00000,0.00000,0.10167,0.10167
233.675,0.00000,0.00000,0.09513,0.09513
233.706,0.00000,0.00000,0.07951,0.07951
233.739,0.00000,0.00000,0.07438,0.07438
233.770,0.00000,0.00000,0.06336,0.06336
233.801,0.00000,0.00000,0.09038,0.09038
233.832,0.00000,0.00000,0.09038,0.09038
233.864,0.00000,0.00000,0.09038,0.09038
233.894,0.00000,0.00000,0.07168,0.07168
233.925,0.00000,0.00000,0.06980,0.06980
233.956,0.00000,0.00000,0.06980,0.06980
233.988,0.00000,0.00000,0.08620,0.08620
234.019,0.00000,0.00000,0.08620,0.08620
234.051,0.00000,0.00000,0.08620,0.08620
234.082,0.00000,0.00000,0.07696,0.07696
234.113,0.00000,0.00000,0.07456,0.07456
234.143,0.00000,0.00000,0.07456,0.07456
234.175,0.00000,0.00000,0.07456,0.07456
234.207,0.00000,0.00000,0.18744,0.10906
234.237,0.00000,0.00000,0.52171,0.49752
234.269,0.00000,0.00000,0.52171,0.49752
234.299,0.00000,0.00000,0.52171,0.49752
234.332,0.00000,0.00000,0.51706,0.46108
234.362,0.00000,0.00000,0.03011,0.03011
234.393,0.00000,0.00000,0.02848,0.02848
234.425,0.00000,0.00000,0.02848,0.02848
234.457,0.00000,0.00000,0.03004,0.03004
234.489,0.00000,0.00000,0.03319,0.03319
234.519,0.00000,0.00000,0.03319,0.03319
234.550,0.00000,0.00000,0.03852,0.03852
234.580,0.00000,0.00000,0.03852,0.03852
234.611,0.00000,0.00000,0.03852,0.03852
234.643,0.00000,0.00000,0.04052,0.04052
234.674,0.00000,0.00000,0.04052,0.04052
234.705,0.00000,0.00000,0.04052,0.04052
234.736,0.00000,0.00000,0.04052,0.04052
234.767,0.00000,0.00000,0.02765,0.02765
234.800,0.00000,0.00000,0.02765,0.02765
234.831,0.00000,0.00000,0.02291,0.02291
234.862,0.00000,0.00000,0.02362,0.02362
234.894,0.00000,0.00000,0.02362,0.02362
234.925,0.00000,0.00000,0.02362,0.02362
234.956,0.00000,0.00000,0.02362,0.02362
234.987,0.00000,0.00000,0.01640,0.01640
235.018,0.00000,0.00000,0.01597,0.01597
235.048,0.00000,0.00000,0.01895,0.01797
235.079,0.00000,0.00000,0.02709,0.03141
235.110,0.00000,0.00000,0.04596,0.04380
235.141,0.00000,0.00000,0.04596,0.04748
235.172,0.00000,0.00000,0.09158,0.06424
235.203,0.00000,0.00000,0.09158,0.07804
235.234,0.00000,0.00000,0.09723,0.10741
235.265,0.00000,0.00000,0.12481,0.12275
235.296,0.00000,0.00000,0.12481,0.12275
235.326,0.00000,0.00000,0.12481,0.13189
235.357,0.00000,0.00000,0.12481,0.13189
235.390,0.00000,0.00000,0.10430,0.13189
235.421,0.00000,0.00000,0.10430,0.09805
235.453,0.00000,0.00000,0.09925,0.11397
235.485,0.00000,0.00000,0.09925,0.11397
235.516,0.00000,0.00000,0.09925,0.11397
235.546,0.00000,0.00000,0.07850,0.09168
235.578,0.00000,0.00000,0.07614,0.09631
235.610,0.00000,0.00000,0.07428,0.09631
235.640,0.00000,0.00000,0.07350,0.09631
235.671,0.00000,0.00000,0.06829,0.06301
235.702,0.00000,0.00000,0.06179,0.05543
235.734,0.00000,0.00000,0.05269,0.05543
235.764,0.00000,0.00000,0.05269,0.05543
235.795,0.00000,0.00000,0.04688,0.04450
235.827,0.00000,0.00000,0.04240,0.04450
235.858,0.00000,0.00000,0.04240,0.03726
235.889,0.00000,0.00000,0.04240,0.03637
235.920,0.00000,0.00000,0.03370,0.03039
235.952,0.00000,0.00000,0.03044,0.02803
235.983,0.00000,0.00000,0.02660,0.02803
236.014,0.00000,0.00000,0.02583,0.02422
236.045,0.00000,0.00000,0.02583,0.02422
236.076,0.00000,0.00000,0.43407,0.40081
236.107,0.00000,0.00000,0.52421,0.48612
236.138,0.00000,0.00000,0.52421,0.48612
236.170,0.00000,0.00000,0.52421,0.48612
236.201,0.00000,0.00000,0.47672,0.22756
236.232,0.00000,0.00000,0.01626,0.01667
236.262,0.00000,0.00000,0.01626,0.01559
236.293,0.00000,0.00000,0.01626,0.01559
236.324,0.00000,0.00000,0.01567,0.01517
236.355,0.00000,0.00000,0.01498,0.01493
236.386,0.00000,0.00000,0.01498,0.01493
236.417,0.00000,0.00000,0.01038,0.01045
236.448,0.00000,0.00000,0.01038,0.01005
236.479,0.00000,0.00000,0.00989,0.00975
236.510,0.00000,0.00000,0.00989,0.00861
236.541,0.00000,0.00000,0.00728,0.00841
236.572,0.00000,0.00000,0.00728,0.00841
236.603,0.00000,0.00000,0.00633,0.00841
236.634,0.00000,0.00000,0.00600,0.00628
236.665,0.00000,0.00000,0.00600,0.00628
236.696,0.00000,0.00000,0.00473,0.00628
236.743,0.00000,0.00000,0.00473,0.00421
236.789,0.00000,0.00000,0.00350,0.00421
236.821,0.00000,0.00000,0.00343,0.00363
236.853,0.00000,0.00000,0.00311,0.00289
236.884,0.00000,0.00000,0.00254,0.00268
236.930,0.00000,0.00000,0.00252,0.00225
236.976,0.00000,0.00000,0.00188,0.00225
237.007,0.00000,0.00000,0.00160,0.00201
237.037,0.00000,0.00000,0.00160,0.00172
237.069,0.00000,0.00000,0.00146,0.00158
237.101,0.00000,0.00000,0.00120,0.00131
237.133,0.00000,0.00000,0.00100,0.00126
237.180,0.00000,0.00000,0.00091,0.00091
237.211,0.00000,0.00000,0.00081,0.00069
237.258,0.00000,0.00000,0.00061,0.00069
237.289,0.00000,0.00000,0.00051,0.00067
237.320,0.00000,0.00000,0.43033,0.42279
237.367,0.00000,0.00000,0.50782,0.47113
237.414,0.00000,0.00000,0.50782,0.47113
237.445,0.00000,0.00000,0.17400,0.15080
237.476,0.00000,0.00000,0.00014,0.00014
237.507,0.00000,0.00000,0.00009,0.00011
237.538,0.00000,0.00000,0.00005,0.00006
237.585,0.00000,0.00000,0.00002,0.00002
237.632,0.00000,0.00000,0.00000,0.00000
237.663,0.00000,0.00000,0.00000,0.00000
237.694,0.00000,0.00000,0.00000,0.00000
237.724,0.00000,0.00000,0.00000,0.00000
237.755,0.00000,0.00000,0.00000,0.00000
237.787,0.00000,0.00000,0.00000,0.00000
237.817,0.00000,0.00000,0.00000,0.00000
237.849,0.00000,0.00000,0.00000,0.00000
237.879,0.00000,0.00000,0.00000,0.00000
237.911,0.00000,0.00000,0.00000,0.00000
237.943,0.00000,0.00000,0.00000,0.00000
237.974,0.00000,0.00000,0.00000,0.00000
238.004,0.00000,0.00000,0.00000,0.00000
238.035,0.00000,0.00000,0.00000,0.00000
238.066,0.00000,0.00000,0.00000,0.00000
238.097,0.00000,0.00000,0.00000,0.00000
238.129,0.00000,0.00000,0.00000,0.00000
238.160,0.00000,0.00000,0.00000,0.00000
238.190,0.00000,0.00000,0.00000,0.00000
238.221,0.00000,0.00000,0.00000,0.00000
238.252,0.00000,0.00000,0.00000,0.00000
238.283,0.00000,0.00000,0.00000,0.00000
238.314,0.00000,0.00000,0.00000,0.00000
238.345,0.00000,0.00000,0.00000,0.00000
238.377,0.00000,0.00000,0.00000,0.00000
238.408,0.00000,0.00000,0.00000,0.00000
238.439,0.00000,0.00000,0.00000,0.00000
238.470,0.00000,0.00000,0.00000,0.00000
238.501,0.00000,0.00000,0.00000,0.00000
238.533,0.00000,0.00000,0.00000,0.00000
238.563,0.00000,0.00000,0.00000,0.00000
238.595,0.00000,0.00000,0.00000,0.00000
238.627,0.00000,0.00000,0.00000,0.00000
238.658,0.00000,0.00000,0.00000,0.00000
238.690,0.00000,0.00000,0.00000,0.00000
238.720,0.00000,0.00000,0.00000,0.00000
238.752,0.00000,0.00000,0.00000,0.00000
238.783,0.00000,0.00000,0.00000,0.00000
238.815,0.00000,0.00000,0.00000,0.00000
238.845,0.00000,0.00000,0.00000,0.00000
238.877,0.00000,0.00000,0.00000,0.00000
238.909,0.00000,0.00000,0.00000,0.00000
238.941,0.00000,0.00000,0.00000,0.00000
238.972,0.00000,0.00000,0.00000,0.00000
239.005,0.00000,0.00000,0.00000,0.00000
239.035,0.00000,0.00000,0.00000,0.00000
239.067,0.00000,0.00000,0.00000,0.00000
239.098,0.00000,0.00000,0.00000,0.00000
239.129,0.00000,0.00000,0.00000,0.00000
239.160,0.00000,0.00000,0.00000,0.00000
239.191,0.00000,0.00000,0.00000,0.00000
239.221,0.00000,0.00000,0.00000,0.00000
239.252,0.00000,0.00000,0.00000,0.00000
239.284,0.00000,0.00000,0.00000,0.00000
239.315,0.00000,0.00000,0.00000,0.00000
239.346,0.00000,0.00000,0.00000,0.00000
239.376,0.00000,0.00000,0.00000,0.00000
239.408,0.00000,0.00000,0.00000,0.00000
239.440,0.00000,0.00000,0.00000,0.00000
239.470,0.00000,0.00000,0.00000,0.00000
239.501,0.00000,0.00000,0.00000,0.00000
239.532,0.00000,0.00000,0.43680,0.42267
239.564,0.00000,0.00000,0.50777,0.47103
239.595,0.00000,0.00000,0.50777,0.47103
239.627,0.00000,0.00000,0.50777,0.47103
239.658,0.00000,0.00000,0.38041,0.22597
239.689,0.00000,0.00000,0.00000,0.00000
239.720,0.00000,0.00000,0.00000,0.00000
239.751,0.00000,0.00000,0.00000,0.00000
239.782,0.00000,0.00000,0.00000,0.00000
239.813,0.00000,0.00000,0.00000,0.00000
239.843,0.00000,0.00000,0.00000,0.00000
239.874,0.00000,0.00000,0.00000,0.00000
239.904,0.00000,0.00000,0.00000,0.00000
239.936,0.00000,0.00000,0.00000,0.00000
239.967,0.00000,0.00000,0.00000,0.00000
239.997,0.00000,0.00000,0.00000,0.00000
240.028,0.00000,0.00000,0.00000,0.00000
240.060,0.00000,0.00000,0.00000,0.00000
240.091,0.00000,0.00000,0.00000,0.00000
240.121,0.00000,0.00000,0.00000,0.00000
240.152,0.00000,0.00000,0.00000,0.00000
240.184,0.00000,0.00000,0.00000,0.00000
240.215,0.00000,0.00000,0.00000,0.00000
240.247,0.00000,0.00000,0.00000,0.00000
240.278,0.00000,0.00000,0.00000,0.00000
240.309,0.00000,0.00000,0.00000,0.00000
240.340,0.00000,0.00000,0.00000,0.00000
240.372,0.00000,0.00000,0.00000,0.00000
240.403,0.00000,0.00000,0.00000,0.00000
240.433,0.00000,0.00000,0.00000,0.00000
240.465,0.00000,0.00000,0.00000,0.00000
240.497,0.00000,0.00000,0.00000,0.00000
240.528,0.00000,0.00000,0.00000,0.00000
240.560,0.00000,0.00000,0.00000,0.00000
240.590,0.00000,0.00000,0.00000,0.00000
240.621,0.00000,0.00000,0.00000,0.00000
240.652,0.00000,0.00000,0.00000,0.00000
240.683,0.00000,0.00000,0.00000,0.00000
240.714,0.00000,0.00000,0.00000,0.00000
240.745,0.00000,0.00000,0.00000,0.00000
240.776,0.00000,0.00000,0.00000,0.00000
240.807,0.00000,0.00000,0.00000,0.00000
240.838,0.00000,0.00000,0.00000,0.00000
240.869,0.00000,0.00000,0.00000,0.00000
240.901,0.00000,0.00000,0.00000,0.00000
240.933,0.00000,0.00000,0.00000,0.00000
240.963,0.00000,0.00000,0.00000,0.00000
240.994,0.00000,0.00000,0.00000,0.00000
241.026,0.00000,0.00000,0.00000,0.00000
241.057,0.00000,0.00000,0.00000,0.00000
241.087,0.00000,0.00000,0.00000,0.00000
241.118,0.00000,0.00000,0.00000,0.00000
241.149,0.00000,0.00000,0.00000,0.00000
241.180,0.00000,0.00000,0.00000,0.00000
241.226,0.00000,0.00000,0.00000,0.00000
241.258,0.00000,0.00000,0.00000,0.00000
241.289,0.00000,0.00000,0.00000,0.00000
241.336,0.00000,0.00000,0.00000,0.00000
241.383,0.00000,0.00000,0.00000,0.00000
241.429,0.00000,0.00000,0.00000,0.00000
241.460,0.00000,0.00000,0.00000,0.00000
241.491,0.00000,0.00000,0.00000,0.00000
241.538,0.00000,0.00000,0.00000,0.00000
241.569,0.00000,0.00000,0.00000,0.00000
241.600,0.00000,0.00000,0.00000,0.00000
241.631,0.00000,0.00000,0.00000,0.00000
241.663,0.00000,0.00000,0.00000,0.00000
241.694,0.00000,0.00000,0.00000,0.00000
241.725,0.00000,0.00000,0.00000,0.00000
241.757,0.00000,0.00000,0.00000,0.00000
241.787,0.00000,0.00000,0.00000,0.00000
241.818,0.00000,0.00000,0.00000,0.00000
241.850,0.00000,0.00000,0.00000,0.00000
241.881,0.00000,0.00000,0.00000,0.00000
241.912,0.00000,0.00000,0.00000,0.00000
241.943,0.00000,0.00000,0.00000,0.00000
241.973,0.00000,0.00000,0.00000,0.00000
242.005,0.00000,0.00000,0.00000,0.00000
242.036,0.00000,0.00000,0.00000,0.00000
242.067,0.00000,0.00000,0.00000,0.00000
242.098,0.00000,0.00000,0.00000,0.00000
242.129,0.00000,0.00000,0.00000,0.00000
242.161,0.00000,0.00000,0.00000,0.00000
242.192,0.00000,0.00000,0.00000,0.00000
242.224,0.00000,0.00000,0.00000,0.00000
242.255,0.00000,0.00000,0.00000,0.00000
242.287,0.00000,0.00000,0.00000,0.00000
242.317,0.00000,0.00000,0.00000,0.00000
242.348,0.00000,0.00000,0.00000,0.00000
242.378,0.00000,0.00000,0.00000,0.00000
242.409,0.00000,0.00000,0.00000,0.00000
242.440,0.00000,0.00000,0.00000,0.00000
242.471,0.00000,0.00000,0.00000,0.00000
242.502,0.00000,0.00000,0.00000,0.00000
242.534,0.00000,0.00000,0.00000,0.00000
242.565,0.00000,0.00000,0.00000,0.00000
242.597,0.00000,0.00000,0.00000,0.00000
242.627,0.00000,0.00000,0.00000,0.00000
242.658,0.00000,0.00000,0.00000,0.00000
242.689,0.00000,0.00000,0.00000,0.00000
242.720,0.00000,0.00000,0.00000,0.00000
242.751,0.00000,0.00000,0.00000,0.00000
242.781,0.00000,0.00000,0.00000,0.00000
242.812,0.00000,0.00000,0.00000,0.00000
242.844,0.00000,0.00000,0.00000,0.00000
242.875,0.00000,0.00000,0.00000,0.00000
242.907,0.00000,0.00000,0.00000,0.00000
242.938,0.00000,0.00000,0.00000,0.00000
242.971,0.00000,0.00000,0.00000,0.00000
243.002,0.00000,0.00000,0.00000,0.00000
243.032,0.00000,0.00000,0.00000,0.00000
243.063,0.00000,0.00000,0.00000,0.00000
243.094,0.00000,0.00000,0.00000,0.00000
243.126,0.00000,0.00000,0.00000,0.00000
243.158,0.00000,0.00000,0.00000,0.00000
243.188,0.00000,0.00000,0.00000,0.00000
243.219,0.00000,0.00000,0.00000,0.00000
243.250,0.00000,0.00000,0.00000,0.00000
243.281,0.00000,0.00000,0.00000,0.00000
243.312,0.00000,0.00000,0.00000,0.00000
243.343,0.00000,0.00000,0.00000,0.00000
243.374,0.00000,0.00000,0.00000,0.00000
243.406,0.00000,0.00000,0.00000,0.00000
243.436,0.00000,0.00000,0.00000,0.00000
243.466,0.00000,0.00000,0.00000,0.00000
243.497,0.00000,0.00000,0.00000,0.00000
243.529,0.00000,0.00000,0.00000,0.00000
243.560,0.00000,0.00000,0.00000,0.00000
243.592,0.00000,0.00000,0.00000,0.00000
243.622,0.00000,0.00000,0.00000,0.00000
243.653,0.00000,0.00000,0.00000,0.00000
243.684,0.00000,0.00000,0.00000,0.00000
243.715,0.00000,0.00000,0.00000,0.00000
243.746,0.00000,0.00000,0.00000,0.00000
243.777,0.00000,0.00000,0.00000,0.00000
243.808,0.00000,0.00000,0.00000,0.00000
243.838,0.00000,0.00000,0.00000,0.00000
243.869,0.00000,0.00000,0.00000,0.00000
243.900,0.00000,0.00000,0.00000,0.00000
243.931,0.00000,0.00000,0.00000,0.00000
243.962,0.00000,0.00000,0.00000,0.00000
243.993,0.00000,0.00000,0.00000,0.00000
244.024,0.00000,0.00000,0.00000,0.00000
244.055,0.00000,0.00000,0.00000,0.00000
244.087,0.00000,0.00000,0.00000,0.00000
244.118,0.00000,0.00000,0.00000,0.00000
244.149,0.00000,0.00000,0.00000,0.00000
244.181,0.00000,0.00000,0.00000,0.00000
244.213,0.00000,0.00000,0.00000,0.00000
244.244,0.00000,0.00000,0.00000,0.00000
244.275,0.00000,0.00000,0.00000,0.00000
244.307,0.00000,0.00000,0.00000,0.00000
244.338,0.00000,0.00000,0.00000,0.00000
244.369,0.00000,0.00000,0.00000,0.00000
244.399,0.00000,0.00000,0.00000,0.00000
244.431,0.00000,0.00000,0.00000,0.00000
244.462,0.00000,0.00000,0.00000,0.00000
244.494,0.00000,0.00000,0.00000,0.00000
244.525,0.00000,0.00000,0.00000,0.00000
244.556,0.00000,0.00000,0.00000,0.00000
244.587,0.00000,0.00000,0.00000,0.00000
244.618,0.00000,0.00000,0.00000,0.00000
244.649,0.00000,0.00000,0.00000,0.00000
244.695,0.00000,0.00000,0.00000,0.00000
244.727,0.00000,0.00000,0.00000,0.00000
244.774,0.00000,0.00000,0.00000,0.00000
244.805,0.00000,0.00000,0.01146,0.01150
244.837,0.00000,0.00000,0.02535,0.02535
244.868,0.00000,0.00000,0.03229,0.03229
244.914,0.00000,0.00000,0.05315,0.05315
244.944,0.00000,0.00000,0.05940,0.05944
244.976,0.00000,0.00000,0.07039,0.07039
245.006,0.00000,0.00000,0.07039,0.07039
245.037,0.00000,0.00000,0.07039,0.07039
245.068,0.00000,0.00000,0.09196,0.09196
245.099,0.00000,0.00000,0.09196,0.09196
245.130,0.00000,0.00000,0.09196,0.09196
245.161,0.00000,0.00000,0.12182,0.12182
245.192,0.00000,0.00000,0.12182,0.12182
245.223,0.00000,0.00000,0.12182,0.12182
245.254,0.00000,0.00000,0.10787,0.10787
245.286,0.00000,0.00000,0.08013,0.08013
245.317,0.00000,0.00000,0.08022,0.08022
245.347,0.00000,0.00000,0.08480,0.08482
245.378,0.00000,0.00000,0.14889,0.14889
245.409,0.00000,0.00000,0.27243,0.27243
245.440,0.00000,0.00000,0.27243,0.27243
245.471,0.00000,0.00000,0.27243,0.34993
245.503,0.00000,0.00000,0.49569,0.46365
245.534,0.00000,0.00000,0.75479,0.72493
245.565,0.00000,0.00000,0.75479,0.72493
245.597,0.00000,0.00000,0.75479,0.72493
245.628,0.00000,0.00000,0.68677,0.72493
245.659,0.00000,0.00000,0.75458,0.75088
245.690,0.00000,0.00000,0.90646,0.92903
245.721,0.00000,0.00000,0.90780,0.93443
245.752,0.00000,0.00000,0.90780,0.93443
245.784,0.00000,0.00000,0.90780,0.93443
245.815,0.00000,0.00000,0.99823,0.99547
245.847,0.00000,0.00000,1.00000,0.99547
245.878,0.00000,0.00000,1.00000,0.99547
245.909,0.00000,0.00000,1.00000,0.99547
245.940,0.00000,0.00000,0.99446,0.94031
245.971,0.00000,0.00000,1.00000,0.99047
246.002,0.00000,0.00000,1.00000,0.99047
246.034,0.00000,0.00000,1.00000,0.99047
246.065,0.00000,0.00000,0.55780,0.56178
246.096,0.00000,0.00000,0.37176,0.41571
246.127,0.00000,0.00000,0.18740,0.18735
246.158,0.00000,0.00000,0.15637,0.15642
246.188,0.00000,0.00000,0.15637,0.15642
246.219,0.00000,0.00000,0.15637,0.15642
246.251,0.00000,0.00000,0.14084,0.14080
246.282,0.00000,0.00000,0.12810,0.12805
246.314,0.00000,0.00000,0.12810,0.12805
246.345,0.00000,0.00000,0.12810,0.12805
246.375,0.00000,0.00000,0.10174,0.10174
246.407,0.00000,0.00000,0.10174,0.10174
246.437,0.00000,0.00000,0.09567,0.09563
246.468,0.00000,0.00000,0.09567,0.09563
246.499,0.00000,0.00000,0.08582,0.08582
246.531,0.00000,0.00000,0.07215,0.07211
246.562,0.00000,0.00000,0.06846,0.06850
246.593,0.00000,0.00000,0.07477,0.07486
246.624,0.00000,0.00000,0.08598,0.08593
246.656,0.00000,0.00000,0.08598,0.08593
246.687,0.00000,0.00000,0.08598,0.08593
246.718,0.00000,0.00000,0.06435,0.06431
246.749,0.00000,0.00000,0.07996,0.07996
246.780,0.00000,0.00000,0.07996,0.07996
246.812,0.00000,0.00000,0.07996,0.07996
246.843,0.00000,0.00000,0.05159,0.05155
246.874,0.00000,0.00000,0.05159,0.05155
246.904,0.00000,0.00000,0.05600,0.05600
246.936,0.00000,0.00000,0.05600,0.05600
246.966,0.00000,0.00000,0.05600,0.05600
246.997,0.00000,0.00000,0.05600,0.05600
247.028,0.00000,0.00000,0.04977,0.04977
247.059,0.00000,0.00000,0.04977,0.04977
247.091,0.00000,0.00000,0.04977,0.04977
247.123,0.00000,0.00000,0.03347,0.03351
247.154,0.00000,0.00000,0.03347,0.03351
247.185,0.00000,0.00000,0.02763,0.02763
247.216,0.00000,0.00000,0.39487,0.37411
247.247,0.00000,0.00000,0.45617,0.41001
247.278,0.00000,0.00000,0.45617,0.41001
247.309,0.00000,0.00000,0.45617,0.41001
247.341,0.00000,0.00000,0.44086,0.42894
247.370,0.00000,0.00000,0.44469,0.42894
247.402,0.00000,0.00000,0.44469,0.42894
247.433,0.00000,0.00000,0.44469,0.41428
247.464,0.00000,0.00000,0.00645,0.00641
247.496,0.00000,0.00000,0.00645,0.00641
247.527,0.00000,0.00000,0.00452,0.00448
247.557,0.00000,0.00000,0.00344,0.00344
247.588,0.00000,0.00000,0.00344,0.00344
247.619,0.00000,0.00000,0.00288,0.00288
247.650,0.00000,0.00000,0.00244,0.00244
247.681,0.00000,0.00000,0.00244,0.00244
247.713,0.00000,0.00000,0.00218,0.00218
247.744,0.00000,0.00000,0.00218,0.00218
247.776,0.00000,0.00000,0.00152,0.00148
247.807,0.00000,0.00000,0.00152,0.00148
247.839,0.00000,0.00000,0.00075,0.00074
247.869,0.00000,0.00000,0.00057,0.00057
247.900,0.00000,0.00000,0.00057,0.00057
247.934,0.00000,0.00000,0.00026,0.00026
247.962,0.00000,0.00000,0.00026,0.00026
247.992,0.00000,0.00000,0.00026,0.00026
248.024,0.00000,0.00000,0.00000,0.00000
248.055,0.00000,0.00000,0.00000,0.00000
248.086,0.00000,0.00000,0.00000,0.00000
248.118,0.00000,0.00000,0.00000,0.00000
248.150,0.00000,0.00000,0.00000,0.00000
248.181,0.00000,0.00000,0.00000,0.00000
248.213,0.00000,0.00000,0.00000,0.00000
248.244,0.00000,0.00000,0.00000,0.00000
248.275,0.00000,0.00000,0.00000,0.00000
248.307,0.00000,0.00000,0.00000,0.00000
248.338,0.00000,0.00000,0.00000,0.00000
248.370,0.00000,0.00000,0.00000,0.00000
248.400,0.00000,0.00000,0.22460,0.19387
248.431,0.00000,0.00000,0.45165,0.41896
248.462,0.00000,0.00000,0.45165,0.41896
248.493,0.00000,0.00000,0.45165,0.41896
248.538,0.00000,0.00000,0.22543,0.20099
248.585,0.00000,0.00000,0.00000,0.00000
248.615,0.00000,0.00000,0.00000,0.00000
248.647,0.00000,0.00000,0.00000,0.00000
248.678,0.00000,0.00000,0.00000,0.00000
248.710,0.00000,0.00000,0.00000,0.00000
248.757,0.00000,0.00000,0.00000,0.00000
248.802,0.00000,0.00000,0.30333,0.25855
248.833,0.00000,0.00000,0.45165,0.41896
248.864,0.00000,0.00000,0.45165,0.41896
248.895,0.00000,0.00000,0.45165,0.41896
248.925,0.00000,0.00000,0.45165,0.42823
248.957,0.00000,0.00000,0.45165,0.42823
248.988,0.00000,0.00000,0.45165,0.42823
249.019,0.00000,0.00000,0.45165,0.41896
249.051,0.00000,0.00000,0.26778,0.20099
249.082,0.00000,0.00000,0.00000,0.00000
249.113,0.00000,0.00000,0.00000,0.00000
249.145,0.00000,0.00000,0.00000,0.00000
249.174,0.00000,0.00000,0.00000,0.00000
249.205,0.00000,0.00000,0.00000,0.00000
249.235,0.00000,0.00000,0.00000,0.00000
249.267,0.00000,0.00000,0.00000,0.00000
249.299,0.00000,0.00000,0.00000,0.00000
249.329,0.00000,0.00000,0.00000,0.00000
249.361,0.00000,0.00000,0.00000,0.00000
249.394,0.00000,0.00000,0.00000,0.00000
249.424,0.00000,0.00000,0.00000,0.00000
249.456,0.00000,0.00000,0.00000,0.00000
249.487,0.00000,0.00000,0.00000,0.00000
249.518,0.00000,0.00000,0.37130,0.35238
249.550,0.00000,0.00000,0.45165,0.41896
249.580,0.00000,0.00000,0.45165,0.41896
249.611,0.00000,0.00000,0.45165,0.41896
249.642,0.00000,0.00000,0.21131,0.20099
249.672,0.00000,0.00000,0.00000,0.00000
249.704,0.00000,0.00000,0.00000,0.00000
249.735,0.00000,0.00000,0.00000,0.00000
249.766,0.00000,0.00000,0.00000,0.00000
249.798,0.00000,0.00000,0.00000,0.00000
249.829,0.00000,0.00000,0.00000,0.00000
249.860,0.00000,0.00000,0.00000,0.00000
249.891,0.00000,0.00000,0.00000,0.00000
249.922,0.00000,0.00000,0.12337,0.09776
249.953,0.00000,0.00000,0.42869,0.41896
249.984,0.00000,0.00000,0.45165,0.41896
250.015,0.00000,0.00000,0.45165,0.41896
250.046,0.00000,0.00000,0.45165,0.41896
250.078,0.00000,0.00000,1.00000,0.95172
250.110,0.00000,0.00000,1.00000,1.00000
250.141,0.00000,0.00000,1.00000,1.00000
250.172,0.00000,0.00000,1.00000,1.00000
250.204,0.00000,0.00000,1.00000,1.00000
250.235,0.00000,0.00000,1.00000,1.00000
250.266,0.00000,0.00000,1.00000,0.99570
250.297,0.00000,0.00000,0.55144,0.58608
250.328,0.00000,0.00000,0.54434,0.58608
250.359,0.00000,0.00000,0.53320,0.41324
250.390,0.00000,0.00000,0.48087,0.49141
250.420,0.00000,0.00000,0.49874,0.49141
250.451,0.00000,0.00000,0.49874,0.50753
250.482,0.00000,0.00000,0.49874,0.50753
250.513,0.00000,0.00000,0.49566,0.50753
250.544,0.00000,0.00000,0.49566,0.46633
250.575,0.00000,0.00000,0.48080,0.46633
250.607,0.00000,0.00000,0.47752,0.46453
250.638,0.00000,0.00000,0.47442,0.45779
250.668,0.00000,0.00000,0.46735,0.45779
250.700,0.00000,0.00000,0.45972,0.45725
250.731,0.00000,0.00000,0.37437,0.38501
250.762,0.00000,0.00000,0.00711,0.00702
250.794,0.00000,0.00000,0.00435,0.00439
250.825,0.00000,0.00000,0.00126,0.00122
250.857,0.00000,0.00000,0.00047,0.00052
250.887,0.00000,0.00000,0.00004,0.00004
250.918,0.00000,0.00000,0.00000,0.00000
250.950,0.00000,0.00000,0.00000,0.00000
250.981,0.00000,0.00000,0.00000,0.00000
251.012,0.00000,0.00000,0.00000,0.00000
251.044,0.00000,0.00000,0.00000,0.00000
251.075,0.00000,0.00000,0.00000,0.00000
251.106,0.00000,0.00000,0.00000,0.00000
251.137,0.00000,0.00000,0.00000,0.00000
251.169,0.00000,0.00000,0.00000,0.00000
251.200,0.00000,0.00000,0.00000,0.00000
251.231,0.00000,0.00000,0.00000,0.00000
251.262,0.00000,0.00000,0.00000,0.00000
251.293,0.00000,0.00000,0.00000,0.00000
251.324,0.00000,0.00000,0.00000,0.00000
251.355,0.00000,0.00000,0.00000,0.00000
251.386,0.00000,0.00000,0.00000,0.00000
251.418,0.00000,0.00000,0.00000,0.00000
251.450,0.00000,0.00000,0.00000,0.00000
251.480,0.00000,0.00000,0.35956,0.25855
251.511,0.00000,0.00000,0.53203,0.44234
251.542,0.00000,0.00000,0.53203,0.44234
251.574,0.00000,0.00000,0.53203,0.44234
251.605,0.00000,0.00000,0.64319,0.25849
251.636,0.00000,0.00000,0.73070,0.26671
251.667,0.00000,0.00000,0.80605,0.30014
251.698,0.00000,0.00000,0.87014,0.33017
251.730,0.00000,0.00000,0.92452,0.35106
251.762,0.00000,0.00000,1.00000,0.37788
251.792,0.00000,0.00000,1.00000,0.39129
251.824,0.00000,0.00000,1.00000,0.39884
251.855,0.00000,0.00000,1.00000,0.40571
251.887,0.00000,0.00000,1.00000,0.40571
251.918,0.00000,0.00000,1.00000,0.40571
251.949,0.00000,0.00000,1.00000,0.40621
251.982,0.00000,0.00000,1.00000,0.40621
252.013,0.00000,0.00000,1.00000,0.40621
252.046,0.00000,0.00000,1.00000,0.40586
252.077,0.00000,0.00000,1.00000,0.40369
252.109,0.00000,0.00000,0.01806,0.06164
252.140,0.00000,0.00000,0.05342,0.04698
252.171,0.00000,0.00000,0.07552,0.07207
252.202,0.00000,0.00000,0.08740,0.08681
252.233,0.00000,0.00000,0.08761,0.08755
252.264,0.00000,0.00000,0.08761,0.08755
252.295,0.00000,0.00000,0.08761,0.08755
252.327,0.00000,0.00000,0.08689,0.08634
252.357,0.00000,0.00000,0.07938,0.07802
252.388,0.00000,0.00000,0.06537,0.06326
252.419,0.00000,0.00000,0.04599,0.04339
252.451,0.00000,0.00000,0.02264,0.01975
252.482,0.00000,0.00000,0.00000,0.00000
252.513,0.00000,0.00000,0.00000,0.00000
252.544,0.00000,0.00000,0.00000,0.00000
252.575,0.00000,0.00000,0.00000,0.00000
252.607,0.00000,0.00000,0.00000,0.00000
252.637,0.00000,0.00000,0.02072,0.01504
252.669,0.00000,0.00000,0.08874,0.08337
252.700,0.00000,0.00000,0.13100,0.12753
252.731,0.00000,0.00000,0.16232,0.15513
252.763,0.00000,0.00000,0.22778,0.21116
252.793,0.00000,0.00000,0.22778,0.21116
252.824,0.00000,0.00000,0.22778,0.21116
252.856,0.00000,0.00000,0.22778,0.17993
252.887,0.00000,0.00000,0.15214,0.14277
252.917,0.00000,0.00000,0.14005,0.11331
252.949,0.00000,0.00000,0.14005,0.11331
252.980,0.00000,0.00000,0.14005,0.11331
253.012,0.00000,0.00000,0.04365,0.04365
253.043,0.00000,0.00000,0.04663,0.04663
253.074,0.00000,0.00000,0.07049,0.07049
253.106,0.00000,0.00000,0.07049,0.07049
253.135,0.00000,0.00000,0.07049,0.07049
253.167,0.00000,0.00000,0.06636,0.06635
253.199,0.00000,0.00000,0.06636,0.06635
253.230,0.00000,0.00000,0.06636,0.06635
253.261,0.00000,0.00000,0.08741,0.08741
253.292,0.00000,0.00000,0.11056,0.11056
253.323,0.00000,0.00000,0.11974,0.11974
253.354,0.00000,0.00000,0.12244,0.12244
253.385,0.00000,0.00000,0.12807,0.12807
253.417,0.00000,0.00000,0.12807,0.12807
253.449,0.00000,0.00000,0.12807,0.12807
253.479,0.00000,0.00000,0.12437,0.12438
253.511,0.00000,0.00000,0.11605,0.11605
253.542,0.00000,0.00000,0.11671,0.11671
253.573,0.00000,0.00000,0.11671,0.11671
253.604,0.00000,0.00000,0.11671,0.11671
253.636,0.00000,0.00000,0.10335,0.10335
253.666,0.00000,0.00000,0.09630,0.09630
253.697,0.00000,0.00000,0.09630,0.09630
253.728,0.00000,0.00000,0.08005,0.08006
253.759,0.00000,0.00000,0.08069,0.08070
253.791,0.00000,0.00000,0.08069,0.08070
253.821,0.00000,0.00000,0.08069,0.08070
253.852,0.00000,0.00000,0.03492,0.03492
253.884,0.00000,0.00000,0.02316,0.02316
253.914,0.00000,0.00000,0.00378,0.00378
253.961,0.00000,0.00000,0.00000,0.00000
253.993,0.00000,0.00000,0.00000,0.00000
254.038,0.00000,0.00000,0.00000,0.00000
254.070,0.00000,0.00000,0.00000,0.00000
254.100,0.00000,0.00000,0.00000,0.00000
254.132,0.00000,0.00000,0.00000,0.00000
254.163,0.00000,0.00000,0.00000,0.00000
254.194,0.00000,0.00000,0.00000,0.00000
254.225,0.00000,0.00000,0.00000,0.00000
254.256,0.00000,0.00000,0.00000,0.00000
254.287,0.00000,0.00000,0.00000,0.00000
254.319,0.00000,0.00000,0.00000,0.00000
254.350,0.00000,0.00000,0.00000,0.00000
254.381,0.00000,0.00000,0.00000,0.00000
254.413,0.00000,0.00000,0.00000,0.00000
254.444,0.00000,0.00000,0.00000,0.00000
254.474,0.00000,0.00000,0.00000,0.00000
254.506,0.00000,0.00000,0.00000,0.00000
254.537,0.00000,0.00000,0.00000,0.00000
254.568,0.00000,0.00000,0.00000,0.00000
254.600,0.00000,0.00000,0.00000,0.00000
254.631,0.00000,0.00000,0.00000,0.00000
254.662,0.00000,0.00000,0.00000,0.00000
254.694,0.00000,0.00000,0.00000,0.00000
254.725,0.00000,0.00000,0.00000,0.00000
254.755,0.00000,0.00000,0.00000,0.00000
254.786,0.00000,0.00000,0.00000,0.00000
254.816,0.00000,0.00000,0.00000,0.00000
254.848,0.00000,0.00000,0.00000,0.00000
254.878,0.00000,0.00000,0.00000,0.00000
254.910,0.00000,0.00000,0.00000,0.00000
254.942,0.00000,0.00000,0.00000,0.00000
254.973,0.00000,0.00000,0.00000,0.00000
255.004,0.00000,0.00000,0.00000,0.00000
255.035,0.00000,0.00000,0.00000,0.00000
255.066,0.00000,0.00000,0.00000,0.00000
255.098,0.00000,0.00000,0.00000,0.00000
255.129,0.00000,0.00000,0.00000,0.00000
255.159,0.00000,0.00000,0.00000,0.00000
255.190,0.00000,0.00000,0.00000,0.00000
255.221,0.00000,0.00000,0.38852,0.37595
255.253,0.00000,0.00000,0.45165,0.42823
255.284,0.00000,0.00000,0.45165,0.42823
255.316,0.00000,0.00000,0.45165,0.42823
255.347,0.00000,0.00000,0.45165,0.41896
255.379,0.00000,0.00000,0.39483,0.39267
255.409,0.00000,0.00000,0.00000,0.00000
255.440,0.00000,0.00000,0.00000,0.00000
255.472,0.00000,0.00000,0.00000,0.00000
255.503,0.00000,0.00000,0.00000,0.00000
255.534,0.00000,0.00000,0.00000,0.00000
255.565,0.00000,0.00000,0.00000,0.00000
255.595,0.00000,0.00000,0.00000,0.00000
255.627,0.00000,0.00000,0.00000,0.00000
255.658,0.00000,0.00000,0.00000,0.00000
255.688,0.00000,0.00000,0.00000,0.00000
255.719,0.00000,0.00000,0.00000,0.00000
255.749,0.00000,0.00000,0.00000,0.00000
255.780,0.00000,0.00000,0.00000,0.00000
255.811,0.00000,0.00000,0.00000,0.00000
255.841,0.00000,0.00000,0.00000,0.00000
255.872,0.00000,0.00000,0.00000,0.00000
255.904,0.00000,0.00000,0.00000,0.00000
255.937,0.00000,0.00000,0.00000,0.00000
255.967,0.00000,0.00000,0.00000,0.00000
255.999,0.00000,0.00000,0.00000,0.00000
256.029,0.00000,0.00000,0.00000,0.00000
256.061,0.00000,0.00000,0.00000,0.00000
256.095,0.00000,0.00000,0.00000,0.00000
256.125,0.00000,0.00000,0.00000,0.00000
256.156,0.00000,0.00000,0.00000,0.00000
256.187,0.00000,0.00000,0.08800,0.05607
256.218,0.18425,0.11698,1.00000,1.00000
256.250,0.25345,0.15981,1.00000,1.00000
256.281,0.25345,0.15981,1.00000,1.00000
256.313,0.25345,0.15981,1.00000,0.89546
256.344,0.17176,0.19442,0.75286,0.75742
256.376,0.17176,0.19696,0.75286,0.75742
256.407,0.17176,0.21266,0.37178,0.44397
256.438,0.17176,0.22689,0.28714,0.39182
256.469,0.16641,0.22689,0.28714,0.39182
256.500,0.16641,0.22689,0.15860,0.22767
256.531,0.16641,0.22689,0.13830,0.21206
256.562,0.12071,0.18180,0.09299,0.13889
256.594,0.12071,0.17872,0.05800,0.08547
256.625,0.09607,0.14244,0.04815,0.07727
256.656,0.08155,0.13005,0.03309,0.05234
256.687,0.08155,0.13005,0.02842,0.04477
256.718,0.07112,0.11314,0.02827,0.04464
256.749,0.07112,0.11314,0.02186,0.03708
256.780,0.05654,0.09533,0.01470,0.02491
256.811,0.05630,0.09504,0.02790,0.02482
256.843,0.05630,0.09182,0.07961,0.07808
256.874,0.05578,0.09103,0.11579,0.11134
256.906,0.04054,0.05608,0.14354,0.13939
256.937,0.04054,0.05138,0.16713,0.16601
256.968,0.04054,0.05138,0.18818,0.18629
256.999,0.03228,0.04511,0.20503,0.20313
257.029,0.02457,0.03556,0.21896,0.21937
257.062,0.02457,0.03556,0.23058,0.23348
257.091,0.02204,0.03204,0.23897,0.24170
257.123,0.02071,0.02890,0.24681,0.24592
257.154,0.02031,0.02554,0.25105,0.25105
257.184,0.02031,0.02534,0.25365,0.25283
257.216,0.01807,0.02034,0.25511,0.25415
257.247,0.01807,0.01926,0.25590,0.25523
257.278,0.01807,0.01926,0.25590,0.25535
257.309,0.01552,0.01632,0.25590,0.25535
257.340,0.01368,0.01341,0.25590,0.25535
257.372,0.01340,0.01135,0.25605,0.25544
257.402,0.01220,0.01135,0.25605,0.25544
257.433,0.01204,0.01119,0.25605,0.25544
257.465,0.00889,0.00794,0.25575,0.25544
257.496,0.00858,0.00726,0.24409,0.23706
257.527,0.00830,0.00704,0.21439,0.20719
257.559,0.00830,0.00448,0.18514,0.17752
257.590,0.00812,0.00369,0.15463,0.14763
257.620,0.00655,0.00326,0.12525,0.11775
257.650,0.00576,0.00313,0.09507,0.08819
257.682,0.00444,0.00262,0.05496,0.04825
257.713,0.00366,0.00227,0.02528,0.01862
257.744,0.00347,0.00227,0.00038,0.00026
257.776,0.00309,0.00215,0.00016,0.00011
257.807,0.00309,0.00215,0.00009,0.00007
257.839,0.00232,0.00154,0.00000,0.00000
257.870,0.00158,0.00110,0.00000,0.00000
257.901,0.00129,0.00097,0.00000,0.00000
257.933,0.00106,0.00090,0.08997,0.08337
257.963,0.00106,0.00090,0.13150,0.12790
257.994,0.00064,0.00057,0.15188,0.15039
258.025,0.00049,0.00046,0.15547,0.15537
258.056,0.00041,0.00040,0.15547,0.15537
258.087,0.00027,0.00025,0.15547,0.15537
258.118,0.00026,0.00023,0.15547,0.15525
258.150,0.00019,0.00017,0.14822,0.14478
258.181,0.00018,0.00017,0.12772,0.12207
258.213,0.00010,0.00009,0.08499,0.07699
258.245,0.00010,0.00009,0.04410,0.03506
258.276,0.00006,0.00005,0.00000,0.00000
258.308,0.00004,0.00004,0.00000,0.00000
258.339,0.00004,0.00003,0.00000,0.00000
258.369,0.00003,0.00002,0.00000,0.00000
258.401,0.00001,0.00001,0.00000,0.00000
258.432,0.00001,0.00001,0.00000,0.00000
258.463,0.00000,0.00000,0.00000,0.00000
258.495,0.00000,0.00000,0.00341,0.00137
258.525,0.00000,0.00000,0.07600,0.06352
258.556,0.00000,0.00000,0.12352,0.11535
258.587,0.00000,0.00000,0.14869,0.14531
258.619,0.00000,0.00000,0.15547,0.15537
258.651,0.00000,0.00000,0.15547,0.15537
258.681,0.00000,0.00000,0.15547,0.15537
258.712,0.00000,0.00000,0.15544,0.15525
258.743,0.00000,0.00000,0.14685,0.14478
258.774,0.00000,0.00000,0.12537,0.12207
258.806,0.00000,0.00000,0.09399,0.08966
258.837,0.00000,0.00000,0.05466,0.04963
258.868,0.00000,0.00000,0.00954,0.00558
258.900,0.00000,0.00000,0.00000,0.00000
258.932,0.00000,0.00000,0.00000,0.00000
258.963,0.00000,0.00000,0.00117,0.00117
258.994,0.00000,0.00000,0.03566,0.03567
259.026,0.00000,0.00000,0.07352,0.07352
259.057,0.00000,0.00000,0.07352,0.07352
259.088,0.00000,0.00000,0.07352,0.07352
259.120,0.00000,0.00000,0.07352,0.07352
259.152,0.00000,0.00000,0.03784,0.07558
259.182,0.00000,0.00000,0.11296,0.11295
259.212,0.00000,0.00000,0.11296,0.11295
259.244,0.00000,0.00000,0.11296,0.11295
259.275,0.00000,0.00000,0.06164,0.06164
259.307,0.00000,0.00000,0.04663,0.04663
259.337,0.00000,0.00000,0.07049,0.07049
259.368,0.00000,0.00000,0.07049,0.07049
259.399,0.00000,0.00000,0.07049,0.07049
259.445,0.00000,0.00000,0.04941,0.04941
259.492,0.00000,0.00000,0.02536,0.01309
259.522,0.00000,0.00000,0.00384,0.00384
259.554,0.00000,0.00000,0.00000,0.00000
259.600,0.00000,0.00000,0.00000,0.00000
259.632,0.00000,0.00000,0.00000,0.00000
259.662,0.00000,0.00000,0.00000,0.00000
259.693,0.00000,0.00000,0.38852,0.37595
259.724,0.00000,0.00000,0.45165,0.41896
259.755,0.00000,0.00000,0.45165,0.41896
259.787,0.00000,0.00000,0.45165,0.41896
259.817,0.00000,0.00000,0.33836,0.20099
259.848,0.00000,0.00000,0.00000,0.00000
259.879,0.00000,0.00000,0.00000,0.00000
259.911,0.00000,0.00000,0.00000,0.00000
259.942,0.00000,0.00000,0.00000,0.00000
259.973,0.00000,0.00000,0.00000,0.00000
260.004,0.00000,0.00000,0.00000,0.00000
260.036,0.00000,0.00000,0.00000,0.00000
260.067,0.00000,0.00000,0.00000,0.00000
260.097,0.00000,0.00000,0.00000,0.00000
260.128,0.00000,0.00000,0.00000,0.00000
260.160,0.00000,0.00000,0.00000,0.00000
260.192,0.00000,0.00000,0.00000,0.00000
260.222,0.00000,0.00000,0.00000,0.00000
260.253,0.00000,0.00000,0.00000,0.00000
260.284,0.00000,0.00000,0.00000,0.00000
260.316,0.00000,0.00000,0.00000,0.00000
260.347,0.00000,0.00000,0.00000,0.00000
260.377,0.00000,0.00000,0.00000,0.00000
260.408,0.00000,0.00000,0.00000,0.00000
260.440,0.00000,0.00000,0.71913,0.51710
260.471,0.00000,0.00000,0.90329,0.83792
260.502,0.00000,0.00000,0.90329,0.83792
260.533,0.00000,0.00000,0.90329,0.83792
260.564,0.00000,0.00000,0.53555,0.40199
260.595,0.00000,0.00000,0.00000,0.00000
260.625,0.00000,0.00000,0.00000,0.00000
260.657,0.00000,0.00000,0.00000,0.00000
260.689,0.00000,0.00000,0.00000,0.00000
260.719,0.00000,0.00000,0.00000,0.00000
260.750,0.00000,0.00000,0.00000,0.00000
260.782,0.00000,0.00000,0.00000,0.00000
260.813,0.00000,0.00000,0.00000,0.00000
260.844,0.00000,0.00000,0.37991,0.37595
260.875,0.00000,0.00000,0.45165,0.41896
260.906,0.00000,0.00000,0.45165,0.41896
260.937,0.00000,0.00000,0.45165,0.41896
260.969,0.00000,0.00000,0.43730,0.41896
261.000,0.00000,0.00000,0.45165,0.41896
261.031,0.00000,0.00000,0.45165,0.41896
261.061,0.00000,0.00000,0.45165,0.41896
261.093,0.00000,0.00000,0.00000,0.00000
261.124,0.00000,0.00000,0.00000,0.00000
261.156,0.00000,0.00000,0.00000,0.00000
261.187,0.00000,0.00000,0.00000,0.00000
261.218,0.00000,0.00000,0.00000,0.00000
261.249,0.00000,0.00000,0.00000,0.00000
261.279,0.00000,0.00000,0.00000,0.00000
261.312,0.00000,0.00000,0.00000,0.00000
261.343,0.00000,0.00000,0.00000,0.00000
261.374,0.00000,0.00000,0.00000,0.00000
261.405,0.00000,0.00000,0.00000,0.00000
261.437,0.00000,0.00000,0.00000,0.00000
261.469,0.00000,0.00000,0.00000,0.00000
261.499,0.00000,0.00000,0.00000,0.00000
261.530,0.00000,0.00000,0.00000,0.00000
261.561,0.00000,0.00000,0.00000,0.00000
261.593,0.00000,0.00000,0.00000,0.00000
261.624,0.00000,0.00000,0.00000,0.00000
261.655,0.00000,0.00000,0.00000,0.00000
261.686,0.00000,0.00000,0.00000,0.00000
261.717,0.00000,0.00000,0.00000,0.00000
261.749,0.00000,0.00000,0.00000,0.00000
261.779,0.00000,0.00000,0.00000,0.00000
261.811,0.00000,0.00000,0.00000,0.00000
261.842,0.00000,0.00000,0.00000,0.00000
261.873,0.00000,0.00000,0.00000,0.00000
261.904,0.00000,0.00000,0.00000,0.00000
261.935,0.00000,0.00000,0.00000,0.00000
261.966,0.00000,0.00000,0.00000,0.00000
261.997,0.00000,0.00000,0.00000,0.00000
262.028,0.00000,0.00000,0.00000,0.00000
262.060,0.00000,0.00000,0.00000,0.00000
262.090,0.00000,0.00000,0.00000,0.00000
262.121,0.00000,0.00000,0.00000,0.00000
262.152,0.00000,0.00000,0.00000,0.00000
262.183,0.00000,0.00000,0.00000,0.00000
262.214,0.00000,0.00000,0.00000,0.00000
262.244,0.00000,0.00000,0.00000,0.00000
262.276,0.00000,0.00000,0.00000,0.00000
262.307,0.00000,0.00000,0.00000,0.00000
262.337,0.00000,0.00000,0.00034,0.00014
262.369,0.00000,0.00000,0.01801,0.02002
262.399,0.00000,0.00000,0.08504,0.10027
262.432,0.00000,0.00000,0.20293,0.19329
262.463,0.00000,0.00000,0.25255,0.25293
262.494,0.00000,0.00000,0.29627,0.30352
262.525,0.00000,0.00000,0.33403,0.34671
262.556,0.00000,0.00000,0.36680,0.38290
262.587,0.00000,0.00000,0.41873,0.41229
262.619,0.00000,0.00000,0.43860,0.43631
262.650,0.00000,0.00000,0.45473,0.45468
262.681,0.00000,0.00000,0.46740,0.46876
262.713,0.00000,0.00000,0.48465,0.48147
262.743,0.00000,0.00000,0.48994,0.48752
262.775,0.00000,0.00000,0.49346,0.49090
262.805,0.00000,0.00000,0.49550,0.49267
262.851,0.00000,0.00000,0.49682,0.49330
262.897,0.00000,0.00000,0.49682,0.49330
262.929,0.00000,0.00000,0.49682,0.49330
262.959,0.00000,0.00000,0.47708,0.46539
262.991,0.00000,0.00000,0.07014,0.01757
263.023,0.00000,0.00000,0.00000,0.00000
263.068,0.00000,0.00000,0.00000,0.00000
263.100,0.00000,0.00000,0.00000,0.00000
263.130,0.00000,0.00000,0.00000,0.00000
263.162,0.00000,0.00000,0.00000,0.00000
263.194,0.00000,0.00000,0.00000,0.00000
263.225,0.00000,0.00000,0.00000,0.00000
263.256,0.00000,0.00000,0.00000,0.00000
263.288,0.00000,0.00000,0.00000,0.00000
263.318,0.00000,0.00000,0.00000,0.00000
263.350,0.00000,0.00000,0.00000,0.00000
263.380,0.00000,0.00000,0.00000,0.00000
263.412,0.00000,0.00000,0.00000,0.00000
263.443,0.00000,0.00000,0.00000,0.00000
263.473,0.00000,0.00000,0.00000,0.00000
263.504,0.00000,0.00000,0.00000,0.00000
263.535,0.00000,0.00000,0.00000,0.00000
263.567,0.00000,0.00000,0.00000,0.00000
263.598,0.00000,0.00000,0.00000,0.00000
263.629,0.00000,0.00000,0.00000,0.00000
263.660,0.00000,0.00000,0.00000,0.00000
263.692,0.00000,0.00000,0.00000,0.00000
263.723,0.00000,0.00000,0.00000,0.00000
263.754,0.00000,0.00000,0.00000,0.00000
263.785,0.00000,0.00000,0.00000,0.00000
263.817,0.00000,0.00000,0.00000,0.00000
263.849,0.00000,0.00000,0.00000,0.00000
263.879,0.00000,0.00000,0.00000,0.00000
263.910,0.00000,0.00000,0.00000,0.00000
263.941,0.00000,0.00000,0.00000,0.00000
263.973,0.00000,0.00000,0.00000,0.00000
264.004,0.00000,0.00000,0.00000,0.00000
264.036,0.00000,0.00000,0.00000,0.00000
264.067,0.00000,0.00000,0.00000,0.00000
264.097,0.00000,0.00000,0.20210,0.11811
264.128,0.00000,0.00000,0.44878,0.41896
264.159,0.00000,0.00000,0.45165,0.41896
264.191,0.00000,0.00000,0.45165,0.41896
264.223,0.00000,0.00000,0.45165,0.41896
264.255,0.00000,0.00000,0.45165,0.41896
264.285,0.00000,0.00000,0.45165,0.41896
264.317,0.00000,0.00000,0.45165,0.41896
264.347,0.00000,0.00000,0.18308,0.18207
264.378,0.00000,0.00000,0.00000,0.00000
264.410,0.00000,0.00000,0.00000,0.00000
264.441,0.00000,0.00000,0.00000,0.00000
264.472,0.00000,0.00000,0.00000,0.00000
264.503,0.00000,0.00000,0.00000,0.00000
264.534,0.00000,0.00000,0.00000,0.00000
264.565,0.00000,0.00000,0.00000,0.00000
264.597,0.00000,0.00000,0.00000,0.00000
264.628,0.00000,0.00000,0.00000,0.00000
264.659,0.00000,0.00000,0.00000,0.00000
264.689,0.00000,0.00000,0.00000,0.00000
264.720,0.00000,0.00000,0.00000,0.00000
264.752,0.00000,0.00000,0.00000,0.00000
264.783,0.00000,0.00000,0.00000,0.00000
264.814,0.00000,0.00000,0.00000,0.00000
264.845,0.00000,0.00000,0.00000,0.00000
264.877,0.00000,0.00000,0.00000,0.00000
264.908,0.00000,0.00000,0.00000,0.00000
264.940,0.00000,0.00000,0.00000,0.00000
264.971,0.00000,0.00000,0.00000,0.00000
265.002,0.00000,0.00000,0.00000,0.00000
265.034,0.00000,0.00000,0.00000,0.00000
265.066,0.00000,0.00000,0.00000,0.00000
265.097,0.00000,0.00000,0.00000,0.00000
265.129,0.00000,0.00000,0.00000,0.00000
265.159,0.00000,0.00000,0.00000,0.00000
265.190,0.00000,0.00000,0.23584,0.22385
265.221,0.00000,0.00000,0.45165,0.41896
265.254,0.00000,0.00000,0.45165,0.41896
265.284,0.00000,0.00000,0.45165,0.41896
265.316,0.00000,0.00000,0.45165,0.41896
265.348,0.00000,0.00000,0.45165,0.41896
265.378,0.00000,0.00000,0.45165,0.40740
265.408,0.00000,0.00000,0.00000,0.00000
265.441,0.00000,0.00000,0.00000,0.00000
265.471,0.00000,0.00000,0.00000,0.00000
265.502,0.00000,0.00000,0.00000,0.00000
265.533,0.00000,0.00000,0.00000,0.00000
265.564,0.00000,0.00000,0.00000,0.00000
265.596,0.00000,0.00000,0.31457,0.25855
265.627,0.00000,0.00000,0.45165,0.41896
265.658,0.00000,0.00000,0.45165,0.41896
265.689,0.00000,0.00000,0.45165,0.42228
265.719,0.00000,0.00000,0.45165,0.42228
265.752,0.00000,0.00000,0.44612,0.42228
265.782,0.00000,0.00000,0.39774,0.41496
265.813,0.00000,0.00000,0.29627,0.28764
265.844,0.00000,0.00000,0.33403,0.33316
265.874,0.00000,0.00000,0.36680,0.37146
265.905,0.00000,0.00000,0.39491,0.40337
265.937,0.00000,0.00000,0.43733,0.42874
265.968,0.00000,0.00000,0.45473,0.44916
265.999,0.00000,0.00000,0.46740,0.46453
266.030,0.00000,0.00000,0.47726,0.47588
266.061,0.00000,0.00000,0.48465,0.48386
266.093,0.00000,0.00000,0.49346,0.49008
266.124,0.00000,0.00000,0.49550,0.49222
266.156,0.00000,0.00000,0.49647,0.49314
266.187,0.00000,0.00000,0.49682,0.49330
266.218,0.00000,0.00000,0.49682,0.49330
266.249,0.00000,0.00000,0.49682,0.49330
266.280,0.00000,0.00000,0.47708,0.48501
266.312,0.00000,0.00000,0.23954,0.18758
266.343,0.00000,0.00000,0.00000,0.00000
266.374,0.00000,0.00000,0.00000,0.00000
266.405,0.00000,0.00000,0.00000,0.00000
266.437,0.00000,0.00000,0.00000,0.00000
266.468,0.00000,0.00000,0.00000,0.00000
266.498,0.00000,0.00000,0.00000,0.00000
266.530,0.00000,0.00000,0.00000,0.00000
266.562,0.00000,0.00000,0.00000,0.00000
266.593,0.00000,0.00000,0.00000,0.00000
266.624,0.00000,0.00000,0.00000,0.00000
266.655,0.00000,0.00000,0.00000,0.00000
266.687,0.00000,0.00000,0.00000,0.00000
266.719,0.00000,0.00000,0.00000,0.00000
266.750,0.00000,0.00000,0.00000,0.00000
266.781,0.00000,0.00000,0.00000,0.00000
266.813,0.00000,0.00000,0.00000,0.00000
266.844,0.00000,0.00000,0.00000,0.00000
266.876,0.00000,0.00000,0.00000,0.00000
266.907,0.00000,0.00000,0.00000,0.00000
266.939,0.00000,0.00000,0.00000,0.00000
266.970,0.00000,0.00000,0.00000,0.00000
267.001,0.00000,0.00000,0.00000,0.00000
267.033,0.00000,0.00000,0.00000,0.00000
267.064,0.00000,0.00000,0.00000,0.00000
267.096,0.00000,0.00000,0.00000,0.00000
267.128,0.00000,0.00000,0.00000,0.00000
267.159,0.00000,0.00000,0.00000,0.00000
267.191,0.00000,0.00000,0.39713,0.37595
267.222,0.00000,0.00000,0.45165,0.41896
267.252,0.00000,0.00000,0.45165,0.41896
267.283,0.00000,0.00000,0.45165,0.41896
267.314,0.00000,0.00000,0.08426,0.02476
267.344,0.00000,0.00000,0.00000,0.00000
267.375,0.00000,0.00000,0.00000,0.00000
267.407,0.00000,0.00000,0.00000,0.00000
267.437,0.00000,0.00000,0.00000,0.00000
267.469,0.00000,0.00000,0.00000,0.00000
267.499,0.00000,0.00000,0.00000,0.00000
267.530,0.00000,0.00000,0.00000,0.00000
267.561,0.00000,0.00000,0.00000,0.00000
267.592,0.00000,0.00000,0.00000,0.00000
267.623,0.00000,0.00000,0.00000,0.00000
267.655,0.00000,0.00000,0.00000,0.00000
267.685,0.00000,0.00000,0.00000,0.00000
267.716,0.00000,0.00000,0.00000,0.00000
267.749,0.00000,0.00000,0.00000,0.00000
267.778,0.00000,0.00000,0.00000,0.00000
267.810,0.00000,0.00000,0.00000,0.00000
267.841,0.00000,0.00000,0.00000,0.00000
267.872,0.00000,0.00000,0.00000,0.00000
267.903,0.00000,0.00000,0.00000,0.00000
267.934,0.00000,0.00000,0.40489,0.28187
267.966,0.00000,0.00000,0.69895,0.58109
267.997,0.00000,0.00000,0.86935,0.73642
268.028,0.00000,0.00000,1.00000,1.00000
268.059,0.00000,0.00000,1.00000,1.00000
268.090,0.00000,0.00000,1.00000,1.00000
268.121,0.00000,0.00000,1.00000,1.00000
268.152,0.00000,0.00000,1.00000,1.00000
268.183,0.00000,0.00000,1.00000,1.00000
268.214,0.00000,0.00000,1.00000,1.00000
268.245,0.00000,0.00000,1.00000,1.00000
268.277,0.00000,0.00000,1.00000,1.00000
268.309,0.00000,0.00000,1.00000,1.00000
268.340,0.00000,0.00000,1.00000,1.00000
268.371,0.00000,0.00000,1.00000,1.00000
268.403,0.00000,0.00000,0.92576,0.87614
268.433,0.00000,0.00000,1.00000,0.87614
268.464,0.00000,0.00000,1.00000,0.82102
268.496,0.00000,0.00000,1.00000,0.82102
268.527,0.00000,0.00000,1.00000,0.86415
268.559,0.00000,0.00000,1.00000,0.86415
268.590,0.00000,0.00000,1.00000,0.86415
268.621,0.00000,0.00000,1.00000,0.86963
268.653,0.00000,0.00000,1.00000,0.89112
268.683,0.00000,0.00000,1.00000,1.00000
268.714,0.00000,0.00000,1.00000,1.00000
268.746,0.00000,0.00000,1.00000,1.00000
268.777,0.00000,0.00000,1.00000,0.90681
268.808,0.00000,0.00000,1.00000,0.90681
268.839,0.00000,0.00000,1.00000,0.90681
268.870,0.00000,0.00000,1.00000,0.88587
268.901,0.00000,0.00000,1.00000,0.88587
268.932,0.00000,0.00000,1.00000,0.86108
268.963,0.00000,0.00000,0.17536,0.23184
268.994,0.00000,0.00000,0.17536,0.23184
269.026,0.00000,0.00000,0.17536,0.23184
269.057,0.00000,0.00000,0.17536,0.23184
269.087,0.00000,0.00000,0.05275,0.07173
269.119,0.00000,0.00000,0.03225,0.04582
269.149,0.00000,0.00000,0.03225,0.04582
269.181,0.00000,0.00000,0.03225,0.04582
269.212,0.00000,0.00000,0.03598,0.05404
269.243,0.00000,0.00000,0.03598,0.05404
269.274,0.00000,0.00000,0.03598,0.05404
269.306,0.00000,0.00000,0.01378,0.02284
269.337,0.00000,0.00000,0.01378,0.02284
269.383,0.00000,0.00000,0.00263,0.00475
269.429,0.00000,0.00000,0.01471,0.02853
269.476,0.00000,0.00000,0.01471,0.02853
269.507,0.00000,0.00000,0.00283,0.00547
269.537,0.00000,0.00000,0.00065,0.00126
269.569,0.00000,0.00000,0.00037,0.00069
269.600,0.00000,0.00000,0.00037,0.00069
269.631,0.00000,0.00000,0.00029,0.00053
269.663,0.00000,0.00000,0.00010,0.00018
269.694,0.00000,0.00000,0.00005,0.00008
269.725,0.00000,0.00000,0.00005,0.00008
269.756,0.00000,0.00000,0.00005,0.00008
269.788,0.00000,0.00000,0.00004,0.00006
269.819,0.00000,0.00000,0.00000,0.00000
269.849,0.00000,0.00000,0.00000,0.00000
269.880,0.00000,0.00000,0.00000,0.00000
269.912,0.00000,0.00000,0.00000,0.00000
269.943,0.00000,0.00000,0.00000,0.00000
269.974,0.00000,0.00000,0.00000,0.00000
270.006,0.00000,0.00000,0.00000,0.00000
270.037,0.00000,0.00000,0.00000,0.00000
270.069,0.00000,0.00000,0.00000,0.00000
270.100,0.00000,0.00000,0.00000,0.00000
270.132,0.00000,0.00000,0.00000,0.00000
270.163,0.00000,0.00000,0.00000,0.00000
270.210,0.00000,0.00000,0.00000,0.00000
270.241,0.00000,0.00000,0.01167,0.00848
270.274,0.00000,0.00000,0.06624,0.06273
270.320,0.00000,0.00000,0.11199,0.10904
270.366,0.00000,0.00000,0.15768,0.15532
270.397,0.00000,0.00000,0.17991,0.17782
270.428,0.00000,0.00000,0.19828,0.19668
270.459,0.00000,0.00000,0.21339,0.21201
270.491,0.00000,0.00000,0.22562,0.22457
270.522,0.00000,0.00000,0.23499,0.23692
270.553,0.00000,0.00000,0.23792,0.23692
270.584,0.00000,0.00000,0.23792,0.23692
270.616,0.00000,0.00000,0.23792,0.23692
270.647,0.00000,0.00000,0.22391,0.21849
270.678,0.00000,0.00000,0.19963,0.19362
270.709,0.00000,0.00000,0.17304,0.16665
270.740,0.00000,0.00000,0.14489,0.13817
270.772,0.00000,0.00000,0.11574,0.09905
270.802,0.00000,0.00000,0.07620,0.06932
270.833,0.00000,0.00000,0.04638,0.03955
270.865,0.00000,0.00000,0.01655,0.01007
270.896,0.00000,0.00000,0.00000,0.00000
270.927,0.00000,0.00000,0.00000,0.00000
270.958,0.00000,0.00000,0.00000,0.00000
270.989,0.00000,0.00000,0.00000,0.00000
271.020,0.00000,0.00000,0.00000,0.00000
271.052,0.00000,0.00000,0.04495,0.03979
271.082,0.00000,0.00000,0.10432,0.10094
271.113,0.00000,0.00000,0.14403,0.13484
271.144,0.00000,0.00000,0.18009,0.17289
271.174,0.00000,0.00000,0.22778,0.21116
271.205,0.00000,0.00000,0.22778,0.21116
271.236,0.00000,0.00000,0.22778,0.21116
271.267,0.00000,0.00000,0.22778,0.17993
271.299,0.00000,0.00000,0.15214,0.14277
271.330,0.00000,0.00000,0.14005,0.11331
271.361,0.00000,0.00000,0.14005,0.11331
271.392,0.00000,0.00000,0.14005,0.11331
271.423,0.00000,0.00000,0.05644,0.05644
271.453,0.00000,0.00000,0.04663,0.04663
271.485,0.00000,0.00000,0.07049,0.07049
271.515,0.00000,0.00000,0.07049,0.07049
271.546,0.00000,0.00000,0.07049,0.07049
271.577,0.00000,0.00000,0.06488,0.06489
271.608,0.00000,0.00000,0.05899,0.05899
271.639,0.00000,0.00000,0.05774,0.05774
271.671,0.00000,0.00000,0.05135,0.05134
271.702,0.00000,0.00000,0.02170,0.02170
271.733,0.00000,0.00000,0.01176,0.01176
271.765,0.00000,0.00000,0.00000,0.00000
271.795,0.00000,0.00000,0.00000,0.00000
271.826,0.00000,0.00000,0.00000,0.00000
271.857,0.00000,0.00000,0.00000,0.00000
271.889,0.00000,0.00000,0.00000,0.00000
271.920,0.00000,0.00000,0.00000,0.00000
271.952,0.00000,0.00000,0.00000,0.00000
271.983,0.00000,0.00000,0.00000,0.00000
272.013,0.00000,0.00000,0.00000,0.00000
272.044,0.00000,0.00000,0.00000,0.00000
272.079,0.00000,0.00000,0.00000,0.00000
272.112,0.00000,0.00000,0.00000,0.00000
272.139,0.00000,0.00000,0.00000,0.00000
272.171,0.00000,0.00000,0.00000,0.00000
272.201,0.00000,0.00000,0.00000,0.00000
272.232,0.00000,0.00000,0.00000,0.00000
272.263,0.00000,0.00000,0.00000,0.00000
272.294,0.00000,0.00000,0.00000,0.00000
272.326,0.00000,0.00000,0.00000,0.00000
272.357,0.00000,0.00000,0.00000,0.00000
272.388,0.00000,0.00000,0.00000,0.00000
272.419,0.00000,0.00000,0.00000,0.00000
272.451,0.00000,0.00000,0.00000,0.00000
272.482,0.00000,0.00000,0.00000,0.00000
272.513,0.00000,0.00000,0.00000,0.00000
272.543,0.00000,0.00000,0.00000,0.00000
272.575,0.00000,0.00000,0.00000,0.00000
272.606,0.00000,0.00000,0.00000,0.00000
272.637,0.00000,0.00000,0.00000,0.00000
272.669,0.00000,0.00000,0.00000,0.00000
272.700,0.00000,0.00000,0.24709,0.24556
272.732,0.00000,0.00000,0.45165,0.41896
272.763,0.00000,0.00000,0.45165,0.41896
272.795,0.00000,0.00000,0.45165,0.41896
272.826,0.00000,0.00000,0.40894,0.40671
272.857,0.00000,0.00000,0.00000,0.00000
272.889,0.00000,0.00000,0.00000,0.00000
272.920,0.00000,0.00000,0.00000,0.00000
272.951,0.00000,0.00000,0.00000,0.00000
272.982,0.00000,0.00000,0.00000,0.00000
273.013,0.00000,0.00000,0.01784,0.01181
273.045,0.00000,0.00000,0.46532,0.31298
273.076,0.00000,0.00000,1.00000,0.79616
273.107,0.00000,0.00000,1.00000,0.90990
273.139,0.00000,0.00000,1.00000,0.90990
273.170,0.00000,0.00000,1.00000,1.00000
273.202,0.00000,0.00000,1.00000,1.00000
273.233,0.00000,0.00000,1.00000,1.00000
273.263,0.00000,0.00000,1.00000,1.00000
273.295,0.00000,0.00000,1.00000,1.00000
273.326,0.00000,0.00000,1.00000,1.00000
273.357,0.00000,0.00000,1.00000,1.00000
273.389,0.00000,0.00000,1.00000,1.00000
273.419,0.00000,0.00000,1.00000,1.00000
273.450,0.00000,0.00000,1.00000,1.00000
273.482,0.00000,0.00000,1.00000,1.00000
273.513,0.00000,0.00000,0.91899,0.83669
273.544,0.00000,0.00000,0.58991,0.53769
273.575,0.00000,0.00000,0.46461,0.42624
273.606,0.00000,0.00000,0.46461,0.42624
273.638,0.00000,0.00000,0.39026,0.36353
273.669,0.00000,0.00000,0.39026,0.36353
273.701,0.00000,0.00000,0.62518,0.55009
273.732,0.00000,0.00000,0.62518,0.55009
273.764,0.00000,0.00000,0.62518,0.55009
273.795,0.00000,0.00000,0.23487,0.20429
273.826,0.00000,0.00000,0.23487,0.20429
273.857,0.00000,0.00000,0.17403,0.14519
273.887,0.00000,0.00000,0.17454,0.14519
273.918,0.00000,0.00000,1.00000,1.00000
273.949,0.00000,0.00000,1.00000,1.00000
273.980,0.00000,0.00000,1.00000,1.00000
274.011,0.00000,0.00000,1.00000,1.00000
274.042,0.00000,0.00000,1.00000,1.00000
274.074,0.00000,0.00000,1.00000,1.00000
274.104,0.00000,0.00000,1.00000,1.00000
274.136,0.00000,0.00000,1.00000,1.00000
274.168,0.00000,0.00000,1.00000,1.00000
274.199,0.00000,0.00000,1.00000,1.00000
274.229,0.00000,0.00000,1.00000,1.00000
274.260,0.00000,0.00000,1.00000,1.00000
274.290,0.00000,0.00000,1.00000,1.00000
274.322,0.00000,0.00000,1.00000,1.00000
274.353,0.00000,0.00000,1.00000,1.00000
274.383,0.00000,0.00000,1.00000,1.00000
274.415,0.00000,0.00000,1.00000,1.00000
274.446,0.00000,0.00000,1.00000,0.80555
274.477,0.00000,0.00000,1.00000,0.65380
274.508,0.00000,0.00000,0.80001,0.60130
274.541,0.00000,0.00000,0.57628,0.54691
274.572,0.00000,0.00000,0.55032,0.54691
274.603,0.00000,0.00000,0.67037,0.65651
274.635,0.00000,0.00000,0.67037,0.65651
274.665,0.00000,0.00000,0.67037,0.65651
274.697,0.00000,0.00000,0.25990,0.24668
274.742,0.00000,0.00000,0.13155,0.11231
274.789,0.00000,0.00000,0.12877,0.11165
274.820,0.00000,0.00000,0.27140,0.24316
274.866,0.00000,0.00000,0.27140,0.24316
274.897,0.00000,0.00000,0.22531,0.20172
274.929,0.00000,0.00000,0.11981,0.10770
274.960,0.00000,0.00000,0.08025,0.07341
274.990,0.00000,0.00000,0.12965,0.11578
275.022,0.00000,0.00000,0.19085,0.16725
275.053,0.00000,0.00000,0.19085,0.16725
275.084,0.00000,0.00000,0.19085,0.16725
275.116,0.00000,0.00000,0.15947,0.15399
275.146,0.00000,0.00000,0.14652,0.14328
275.177,0.00000,0.00000,0.14428,0.13926
275.209,0.00000,0.00000,0.10209,0.10794
275.241,0.00000,0.00000,0.06974,0.07157
275.271,0.00000,0.00000,0.06974,0.06170
275.302,0.00000,0.00000,0.06974,0.06170
275.333,0.00000,0.00000,0.03056,0.02707
275.365,0.00000,0.00000,0.01762,0.01602
275.395,0.00000,0.00000,0.01762,0.01602
275.426,0.00000,0.00000,0.01762,0.01602
275.457,0.00000,0.00000,0.01631,0.01467
275.488,0.00000,0.00000,0.00931,0.00846
275.519,0.00000,0.00000,0.00931,0.00846
275.550,0.00000,0.00000,0.00686,0.00625
275.581,0.00000,0.00000,0.04550,0.04056
275.612,0.00000,0.00000,0.04550,0.04056
275.643,0.00000,0.00000,0.04550,0.04056
275.674,0.00000,0.00000,0.00519,0.00461
275.705,0.00000,0.00000,0.00146,0.00132
275.736,0.00000,0.00000,0.00083,0.00081
275.767,0.00000,0.00000,0.00083,0.00081
275.798,0.00000,0.00000,0.00081,0.00072
275.829,0.00000,0.00000,0.00041,0.00034
275.860,0.00000,0.00000,0.00031,0.00026
275.891,0.00000,0.00000,0.00014,0.00012
275.922,0.00000,0.00000,0.00014,0.00012
275.953,0.00000,0.00000,0.00014,0.00012
275.984,0.00000,0.00000,0.00014,0.00012
276.016,0.00000,0.00000,0.00014,0.00012
276.047,0.00000,0.00000,0.00008,0.00006
276.077,0.00000,0.00000,0.00008,0.00006
276.109,0.00000,0.00000,0.00000,0.00000
276.140,0.00000,0.00000,0.00000,0.00000
276.170,0.00000,0.00000,0.00000,0.00000
276.201,0.00000,0.00000,0.00000,0.00000
276.232,0.00000,0.00000,0.00000,0.00000
276.263,0.00000,0.00000,0.00000,0.00000
276.294,0.00000,0.00000,0.00000,0.00000
276.325,0.00000,0.00000,0.00000,0.00000
276.356,0.00000,0.00000,0.00000,0.00000
276.387,0.00000,0.00000,0.00000,0.00000
276.418,0.00000,0.00000,0.00000,0.00000
276.450,0.00000,0.00000,0.00000,0.00000
276.480,0.00000,0.00000,0.00000,0.00000
276.512,0.00000,0.00000,0.00000,0.00000
276.543,0.00000,0.00000,0.00000,0.00000
276.573,0.00000,0.00000,0.00000,0.00000
276.604,0.00000,0.00000,0.00000,0.00000
276.636,0.00000,0.00000,0.00000,0.00000
276.667,0.00000,0.00000,0.00000,0.00000
276.697,0.00000,0.00000,0.00000,0.00000
276.729,0.00000,0.00000,0.00000,0.00000
276.760,0.00000,0.00000,0.00000,0.00000
276.790,0.00000,0.00000,0.00000,0.00000
276.820,0.00000,0.00000,0.00000,0.00000
276.867,0.00000,0.00000,0.00000,0.00000
276.914,0.00000,0.00000,0.00000,0.00000
276.960,0.00000,0.00000,0.00000,0.00000
276.991,0.00000,0.00000,0.00000,0.00000
277.022,0.00000,0.00000,0.00000,0.00000
277.053,0.00000,0.00000,0.00000,0.00000
277.084,0.00000,0.00000,0.00000,0.00000
277.116,0.00000,0.00000,0.00000,0.00000
277.147,0.00000,0.00000,0.00000,0.00000
277.178,0.00000,0.00000,0.00000,0.00000
277.209,0.00000,0.00000,0.00000,0.00000
277.240,0.00000,0.00000,0.00000,0.00000
277.271,0.00000,0.00000,0.00000,0.00000
277.302,0.00000,0.00000,0.00000,0.00000
277.333,0.00000,0.00000,0.00000,0.00000
277.363,0.00000,0.00000,0.00000,0.00000
277.394,0.00000,0.00000,0.00000,0.00000
277.427,0.00000,0.00000,0.00000,0.00000
277.457,0.00000,0.00000,0.00000,0.00000
277.488,0.00000,0.00000,0.00000,0.00000
277.521,0.00000,0.00000,0.00000,0.00000
277.552,0.00000,0.00000,0.00000,0.00000
277.582,0.00000,0.00000,0.00000,0.00000
277.613,0.00000,0.00000,0.00000,0.00000
277.644,0.00000,0.00000,0.00000,0.00000
277.676,0.00000,0.00000,0.00000,0.00000
277.707,0.00000,0.00000,0.00000,0.00000
277.739,0.00000,0.00000,0.00000,0.00000
277.771,0.00000,0.00000,0.00000,0.00000
277.802,0.00000,0.00000,0.00000,0.00000
277.833,0.00000,0.00000,0.00000,0.00000
277.865,0.00000,0.00000,0.00000,0.00000
277.896,0.00000,0.00000,0.00000,0.00000
277.927,0.00000,0.00000,0.00000,0.00000
277.958,0.00000,0.00000,0.00000,0.00000
277.989,0.00000,0.00000,0.00000,0.00000
278.021,0.00000,0.00000,0.00000,0.00000
278.052,0.00000,0.00000,0.00000,0.00000
278.083,0.00000,0.00000,0.00000,0.00000
278.115,0.00000,0.00000,0.00000,0.00000
278.146,0.00000,0.00000,0.00000,0.00000
278.177,0.00000,0.00000,0.00000,0.00000
278.207,0.00000,0.00000,0.00000,0.00000
278.239,0.00000,0.00000,0.00000,0.00000
278.270,0.00000,0.00000,0.00000,0.00000
278.301,0.00000,0.00000,0.00000,0.00000
278.333,0.00000,0.00000,0.00000,0.00000
278.365,0.00000,0.00000,0.00000,0.00000
278.396,0.00000,0.00000,0.00000,0.00000
278.427,0.00000,0.00000,0.00000,0.00000
278.459,0.00000,0.00000,0.00000,0.00000
278.490,0.00000,0.00000,0.00000,0.00000
278.521,0.00000,0.00000,0.00000,0.00000
278.553,0.00000,0.00000,0.00000,0.00000
278.583,0.00000,0.00000,0.00000,0.00000
278.615,0.00000,0.00000,0.00000,0.00000
278.646,0.00000,0.00000,0.00000,0.00000
278.678,0.00000,0.00000,0.00000,0.00000
278.709,0.00000,0.00000,0.00000,0.00000
278.740,0.00000,0.00000,0.00000,0.00000
278.770,0.00000,0.00000,0.00000,0.00000
278.802,0.00000,0.00000,0.00000,0.00000
278.834,0.00000,0.00000,0.00000,0.00000
278.865,0.00000,0.00000,0.00000,0.00000
278.896,0.00000,0.00000,0.00000,0.00000
278.928,0.00000,0.00000,0.00000,0.00000
278.959,0.00000,0.00000,0.00000,0.00000
278.990,0.00000,0.00000,0.00000,0.00000
279.021,0.00000,0.00000,0.00000,0.00000
279.052,0.00000,0.00000,0.00000,0.00000
279.083,0.00000,0.00000,0.00000,0.00000
279.115,0.00000,0.00000,0.00000,0.00000
279.145,0.00000,0.00000,0.00000,0.00000
279.176,0.00000,0.00000,0.00000,0.00000
279.207,0.00000,0.00000,0.00000,0.00000
279.238,0.00000,0.00000,0.00000,0.00000
279.268,0.00000,0.00000,0.00000,0.00000
279.300,0.00000,0.00000,0.00000,0.00000
279.331,0.00000,0.00000,0.00000,0.00000
279.361,0.00000,0.00000,0.00000,0.00000
279.392,0.00000,0.00000,0.00000,0.00000
279.423,0.00000,0.00000,0.00000,0.00000
279.455,0.00000,0.00000,0.00000,0.00000
279.486,0.00000,0.00000,0.00000,0.00000
279.517,0.00000,0.00000,0.00000,0.00000
279.549,0.00000,0.00000,0.00000,0.00000
279.580,0.00000,0.00000,0.00000,0.00000
279.611,0.00000,0.00000,0.00000,0.00000
279.643,0.00000,0.00000,0.00000,0.00000
279.675,0.00000,0.00000,0.00000,0.00000
279.706,0.00000,0.00000,0.00000,0.00000
279.737,0.00000,0.00000,0.00000,0.00000
279.769,0.00000,0.00000,0.00000,0.00000
279.800,0.00000,0.00000,0.00000,0.00000
279.832,0.00000,0.00000,0.00000,0.00000
279.863,0.00000,0.00000,0.00000,0.00000
279.894,0.00000,0.00000,0.00000,0.00000
279.925,0.00000,0.00000,0.00000,0.00000
279.956,0.00000,0.00000,0.00000,0.00000
279.988,0.00000,0.00000,0.00000,0.00000
280.019,0.00000,0.00000,0.00000,0.00000
280.050,0.00000,0.00000,0.00000,0.00000
280.082,0.00000,0.00000,0.00000,0.00000
280.112,0.00000,0.00000,0.00000,0.00000
280.143,0.00000,0.00000,0.00000,0.00000
280.174,0.00000,0.00000,0.00000,0.00000
280.206,0.00000,0.00000,0.00000,0.00000
280.238,0.00000,0.00000,0.00000,0.00000
280.269,0.00000,0.00000,0.00000,0.00000
280.299,0.00000,0.00000,0.00000,0.00000
280.331,0.00000,0.00000,0.00000,0.00000
280.362,0.00000,0.00000,0.00000,0.00000
280.393,0.00000,0.00000,0.00000,0.00000
280.424,0.00000,0.00000,0.00000,0.00000
280.457,0.00000,0.00000,0.00000,0.00000
280.487,0.00000,0.00000,0.00000,0.00000
280.518,0.00000,0.00000,0.00000,0.00000
280.549,0.00000,0.00000,0.00000,0.00000
280.581,0.00000,0.00000,0.00000,0.00000
280.612,0.00000,0.00000,0.00000,0.00000
280.643,0.00000,0.00000,0.00000,0.00000
280.675,0.00000,0.00000,0.00000,0.00000
280.705,0.00000,0.00000,0.00000,0.00000
280.736,0.00000,0.00000,0.00000,0.00000
280.767,0.00000,0.00000,0.00000,0.00000
280.797,0.00000,0.00000,0.00000,0.00000
280.829,0.00000,0.00000,0.00000,0.00000
280.860,0.00000,0.00000,0.00000,0.00000
280.892,0.00000,0.00000,0.00000,0.00000
280.922,0.00000,0.00000,0.00000,0.00000
280.953,0.00000,0.00000,0.00000,0.00000
280.984,0.00000,0.00000,0.00000,0.00000
281.015,0.00000,0.00000,0.00000,0.00000
281.046,0.00000,0.00000,0.00000,0.00000
281.077,0.00000,0.00000,0.00000,0.00000
281.109,0.00000,0.00000,0.00000,0.00000
281.140,0.00000,0.00000,0.00000,0.00000
281.171,0.00000,0.00000,0.00000,0.00000
281.202,0.00000,0.00000,0.00000,0.00000
281.234,0.00000,0.00000,0.00000,0.00000
281.265,0.00000,0.00000,0.00000,0.00000
281.296,0.00000,0.00000,0.00000,0.00000
281.327,0.00000,0.00000,0.00000,0.00000
281.359,0.00000,0.00000,0.00000,0.00000
281.389,0.00000,0.00000,0.00000,0.00000
281.421,0.00000,0.00000,0.00000,0.00000
281.451,0.00000,0.00000,0.00000,0.00000
281.484,0.00000,0.00000,0.00000,0.00000
281.514,0.00000,0.00000,0.00000,0.00000
281.544,0.00000,0.00000,0.00000,0.00000
281.576,0.00000,0.00000,0.00000,0.00000
281.607,0.00000,0.00000,0.00000,0.00000
281.638,0.00000,0.00000,0.00000,0.00000
281.669,0.00000,0.00000,0.00000,0.00000
281.700,0.00000,0.00000,0.00000,0.00000
281.731,0.00000,0.00000,0.00000,0.00000
281.764,0.00000,0.00000,0.00000,0.00000
281.795,0.00000,0.00000,0.00000,0.00000
281.826,0.00000,0.00000,0.00000,0.00000
281.857,0.00000,0.00000,0.00000,0.00000
281.888,0.00000,0.00000,0.00000,0.00000
281.919,0.00000,0.00000,0.00000,0.00000
281.951,0.00000,0.00000,0.00000,0.00000
281.982,0.00000,0.00000,0.00000,0.00000
282.013,0.00000,0.00000,0.00000,0.00000
282.044,0.00000,0.00000,0.00000,0.00000
282.074,0.00000,0.00000,0.00000,0.00000
282.106,0.00000,0.00000,0.00000,0.00000
282.137,0.00000,0.00000,0.00000,0.00000
282.170,0.00000,0.00000,0.00000,0.00000
282.201,0.00000,0.00000,0.00000,0.00000
282.232,0.00000,0.00000,0.00000,0.00000
282.263,0.00000,0.00000,0.00000,0.00000
282.294,0.00000,0.00000,0.00000,0.00000
282.325,0.00000,0.00000,0.00000,0.00000
282.356,0.00000,0.00000,0.00000,0.00000
282.387,0.00000,0.00000,0.00000,0.00000
282.418,0.00000,0.00000,0.00000,0.00000
282.448,0.00000,0.00000,0.00000,0.00000
282.479,0.00000,0.00000,0.00000,0.00000
282.511,0.00000,0.00000,0.00000,0.00000
282.542,0.00000,0.00000,0.00000,0.00000
282.572,0.00000,0.00000,0.00000,0.00000
282.604,0.00000,0.00000,0.00000,0.00000
282.635,0.00000,0.00000,0.00000,0.00000
282.666,0.00000,0.00000,0.00000,0.00000
282.697,0.00000,0.00000,0.00000,0.00000
282.728,0.00000,0.00000,0.00000,0.00000
282.760,0.00000,0.00000,0.00000,0.00000
282.791,0.00000,0.00000,0.00000,0.00000
282.822,0.00000,0.00000,0.00000,0.00000
282.854,0.00000,0.00000,0.00000,0.00000
282.885,0.00000,0.00000,0.00000,0.00000
282.916,0.00000,0.00000,0.00000,0.00000
282.947,0.00000,0.00000,0.00000,0.00000
282.978,0.00000,0.00000,0.00000,0.00000
283.008,0.00000,0.00000,0.00000,0.00000
283.059,0.00000,0.00000,0.00000,0.00000
283.101,0.00000,0.00000,0.00000,0.00000
283.131,0.00000,0.00000,0.00000,0.00000
283.162,0.00000,0.00000,0.00000,0.00000
283.193,0.00000,0.00000,0.00000,0.00000
283.225,0.00000,0.00000,0.00000,0.00000
283.256,0.00000,0.00000,0.00000,0.00000
283.287,0.00000,0.00000,0.00000,0.00000
283.319,0.00000,0.00000,0.00000,0.00000
283.351,0.00000,0.00000,0.00000,0.00000
283.381,0.00000,0.00000,0.00000,0.00000
283.412,0.00000,0.00000,0.00000,0.00000
283.442,0.00000,0.00000,0.00000,0.00000
283.473,0.00000,0.00000,0.00000,0.00000
283.504,0.00000,0.00000,0.00000,0.00000
283.536,0.00000,0.00000,0.00000,0.00000
283.567,0.00000,0.00000,0.00000,0.00000
283.598,0.00000,0.00000,0.00000,0.00000
283.629,0.00000,0.00000,0.00000,0.00000
283.660,0.00000,0.00000,0.00000,0.00000
283.692,0.00000,0.00000,0.00000,0.00000
283.723,0.00000,0.00000,0.00000,0.00000
283.754,0.00000,0.00000,0.00000,0.00000
283.785,0.00000,0.00000,0.00000,0.00000
283.816,0.00000,0.00000,0.00000,0.00000
283.847,0.00000,0.00000,0.00000,0.00000
283.878,0.00000,0.00000,0.00000,0.00000
283.909,0.00000,0.00000,0.00000,0.00000
283.940,0.00000,0.00000,0.00000,0.00000
283.972,0.00000,0.00000,0.00000,0.00000
284.003,0.00000,0.00000,0.00000,0.00000
284.035,0.00000,0.00000,0.00000,0.00000
284.066,0.00000,0.00000,0.00000,0.00000
284.098,0.00000,0.00000,0.00000,0.00000
284.129,0.00000,0.00000,0.00000,0.00000
284.160,0.00000,0.00000,0.00000,0.00000
284.191,0.00000,0.00000,0.00000,0.00000
284.222,0.00000,0.00000,0.00000,0.00000
284.253,0.00000,0.00000,0.00000,0.00000
284.285,0.00000,0.00000,0.00000,0.00000
284.316,0.00000,0.00000,0.00000,0.00000
284.347,0.00000,0.00000,0.00000,0.00000
284.378,0.00000,0.00000,0.00000,0.00000
284.409,0.00000,0.00000,0.00000,0.00000
284.440,0.00000,0.00000,0.00000,0.00000
284.472,0.00000,0.00000,0.00000,0.00000
284.504,0.00000,0.00000,0.00000,0.00000
284.534,0.00000,0.00000,0.00000,0.00000
284.565,0.00000,0.00000,0.00000,0.00000
284.596,0.00000,0.00000,0.00000,0.00000
284.628,0.00000,0.00000,0.00000,0.00000
284.659,0.00000,0.00000,0.00000,0.00000
284.690,0.00000,0.00000,0.00000,0.00000
284.722,0.00000,0.00000,0.00000,0.00000
284.752,0.00000,0.00000,0.00000,0.00000
284.783,0.00000,0.00000,0.00000,0.00000
284.815,0.00000,0.00000,0.00000,0.00000
284.845,0.00000,0.00000,0.00000,0.00000
284.877,0.00000,0.00000,0.00000,0.00000
284.907,0.00000,0.00000,0.00000,0.00000
284.937,0.00000,0.00000,0.00000,0.00000
284.969,0.00000,0.00000,0.00000,0.00000
285.001,0.00000,0.00000,0.00000,0.00000
285.032,0.00000,0.00000,0.00000,0.00000
285.063,0.00000,0.00000,0.00000,0.00000
285.095,0.00000,0.00000,0.00000,0.00000
285.126,0.00000,0.00000,0.00000,0.00000
285.157,0.00000,0.00000,0.00000,0.00000
285.188,0.00000,0.00000,0.00000,0.00000
285.218,0.00000,0.00000,0.00000,0.00000
285.250,0.00000,0.00000,0.00000,0.00000
285.282,0.00000,0.00000,0.00000,0.00000
285.312,0.00000,0.00000,0.00000,0.00000
285.343,0.00000,0.00000,0.00000,0.00000
285.374,0.00000,0.00000,0.00000,0.00000
285.405,0.00000,0.00000,0.00000,0.00000
285.436,0.00000,0.00000,0.00000,0.00000
285.468,0.00000,0.00000,0.00000,0.00000
285.499,0.00000,0.00000,0.00000,0.00000
285.530,0.00000,0.00000,0.00000,0.00000
285.561,0.00000,0.00000,0.00000,0.00000
285.592,0.00000,0.00000,0.00000,0.00000
285.624,0.00000,0.00000,0.00000,0.00000
285.654,0.00000,0.00000,0.00000,0.00000
285.686,0.00000,0.00000,0.00000,0.00000
285.717,0.00000,0.00000,0.00000,0.00000
285.748,0.00000,0.00000,0.00000,0.00000
285.781,0.00000,0.00000,0.00000,0.00000
285.812,0.00000,0.00000,0.00000,0.00000
285.843,0.00000,0.00000,0.00000,0.00000
285.874,0.00000,0.00000,0.00000,0.00000
285.906,0.00000,0.00000,0.00000,0.00000
285.938,0.00000,0.00000,0.00000,0.00000
285.969,0.00000,0.00000,0.00000,0.00000
286.001,0.00000,0.00000,0.00000,0.00000
286.032,0.00000,0.00000,0.00000,0.00000
286.063,0.00000,0.00000,0.00000,0.00000
286.094,0.00000,0.00000,0.00000,0.00000
286.125,0.00000,0.00000,0.00000,0.00000
286.155,0.00000,0.00000,0.00000,0.00000
286.186,0.00000,0.00000,0.00000,0.00000
286.217,0.00000,0.00000,0.00000,0.00000
286.248,0.00000,0.00000,0.00000,0.00000
286.280,0.00000,0.00000,0.00000,0.00000
286.312,0.00000,0.00000,0.00000,0.00000
286.343,0.00000,0.00000,0.00000,0.00000
286.374,0.00000,0.00000,0.00000,0.00000
286.404,0.00000,0.00000,0.00000,0.00000
286.435,0.00000,0.00000,0.00000,0.00000
286.466,0.00000,0.00000,0.00000,0.00000
286.497,0.00000,0.00000,0.00000,0.00000
286.528,0.00000,0.00000,0.00000,0.00000
286.560,0.00000,0.00000,0.00000,0.00000
286.590,0.00000,0.00000,0.00000,0.00000
286.622,0.00000,0.00000,0.00000,0.00000
286.653,0.00000,0.00000,0.00000,0.00000
286.684,0.00000,0.00000,0.00000,0.00000
286.715,0.00000,0.00000,0.00000,0.00000
286.746,0.00000,0.00000,0.00000,0.00000
286.777,0.00000,0.00000,0.00000,0.00000
286.808,0.00000,0.00000,0.00000,0.00000
286.839,0.00000,0.00000,0.00000,0.00000
286.870,0.00000,0.00000,0.00000,0.00000
286.902,0.00000,0.00000,0.00000,0.00000
286.933,0.00000,0.00000,0.00000,0.00000
286.964,0.00000,0.00000,0.00000,0.00000
286.995,0.00000,0.00000,0.00000,0.00000
287.026,0.00000,0.00000,0.00000,0.00000
287.057,0.00000,0.00000,0.00000,0.00000
287.090,0.00000,0.00000,0.00000,0.00000
287.121,0.00000,0.00000,0.00000,0.00000
287.152,0.00000,0.00000,0.00000,0.00000
287.183,0.00000,0.00000,0.00000,0.00000
287.214,0.00000,0.00000,0.00000,0.00000
287.245,0.00000,0.00000,0.00000,0.00000
287.276,0.00000,0.00000,0.00000,0.00000
287.308,0.00000,0.00000,0.00000,0.00000
287.339,0.00000,0.00000,0.00000,0.00000
287.371,0.00000,0.00000,0.00000,0.00000
287.401,0.00000,0.00000,0.00000,0.00000
287.433,0.00000,0.00000,0.00000,0.00000
287.464,0.00000,0.00000,0.00000,0.00000
287.495,0.00000,0.00000,0.00000,0.00000
287.525,0.00000,0.00000,0.00000,0.00000
287.556,0.00000,0.00000,0.00000,0.00000
287.587,0.00000,0.00000,0.00000,0.00000
287.619,0.00000,0.00000,0.00000,0.00000
287.651,0.00000,0.00000,0.00000,0.00000
287.682,0.00000,0.00000,0.00000,0.00000
287.714,0.00000,0.00000,0.00000,0.00000
287.745,0.00000,0.00000,0.00000,0.00000
287.776,0.00000,0.00000,0.00000,0.00000
287.807,0.00000,0.00000,0.00000,0.00000
287.838,0.00000,0.00000,0.00000,0.00000
287.869,0.00000,0.00000,0.00000,0.00000
287.901,0.00000,0.00000,0.00000,0.00000
287.932,0.00000,0.00000,0.00000,0.00000
287.963,0.00000,0.00000,0.00000,0.00000
287.994,0.00000,0.00000,0.00000,0.00000
288.025,0.00000,0.00000,0.00000,0.00000
288.055,0.00000,0.00000,0.00000,0.00000
288.087,0.00000,0.00000,0.00000,0.00000
288.118,0.00000,0.00000,0.00000,0.00000
288.149,0.00000,0.00000,0.00000,0.00000
288.180,0.00000,0.00000,0.00000,0.00000
288.212,0.00000,0.00000,0.00000,0.00000
288.244,0.00000,0.00000,0.00000,0.00000
288.276,0.00000,0.00000,0.00000,0.00000
288.306,0.00000,0.00000,0.00000,0.00000
288.338,0.00000,0.00000,0.00000,0.00000
288.369,0.00000,0.00000,0.00000,0.00000
288.400,0.00000,0.00000,0.00000,0.00000
288.432,0.00000,0.00000,0.00000,0.00000
288.462,0.00000,0.00000,0.00000,0.00000
288.493,0.00000,0.00000,0.00000,0.00000
288.525,0.00000,0.00000,0.00000,0.00000
288.556,0.00000,0.00000,0.00000,0.00000
288.587,0.00000,0.00000,0.00000,0.00000
288.619,0.00000,0.00000,0.00000,0.00000
288.651,0.00000,0.00000,0.00000,0.00000
288.682,0.00000,0.00000,0.00000,0.00000
288.712,0.00000,0.00000,0.00000,0.00000
288.744,0.00000,0.00000,0.00000,0.00000
288.775,0.00000,0.00000,0.00000,0.00000
288.806,0.00000,0.00000,0.00000,0.00000
288.838,0.00000,0.00000,0.00000,0.00000
288.869,0.00000,0.00000,0.00000,0.00000
288.900,0.00000,0.00000,0.00000,0.00000
288.931,0.00000,0.00000,0.00000,0.00000
288.962,0.00000,0.00000,0.00000,0.00000
288.993,0.00000,0.00000,0.00000,0.00000
289.025,0.00000,0.00000,0.00000,0.00000
289.056,0.00000,0.00000,0.00000,0.00000
289.088,0.00000,0.00000,0.00000,0.00000
289.119,0.00000,0.00000,0.00000,0.00000
289.149,0.00000,0.00000,0.00000,0.00000
289.180,0.00000,0.00000,0.00000,0.00000
289.212,0.00000,0.00000,0.00000,0.00000
289.244,0.00000,0.00000,0.00000,0.00000
289.274,0.00000,0.00000,0.00000,0.00000
289.321,0.00000,0.00000,0.00000,0.00000
289.352,0.00000,0.00000,0.00000,0.00000
289.383,0.00000,0.00000,0.00000,0.00000
289.415,0.00000,0.00000,0.00000,0.00000
289.446,0.00000,0.00000,0.00000,0.00000
289.478,0.00000,0.00000,0.00000,0.00000
289.509,0.00000,0.00000,0.00000,0.00000
289.539,0.00000,0.00000,0.00000,0.00000
289.571,0.00000,0.00000,0.00000,0.00000
289.602,0.00000,0.00000,0.00000,0.00000
289.648,0.00000,0.00000,0.00000,0.00000
289.695,0.00000,0.00000,0.00000,0.00000
289.742,0.00000,0.00000,0.00000,0.00000
289.773,0.00000,0.00000,0.00000,0.00000
289.819,0.00000,0.00000,0.00000,0.00000
289.851,0.00000,0.00000,0.00000,0.00000
289.882,0.00000,0.00000,0.00000,0.00000
289.913,0.00000,0.00000,0.00000,0.00000
289.944,0.00000,0.00000,0.00000,0.00000
289.975,0.00000,0.00000,0.00000,0.00000
290.006,0.00000,0.00000,0.00000,0.00000
290.037,0.00000,0.00000,0.00000,0.00000
290.069,0.00000,0.00000,0.00000,0.00000
290.100,0.00000,0.00000,0.00000,0.00000
290.132,0.00000,0.00000,0.00000,0.00000
290.163,0.00000,0.00000,0.00000,0.00000
290.195,0.00000,0.00000,0.00000,0.00000
290.242,0.00000,0.00000,0.00000,0.00000
290.273,0.00000,0.00000,0.00000,0.00000
290.320,0.00000,0.00000,0.00000,0.00000
290.367,0.00000,0.00000,0.00000,0.00000
290.413,0.00000,0.00000,0.00000,0.00000
290.444,0.00000,0.00000,0.00000,0.00000
290.475,0.00000,0.00000,0.00000,0.00000
290.506,0.00000,0.00000,0.00000,0.00000
290.538,0.00000,0.00000,0.00000,0.00000
290.569,0.00000,0.00000,0.00000,0.00000
290.600,0.00000,0.00000,0.00000,0.00000
290.632,0.00000,0.00000,0.00000,0.00000
290.663,0.00000,0.00000,0.00000,0.00000
290.694,0.00000,0.00000,0.00000,0.00000
290.725,0.00000,0.00000,0.00000,0.00000
290.757,0.00000,0.00000,0.00000,0.00000
290.788,0.00000,0.00000,0.00000,0.00000
290.819,0.00000,0.00000,0.00000,0.00000
290.851,0.00000,0.00000,0.00000,0.00000
290.882,0.00000,0.00000,0.00000,0.00000
290.912,0.00000,0.00000,0.00000,0.00000
290.943,0.00000,0.00000,0.00000,0.00000
290.974,0.00000,0.00000,0.00000,0.00000
291.006,0.00000,0.00000,0.00000,0.00000
291.037,0.00000,0.00000,0.00000,0.00000
291.069,0.00000,0.00000,0.00000,0.00000
291.100,0.00000,0.00000,0.00000,0.00000
291.132,0.00000,0.00000,0.00000,0.00000
291.164,0.00000,0.00000,0.00000,0.00000
291.211,0.00000,0.00000,0.00000,0.00000
291.258,0.00000,0.00000,0.00000,0.00000
291.289,0.00000,0.00000,0.00000,0.00000
291.320,0.00000,0.00000,0.00000,0.00000
291.367,0.00000,0.00000,0.00000,0.00000
291.414,0.00000,0.00000,0.00000,0.00000
291.446,0.00000,0.00000,0.00000,0.00000
291.492,0.00000,0.00000,0.00000,0.00000
291.539,0.00000,0.00000,0.00000,0.00000
291.586,0.00000,0.00000,0.00000,0.00000
291.633,0.00000,0.00000,0.00000,0.00000
291.664,0.00000,0.00000,0.00000,0.00000
291.696,0.00000,0.00000,0.00000,0.00000
291.727,0.00000,0.00000,0.00000,0.00000
291.759,0.00000,0.00000,0.00000,0.00000
291.790,0.00000,0.00000,0.00000,0.00000
291.821,0.00000,0.00000,0.00000,0.00000
291.852,0.00000,0.00000,0.00000,0.00000
291.883,0.00000,0.00000,0.00000,0.00000
291.915,0.00000,0.00000,0.00000,0.00000
291.946,0.00000,0.00000,0.00000,0.00000
291.977,0.00000,0.00000,0.00000,0.00000
292.009,0.00000,0.00000,0.00000,0.00000
292.041,0.00000,0.00000,0.00000,0.00000
292.072,0.00000,0.00000,0.00000,0.00000
292.102,0.00000,0.00000,0.00000,0.00000
292.148,0.00000,0.00000,0.00000,0.00000
292.195,0.00000,0.00000,0.00000,0.00000
292.226,0.00000,0.00000,0.00000,0.00000
292.257,0.00000,0.00000,0.00000,0.00000
292.303,0.00000,0.00000,0.00000,0.00000
292.335,0.00000,0.00000,0.00000,0.00000
292.366,0.00000,0.00000,0.00000,0.00000
292.397,0.00000,0.00000,0.00000,0.00000
292.429,0.00000,0.00000,0.00000,0.00000
292.460,0.00000,0.00000,0.00000,0.00000
292.491,0.00000,0.00000,0.00000,0.00000
292.522,0.00000,0.00000,0.00000,0.00000
292.553,0.00000,0.00000,0.00000,0.00000
292.584,0.00000,0.00000,0.00000,0.00000
292.615,0.00000,0.00000,0.00000,0.00000
292.647,0.00000,0.00000,0.00000,0.00000
292.677,0.00000,0.00000,0.00000,0.00000
292.709,0.00000,0.00000,0.00000,0.00000
292.741,0.00000,0.00000,0.00000,0.00000
292.772,0.00000,0.00000,0.00000,0.00000
292.803,0.00000,0.00000,0.00000,0.00000
292.834,0.00000,0.00000,0.00000,0.00000
292.865,0.00000,0.00000,0.00000,0.00000
292.896,0.00000,0.00000,0.00000,0.00000
292.927,0.00000,0.00000,0.00000,0.00000
292.958,0.00000,0.00000,0.00000,0.00000
292.989,0.00000,0.00000,0.00000,0.00000
293.021,0.00000,0.00000,0.00000,0.00000
293.052,0.00000,0.00000,0.00000,0.00000
293.084,0.00000,0.00000,0.00000,0.00000
293.115,0.00000,0.00000,0.00000,0.00000
293.146,0.00000,0.00000,0.00000,0.00000
293.177,0.00000,0.00000,0.00000,0.00000
293.208,0.00000,0.00000,0.00000,0.00000
293.239,0.00000,0.00000,0.00000,0.00000
293.271,0.00000,0.00000,0.00000,0.00000
293.302,0.00000,0.00000,0.00000,0.00000
293.333,0.00000,0.00000,0.00000,0.00000
293.364,0.00000,0.00000,0.00000,0.00000
293.395,0.00000,0.00000,0.00000,0.00000
293.426,0.00000,0.00000,0.00000,0.00000
293.458,0.00000,0.00000,0.00000,0.00000
293.489,0.00000,0.00000,0.00000,0.00000
293.520,0.00000,0.00000,0.00000,0.00000
293.551,0.00000,0.00000,0.00000,0.00000
293.582,0.00000,0.00000,0.00000,0.00000
293.614,0.00000,0.00000,0.00000,0.00000
293.645,0.00000,0.00000,0.00000,0.00000
293.675,0.00000,0.00000,0.00000,0.00000
293.706,0.00000,0.00000,0.00000,0.00000
293.738,0.00000,0.00000,0.00000,0.00000
293.769,0.00000,0.00000,0.00000,0.00000
293.801,0.00000,0.00000,0.00000,0.00000
293.832,0.00000,0.00000,0.00000,0.00000
293.863,0.00000,0.00000,0.00000,0.00000
293.895,0.00000,0.00000,0.00000,0.00000
293.926,0.00000,0.00000,0.00000,0.00000
293.957,0.00000,0.00000,0.00000,0.00000
293.988,0.00000,0.00000,0.00000,0.00000
294.019,0.00000,0.00000,0.00000,0.00000
294.051,0.00000,0.00000,0.00000,0.00000
294.082,0.00000,0.00000,0.00000,0.00000
294.113,0.00000,0.00000,0.00000,0.00000
294.144,0.00000,0.00000,0.00000,0.00000
294.175,0.00000,0.00000,0.00000,0.00000
294.206,0.00000,0.00000,0.00000,0.00000
294.237,0.00000,0.00000,0.00000,0.00000
294.269,0.00000,0.00000,0.00000,0.00000
294.301,0.00000,0.00000,0.00000,0.00000
294.332,0.00000,0.00000,0.00000,0.00000
294.363,0.00000,0.00000,0.00000,0.00000
294.394,0.00000,0.00000,0.00000,0.00000
294.425,0.00000,0.00000,0.00000,0.00000
294.457,0.00000,0.00000,0.00000,0.00000
294.488,0.00000,0.00000,0.00000,0.00000
294.519,0.00000,0.00000,0.00000,0.00000
294.551,0.00000,0.00000,0.00000,0.00000
294.582,0.00000,0.00000,0.00000,0.00000
294.614,0.00000,0.00000,0.00000,0.00000
294.644,0.00000,0.00000,0.00000,0.00000
294.675,0.00000,0.00000,0.00000,0.00000
294.706,0.00000,0.00000,0.00000,0.00000
294.738,0.00000,0.00000,0.00000,0.00000
294.769,0.00000,0.00000,0.00000,0.00000
294.801,0.00000,0.00000,0.00000,0.00000
294.832,0.00000,0.00000,0.00000,0.00000
294.864,0.00000,0.00000,0.00000,0.00000
294.894,0.00000,0.00000,0.00000,0.00000
294.925,0.00000,0.00000,0.00000,0.00000
294.956,0.00000,0.00000,0.00000,0.00000
294.987,0.00000,0.00000,0.00000,0.00000
295.018,0.00000,0.00000,0.00000,0.00000
295.049,0.00000,0.00000,0.00000,0.00000
295.080,0.00000,0.00000,0.00000,0.00000
295.112,0.00000,0.00000,0.00000,0.00000
295.143,0.00000,0.00000,0.00000,0.00000
295.174,0.00000,0.00000,0.00000,0.00000
295.205,0.00000,0.00000,0.00000,0.00000
295.237,0.00000,0.00000,0.00000,0.00000
295.268,0.00000,0.00000,0.00000,0.00000
295.299,0.00000,0.00000,0.00000,0.00000
295.331,0.00000,0.00000,0.00000,0.00000
295.362,0.00000,0.00000,0.00000,0.00000
295.394,0.00000,0.00000,0.00000,0.00000
295.425,0.00000,0.00000,0.00000,0.00000
295.456,0.00000,0.00000,0.00000,0.00000
295.488,0.00000,0.00000,0.00000,0.00000
295.518,0.00000,0.00000,0.00000,0.00000
295.549,0.00000,0.00000,0.00000,0.00000
295.581,0.00000,0.00000,0.00000,0.00000
295.612,0.00000,0.00000,0.00000,0.00000
295.644,0.00000,0.00000,0.00000,0.00000
295.675,0.00000,0.00000,0.00000,0.00000
295.706,0.00000,0.00000,0.00000,0.00000
295.738,0.00000,0.00000,0.00000,0.00000
295.770,0.00000,0.00000,0.00000,0.00000
295.801,0.00000,0.00000,0.00000,0.00000
295.832,0.00000,0.00000,0.00000,0.00000
295.864,0.00000,0.00000,0.00000,0.00000
295.895,0.00000,0.00000,0.00000,0.00000
295.926,0.00000,0.00000,0.00000,0.00000
295.957,0.00000,0.00000,0.00000,0.00000
295.989,0.00000,0.00000,0.00000,0.00000
296.021,0.01319,0.02285,0.00000,0.00000
296.052,0.05830,0.10097,0.00000,0.00000
296.083,0.05847,0.10127,0.00000,0.00000
296.115,0.05847,0.10127,0.00000,0.00000
296.147,0.05847,0.10127,0.00000,0.00000
296.178,0.05305,0.09189,0.00000,0.00000
296.210,0.05120,0.08868,0.00000,0.00000
296.240,0.03912,0.06775,0.00000,0.00000
296.272,0.03566,0.06176,0.00000,0.00000
296.303,0.02265,0.03924,0.00000,0.00000
296.335,0.02265,0.03924,0.00000,0.00000
296.366,0.01316,0.02279,0.00000,0.00000
296.397,0.01195,0.02070,0.00000,0.00000
296.429,0.00806,0.01396,0.00000,0.00000
296.460,0.00965,0.01671,0.00000,0.00000
296.492,0.00965,0.01671,0.00000,0.00000
296.523,0.00965,0.01671,0.00000,0.00000
296.570,0.00288,0.00499,0.00000,0.00000
296.602,0.00226,0.00392,0.00000,0.00000
296.634,0.00155,0.00268,0.00000,0.00000
296.665,0.00166,0.00287,0.00000,0.00000
296.712,0.00166,0.00287,0.00000,0.00000
296.743,0.00166,0.00287,0.00000,0.00000
296.775,0.00138,0.00240,0.00000,0.00000
296.806,0.00115,0.00200,0.00000,0.00000
296.837,0.00103,0.00179,0.00000,0.00000
296.883,0.00087,0.00151,0.00000,0.00000
296.915,0.00077,0.00134,0.00000,0.00000
296.946,0.00077,0.00134,0.00000,0.00000
296.978,0.00064,0.00112,0.00000,0.00000
297.009,0.00064,0.00112,0.00000,0.00000
297.041,0.00056,0.00097,0.00000,0.00000
297.073,0.00048,0.00083,0.00000,0.00000
297.104,0.00043,0.00074,0.00000,0.00000
297.137,0.00035,0.00060,0.00000,0.00000
297.168,0.00035,0.00060,0.00000,0.00000
297.198,0.00023,0.00039,0.00000,0.00000
297.229,0.00023,0.00039,0.00000,0.00000
297.261,0.00022,0.00037,0.00000,0.00000
297.292,0.00015,0.00026,0.00000,0.00000
297.323,0.00013,0.00022,0.00000,0.00000
297.355,0.00009,0.00015,0.00000,0.00000
297.385,0.00008,0.00014,0.00000,0.00000
297.417,0.00006,0.00011,0.00000,0.00000
297.448,0.00004,0.00007,0.00000,0.00000
297.479,0.00003,0.00005,0.00000,0.00000
297.511,0.00002,0.00003,0.00000,0.00000
297.542,0.00001,0.00001,0.00000,0.00000
297.573,0.00000,0.00000,0.00000,0.00000
297.605,0.00000,0.00000,0.00000,0.00000
297.636,0.00000,0.00000,0.00000,0.00000
297.667,0.00000,0.00000,0.00000,0.00000
297.698,0.00000,0.00000,0.00000,0.00000
297.729,0.00000,0.00000,0.00000,0.00000
297.761,0.00000,0.00000,0.00000,0.00000
297.793,0.00000,0.00000,0.00000,0.00000
297.826,0.00000,0.00000,0.00000,0.00000
297.856,0.00000,0.00000,0.00000,0.00000
297.887,0.00000,0.00000,0.00000,0.00000
297.919,0.00000,0.00000,0.00000,0.00000
297.950,0.00000,0.00000,0.00000,0.00000
297.982,0.00000,0.00000,0.00000,0.00000
298.013,0.00000,0.00000,0.00000,0.00000
298.044,0.00000,0.00000,0.00000,0.00000
298.075,0.00000,0.00000,0.00000,0.00000
298.107,0.00000,0.00000,0.00000,0.00000
298.138,0.00000,0.00000,0.00000,0.00000
298.169,0.00000,0.00000,0.00000,0.00000
298.201,0.00000,0.00000,0.00000,0.00000
298.232,0.00000,0.00000,0.00000,0.00000
298.265,0.00000,0.00000,0.00000,0.00000
298.295,0.00000,0.00000,0.00000,0.00000
298.327,0.00000,0.00000,0.00000,0.00000
298.357,0.00000,0.00000,0.00000,0.00000
298.388,0.00000,0.00000,0.00000,0.00000
298.418,0.00000,0.00000,0.00000,0.00000
298.449,0.00000,0.00000,0.00000,0.00000
298.481,0.00000,0.00000,0.00000,0.00000
298.512,0.00000,0.00000,0.00000,0.00000
298.543,0.00000,0.00000,0.00000,0.00000
298.574,0.00000,0.00000,0.00000,0.00000
298.605,0.00000,0.00000,0.00000,0.00000
298.636,0.00000,0.00000,0.00000,0.00000
298.667,0.00000,0.00000,0.00000,0.00000
298.700,0.00000,0.00000,0.00000,0.00000
298.731,0.00000,0.00000,0.00000,0.00000
298.762,0.00000,0.00000,0.00000,0.00000
298.793,0.00000,0.00000,0.00000,0.00000
298.825,0.00000,0.00000,0.00000,0.00000
298.857,0.00000,0.00000,0.00000,0.00000
298.889,0.00000,0.00000,0.00000,0.00000
298.921,0.00000,0.00000,0.00000,0.00000
298.952,0.00000,0.00000,0.00000,0.00000
298.984,0.00000,0.00000,0.00000,0.00000
299.031,0.00000,0.00000,0.00000,0.00000
299.062,0.00000,0.00000,0.00000,0.00000
299.094,0.00000,0.00000,0.00000,0.00000
299.125,0.00000,0.00000,0.00000,0.00000
299.156,0.00000,0.00000,0.00000,0.00000
299.188,0.00000,0.00000,0.00000,0.00000
299.218,0.00000,0.00000,0.00000,0.00000
299.249,0.00000,0.00000,0.00000,0.00000
299.280,0.00000,0.00000,0.00000,0.00000
299.312,0.00000,0.00000,0.00000,0.00000
299.342,0.00000,0.00000,0.00000,0.00000
299.373,0.00000,0.00000,0.00000,0.00000
299.405,0.00000,0.00000,0.00000,0.00000
299.437,0.00000,0.00000,0.00000,0.00000
299.468,0.00000,0.00000,0.00000,0.00000
299.499,0.00000,0.00000,0.00000,0.00000
299.530,0.00000,0.00000,0.00000,0.00000
299.561,0.00000,0.00000,0.00000,0.00000
299.592,0.00000,0.00000,0.00000,0.00000
299.623,0.00000,0.00000,0.00000,0.00000
299.654,0.00000,0.00000,0.00000,0.00000
299.685,0.00000,0.00000,0.00000,0.00000
299.716,0.00000,0.00000,0.00000,0.00000
299.748,0.00000,0.00000,0.00000,0.00000
299.779,0.00000,0.00000,0.00000,0.00000
299.811,0.00000,0.00000,0.00000,0.00000
299.842,0.00000,0.00000,0.00000,0.00000
299.874,0.00000,0.00000,0.00000,0.00000
299.905,0.00000,0.00000,0.00000,0.00000
299.936,0.00000,0.00000,0.00000,0.00000
299.968,0.00000,0.00000,0.00000,0.00000
299.998,0.00000,0.00000,0.00000,0.00000
